lender,program_name,categories,mtg_broker_loan_product,mtg_broker_record_id,matrix_date,matrix_last_checked_date,min_loan_amount,max_loan_amount,min_fico,min_fico_rate_term,min_fico_cash_out,min_fico_investment,max_dti,max_dti_manual_uw,min_dscr,max_ltv_purchase,max_ltv_rate_term,max_ltv_cash_out,max_cltv,max_cltv_second_home,max_cltv_investment,max_ltv_2_4_units,source_highest_ltv_cltv,nexus_max_ltv_cltv_ceiling,nexus_min_down_percent,nexus_warrantable_condo_ltv_cap,nexus_nonwarrantable_condo_ltv_cap,occupancies,property_types,nexus_eligible_property_types,nexus_scope_restriction,loan_purposes,states_available,ineligible_states,state_notes,itin_allowed,foreign_national_eligible,bank_statement_months,bank_statement_length,bank_account_type,bank_statement_deposit_pct,bank_statement_expense_ratio,bank_statement_min_expense_ratio,bank_statement_notes,pnl_months,pnl_supporting_bank_statement_months,pnl_prepared_by,pnl_audited_required,pnl_tax_returns_required,pnl_preparer_attestation_purpose,pnl_self_employment_length,asset_seasoning,asset_notes,heloc_lien_positions,heloc_initial_draw,heloc_appraisal_avm,heloc_can_payoff_debt_to_qualify,heloc_ownership_seasoning,first_time_homebuyer_allowed,first_time_investor_allowed,gift_funds_allowed,rural_allowed,ltv_reductions,ltv_dti_notes,matrix_url,guidelines_url,matrix_documents,guideline_documents,review_status
11 Mortgage,Pearl Non-QM A | Asset Depletion,asset_depletion,Asset Depletion | Utilization,recCO8B4BE6mEZ82H,2026-06-12,2026-06-29,150000,3000000,700,,,,50,,,,,,,,,,,,,85,80,Primary,1 Unit (SFR); PUD; Townhome; Condo (Warrantable); Condo (Non-Warrantable); 2 Units; 3-4 Units,1 Unit (SFR); PUD; Townhome; Condo (Warrantable); Condo (Non-Warrantable); 2 Units; 3-4 Units,,Purchase; Refi (Rate Term),Alaska (AK); Alabama (AL); Arkansas (AR); Arizona (AZ); California (CA); Colorado (CO); Connecticut (CT); District of Columbia (DC); Delaware (DE); Florida (FL); Georgia (GA); Iowa (IA); Idaho (ID); Illinois (IL); Indiana (IN); Kansas (KS); Kentucky (KY); Louisiana (LA); Massachusetts (MA); Maryland (MD); Maine (ME); Michigan (MI); Minnesota (MN); Missouri (MO); Montana (MT); North Carolina (NC); North Dakota (ND); Nebraska (NE); New Hampshire (NH); New Jersey (NJ); New Mexico (NM); Nevada (NV); Ohio (OH); Oklahoma (OK); Oregon (OR); Pennsylvania (PA); Rhode Island (RI); South Carolina (SC); South Dakota (SD); Tennessee (TN); Texas (TX); Utah (UT); Virginia (VA); Vermont (VT); Washington (WA); Wisconsin (WI); West Virginia (WV); Wyoming (WY),,,,,,,,,,,,,,,,,,,,,,,,,,,,,,,,https://elevenmortgage.encompasstpoconnect.com/#/home/tpo-documents,,https://logos.mtg.broker/lender-matrices/recCO8B4BE6mEZ82H.pdf?v=att76ih4ic1i7oMi1,,source_extracted_not_human_verified
11 Mortgage,Pearl Non-QM A | Bank Statement,bank_statement,Bank Statements Loans,recSStX4A9a3gGEJh,2026-06-12,2026-06-29,150000,3000000,660,,,,50,,,,,,,,,,,,,85,80,Primary; 2nd Home; Investment,1 Unit (SFR); PUD; Townhome; Condo (Warrantable); Condo (Non-Warrantable); 2 Units; 3-4 Units,1 Unit (SFR); PUD; Townhome; Condo (Warrantable); Condo (Non-Warrantable); 2 Units; 3-4 Units,,Purchase; Refi (Rate Term); Refi (Cash Out),Alaska (AK); Alabama (AL); Arkansas (AR); Arizona (AZ); California (CA); Colorado (CO); Connecticut (CT); District of Columbia (DC); Delaware (DE); Florida (FL); Georgia (GA); Iowa (IA); Idaho (ID); Illinois (IL); Indiana (IN); Kansas (KS); Kentucky (KY); Louisiana (LA); Massachusetts (MA); Maryland (MD); Maine (ME); Michigan (MI); Minnesota (MN); Missouri (MO); Montana (MT); North Carolina (NC); North Dakota (ND); Nebraska (NE); New Hampshire (NH); New Jersey (NJ); New Mexico (NM); Nevada (NV); Ohio (OH); Oklahoma (OK); Oregon (OR); Pennsylvania (PA); Rhode Island (RI); South Carolina (SC); South Dakota (SD); Tennessee (TN); Texas (TX); Utah (UT); Virginia (VA); Vermont (VT); Washington (WA); Wisconsin (WI); West Virginia (WV); Wyoming (WY),,,,,,,,,,,,,,,,,,,,,,,,,,,,,,,,https://elevenmortgage.encompasstpoconnect.com/#/home/tpo-documents,,https://logos.mtg.broker/lender-matrices/recSStX4A9a3gGEJh.pdf?v=attp5dUhyYlh9qYgG,,source_extracted_not_human_verified
11 Mortgage,Pearl Non-QM A | P&L,pnl_only,P&L (Profit and Loss) Statement,recngoQgLMidpkWyk,2026-06-12,2026-06-29,150000,3000000,660,,,,50,,,,,,,,,,,,,85,80,Primary; 2nd Home; Investment,1 Unit (SFR); PUD; Townhome; Condo (Warrantable); Condo (Non-Warrantable); 2 Units; 3-4 Units,1 Unit (SFR); PUD; Townhome; Condo (Warrantable); Condo (Non-Warrantable); 2 Units; 3-4 Units,,Purchase; Refi (Rate Term); Refi (Cash Out),Alaska (AK); Alabama (AL); Arkansas (AR); Arizona (AZ); California (CA); Colorado (CO); Connecticut (CT); District of Columbia (DC); Delaware (DE); Florida (FL); Georgia (GA); Iowa (IA); Idaho (ID); Illinois (IL); Indiana (IN); Kansas (KS); Kentucky (KY); Louisiana (LA); Massachusetts (MA); Maryland (MD); Maine (ME); Michigan (MI); Minnesota (MN); Missouri (MO); Montana (MT); North Carolina (NC); North Dakota (ND); Nebraska (NE); New Hampshire (NH); New Jersey (NJ); New Mexico (NM); Nevada (NV); Ohio (OH); Oklahoma (OK); Oregon (OR); Pennsylvania (PA); Rhode Island (RI); South Carolina (SC); South Dakota (SD); Tennessee (TN); Texas (TX); Utah (UT); Virginia (VA); Vermont (VT); Washington (WA); Wisconsin (WI); West Virginia (WV); Wyoming (WY),,,,,,,,,,,,,,,,False,confirms_tax_filing_only,,,,,,,,,,,,,,,https://elevenmortgage.encompasstpoconnect.com/#/home/tpo-documents,,https://logos.mtg.broker/lender-matrices/recngoQgLMidpkWyk.pdf?v=attNr2fIdhY1KJ5Hf,,source_extracted_not_human_verified
11 Mortgage,Pearl Non-QM A+ | Asset Depletion,asset_depletion,Asset Depletion | Utilization,rec4rqccIxHPeDEGk,2026-06-12,2026-06-29,150000,3500000,700,,,,50,,,,,,,,,,,,,85,80,Primary,1 Unit (SFR); PUD; Townhome; Condo (Warrantable); Condo (Non-Warrantable); 2 Units; 3-4 Units,1 Unit (SFR); PUD; Townhome; Condo (Warrantable); Condo (Non-Warrantable); 2 Units; 3-4 Units,,Purchase; Refi (Rate Term),Alaska (AK); Alabama (AL); Arkansas (AR); Arizona (AZ); California (CA); Colorado (CO); Connecticut (CT); District of Columbia (DC); Delaware (DE); Florida (FL); Georgia (GA); Iowa (IA); Idaho (ID); Illinois (IL); Indiana (IN); Kansas (KS); Kentucky (KY); Louisiana (LA); Massachusetts (MA); Maryland (MD); Maine (ME); Michigan (MI); Minnesota (MN); Missouri (MO); Montana (MT); North Carolina (NC); North Dakota (ND); Nebraska (NE); New Hampshire (NH); New Jersey (NJ); New Mexico (NM); Nevada (NV); Ohio (OH); Oklahoma (OK); Oregon (OR); Pennsylvania (PA); Rhode Island (RI); South Carolina (SC); South Dakota (SD); Tennessee (TN); Texas (TX); Utah (UT); Virginia (VA); Vermont (VT); Washington (WA); Wisconsin (WI); West Virginia (WV); Wyoming (WY),,,,,,,,,,,,,,,,,,,,,,,,,,,,,,,,https://elevenmortgage.encompasstpoconnect.com/#/home/tpo-documents,,https://logos.mtg.broker/lender-matrices/rec4rqccIxHPeDEGk.pdf?v=attJcm8gF7FXVN3PZ,,source_extracted_not_human_verified
11 Mortgage,Pearl Non-QM A+ | Bank Statement,bank_statement,Bank Statements Loans,recvsTp1i8vlDcuCj,2026-06-12,2026-06-29,150000,3500000,660,,,,50,,,,,,,,,,,,,85,80,Primary; 2nd Home; Investment,1 Unit (SFR); PUD; Townhome; Condo (Warrantable); Condo (Non-Warrantable); 2 Units; 3-4 Units,1 Unit (SFR); PUD; Townhome; Condo (Warrantable); Condo (Non-Warrantable); 2 Units; 3-4 Units,,Purchase; Refi (Rate Term); Refi (Cash Out),Alaska (AK); Alabama (AL); Arkansas (AR); Arizona (AZ); California (CA); Colorado (CO); Connecticut (CT); District of Columbia (DC); Delaware (DE); Florida (FL); Georgia (GA); Iowa (IA); Idaho (ID); Illinois (IL); Indiana (IN); Kansas (KS); Kentucky (KY); Louisiana (LA); Massachusetts (MA); Maryland (MD); Maine (ME); Michigan (MI); Minnesota (MN); Missouri (MO); Montana (MT); North Carolina (NC); North Dakota (ND); Nebraska (NE); New Hampshire (NH); New Jersey (NJ); New Mexico (NM); Nevada (NV); Ohio (OH); Oklahoma (OK); Oregon (OR); Pennsylvania (PA); Rhode Island (RI); South Carolina (SC); South Dakota (SD); Tennessee (TN); Texas (TX); Utah (UT); Virginia (VA); Vermont (VT); Washington (WA); Wisconsin (WI); West Virginia (WV); Wyoming (WY),,,,,,,,,,,,,,,,,,,,,,,,,,,,,,,,https://elevenmortgage.encompasstpoconnect.com/#/home/tpo-documents,,https://logos.mtg.broker/lender-matrices/recvsTp1i8vlDcuCj.pdf?v=attCVboAWJxJjn05R; https://v5.airtableusercontent.com/v3/u/56/56/1787371200000/xHhXer0F2xs-Lqpkgl2vow/TP1znxdSLBl2EkXUXf4CU4nLectz8qqqYdeeLmajv_m0rHDOGP74u7QFEtm17-FeCypxjm4vyy_LkLGOCtln3X35t_z0QBCDNL9pgm3eRvcQ2cAt0k4WH6IfgUloKr7wroYI0b-WZn7LH_YiB4Y9bGE-PJdzj-i1gLkMhX9UuvI/1R77sZidBg0ZkKjqq898og6SDmfz1XS3HkalcrKmleU,,source_extracted_not_human_verified
11 Mortgage,Pearl Non-QM A+ | P&L,pnl_only,P&L (Profit and Loss) Statement,recfXOJLmhqTof5tV,2026-06-12,2026-06-29,150000,3500000,660,,,,50,,,,,,,,,,,,,85,80,Primary; 2nd Home; Investment,1 Unit (SFR); PUD; Townhome; Condo (Warrantable); Condo (Non-Warrantable); 2 Units; 3-4 Units,1 Unit (SFR); PUD; Townhome; Condo (Warrantable); Condo (Non-Warrantable); 2 Units; 3-4 Units,,Purchase; Refi (Rate Term); Refi (Cash Out),Alaska (AK); Alabama (AL); Arkansas (AR); Arizona (AZ); California (CA); Colorado (CO); Connecticut (CT); District of Columbia (DC); Delaware (DE); Florida (FL); Georgia (GA); Iowa (IA); Idaho (ID); Illinois (IL); Indiana (IN); Kansas (KS); Kentucky (KY); Louisiana (LA); Massachusetts (MA); Maryland (MD); Maine (ME); Michigan (MI); Minnesota (MN); Missouri (MO); Montana (MT); North Carolina (NC); North Dakota (ND); Nebraska (NE); New Hampshire (NH); New Jersey (NJ); New Mexico (NM); Nevada (NV); Ohio (OH); Oklahoma (OK); Oregon (OR); Pennsylvania (PA); Rhode Island (RI); South Carolina (SC); South Dakota (SD); Tennessee (TN); Texas (TX); Utah (UT); Virginia (VA); Vermont (VT); Washington (WA); Wisconsin (WI); West Virginia (WV); Wyoming (WY),,,,,,,,,,,,,,,,False,confirms_tax_filing_only,,,,,,,,,,,,,,,https://elevenmortgage.encompasstpoconnect.com/#/home/tpo-documents,,https://logos.mtg.broker/lender-matrices/recfXOJLmhqTof5tV.pdf?v=attJ32mo6C2illypU,,source_extracted_not_human_verified
11 Mortgage,Pearl Non-QM DSCR,dscr,Debt Service Coverage Ratio (DSCR),rec5gVHCObgBPYW2m,2026-06-12,2026-06-28,125000,2000000,660,,,,,,,,,,,,,,,,,85,80,Investment,1 Unit (SFR); PUD; Townhome; Condo (Warrantable); Condo (Non-Warrantable); 2 Units; 3-4 Units,1 Unit (SFR); PUD; Townhome; Condo (Warrantable); Condo (Non-Warrantable); 2 Units; 3-4 Units,,Purchase; Refi (Rate Term); Refi (Cash Out),Alaska (AK); Alabama (AL); Arkansas (AR); Arizona (AZ); California (CA); Colorado (CO); Connecticut (CT); District of Columbia (DC); Delaware (DE); Florida (FL); Georgia (GA); Iowa (IA); Idaho (ID); Illinois (IL); Indiana (IN); Kansas (KS); Kentucky (KY); Louisiana (LA); Massachusetts (MA); Maryland (MD); Maine (ME); Michigan (MI); Minnesota (MN); Missouri (MO); Montana (MT); North Carolina (NC); North Dakota (ND); Nebraska (NE); New Hampshire (NH); New Jersey (NJ); New Mexico (NM); Nevada (NV); Ohio (OH); Oklahoma (OK); Oregon (OR); Pennsylvania (PA); Rhode Island (RI); South Carolina (SC); South Dakota (SD); Tennessee (TN); Texas (TX); Utah (UT); Virginia (VA); Vermont (VT); Washington (WA); Wisconsin (WI); West Virginia (WV); Wyoming (WY),,,,,,,,,,,,,,,,,,,,,,,,,,,,,,,,https://elevenmortgage.encompasstpoconnect.com/#/home/tpo-documents,,https://logos.mtg.broker/lender-matrices/rec5gVHCObgBPYW2m.pdf?v=attE39Y8swbrDD0Sj,,source_extracted_not_human_verified
11 Mortgage,Titanium BPL (DSCR),dscr,Debt Service Coverage Ratio (DSCR),recLAtY0fRyoCgudH,2026-06-02,2026-06-30,100000,2500000,640,,,,,,,,,,,,,,,,,85,80,Investment,1 Unit (SFR); PUD; Townhome; 2 Units; 3-4 Units; Condo (Warrantable); Condo (Non-Warrantable),1 Unit (SFR); PUD; Townhome; 2 Units; 3-4 Units; Condo (Warrantable); Condo (Non-Warrantable),,Purchase; Refi (Rate Term); Refi (Cash Out),Alaska (AK); Alabama (AL); Arkansas (AR); Arizona (AZ); California (CA); Colorado (CO); Connecticut (CT); District of Columbia (DC); Delaware (DE); Florida (FL); Georgia (GA); Iowa (IA); Idaho (ID); Illinois (IL); Indiana (IN); Kansas (KS); Kentucky (KY); Louisiana (LA); Massachusetts (MA); Maryland (MD); Maine (ME); Michigan (MI); Minnesota (MN); Missouri (MO); Montana (MT); North Carolina (NC); North Dakota (ND); Nebraska (NE); New Hampshire (NH); New Jersey (NJ); New Mexico (NM); Nevada (NV); Ohio (OH); Oklahoma (OK); Oregon (OR); Pennsylvania (PA); Rhode Island (RI); South Carolina (SC); South Dakota (SD); Tennessee (TN); Texas (TX); Utah (UT); Virginia (VA); Vermont (VT); Washington (WA); Wisconsin (WI); West Virginia (WV); Wyoming (WY),,,,,,,,,,,,,,,,,,,,,,,,,,,,,,,,https://elevenmortgage.encompasstpoconnect.com/#/home/tpo-documents,,https://logos.mtg.broker/lender-matrices/recLAtY0fRyoCgudH.pdf?v=attduxtYYnSA4uToZ; https://v5.airtableusercontent.com/v3/u/56/56/1787371200000/afkccvX8QXK5v2t5aiZxyA/IrN8P9es5KLIttqi03jjSw5pbYzv70syf7XxlCrzkger6OqDSe4oKQubyH3RWDo0Vz8ZxJ698tMW_r7yA-Iv0_PaW1ocy_9wZWKdUNdo_1h9dKpx4nrLKYkG8fWZ9zBl2dS1sIa77cLkY4f_SP4Tb0iHuMOpR1f9kcFNwoJiDz9CVe7s3G_H-GxbKe1NXIl7/OabZAbO36dyqZ31gRX7_nh-nbwgvlcVJaw_QubLvlxA,https://logos.mtg.broker/lender-guidelines/recLAtY0fRyoCgudH.pdf?v=attK1E4ukD2xK3jWQ,source_extracted_not_human_verified
11 Mortgage,Titanium Non-QM | Asset Utilization,asset_depletion,Asset Depletion | Utilization,recbrRcXTqKkLG1NA,2026-06-02,2026-06-29,100000,3500000,660,,,,55,,,,,,,,,,,,,85,80,Primary; 2nd Home; Investment,1 Unit (SFR); PUD; Townhome; 2 Units; 3-4 Units; Condo (Warrantable); Condo (Non-Warrantable),1 Unit (SFR); PUD; Townhome; 2 Units; 3-4 Units; Condo (Warrantable); Condo (Non-Warrantable),,Purchase; Refi (Rate Term),Alaska (AK); Alabama (AL); Arkansas (AR); Arizona (AZ); California (CA); Colorado (CO); Connecticut (CT); District of Columbia (DC); Delaware (DE); Florida (FL); Georgia (GA); Iowa (IA); Idaho (ID); Illinois (IL); Indiana (IN); Kansas (KS); Kentucky (KY); Louisiana (LA); Massachusetts (MA); Maryland (MD); Maine (ME); Michigan (MI); Minnesota (MN); Missouri (MO); Montana (MT); North Carolina (NC); North Dakota (ND); Nebraska (NE); New Hampshire (NH); New Jersey (NJ); New Mexico (NM); Nevada (NV); New York (NY); Ohio (OH); Oklahoma (OK); Oregon (OR); Pennsylvania (PA); Rhode Island (RI); South Carolina (SC); South Dakota (SD); Tennessee (TN); Texas (TX); Utah (UT); Virginia (VA); Vermont (VT); Washington (WA); Wisconsin (WI); West Virginia (WV); Wyoming (WY),,,,,,,,,,,,,,,,,,,,,,,,,,,,,,,,https://elevenmortgage.encompasstpoconnect.com/#/home/tpo-documents,,https://logos.mtg.broker/lender-matrices/recbrRcXTqKkLG1NA.pdf?v=attsJbPXAjwM1GmEX; https://v5.airtableusercontent.com/v3/u/56/56/1787371200000/V4cvMqWUAg-cVmBKP50hDQ/mJ29RZXBe_XP5uWpeH2g20JuVTS-YA2HmSPgYj1yecmc7a3mdCNSwwo0OxI4hzoPtHtjMXE3PgcDtJqQby-BO-16o7f4u2Q7LEXOcG-lqRL565svcckKyjG3ZqAd7RLzIYF0K9NF2x1iE4261SZ5yX_mV74vibQEqp7wzL_-G20blHNO4MGtZl40eR3UVSQbSzVVBw5NpkQ2g_xvTMqISw/cCdgk_mGRqGEDvpl-7Q6c7cGVhW5BRWB6Gp3-0SHuJU,,source_extracted_not_human_verified
11 Mortgage,Titanium Non-QM | Bank Statement,bank_statement,Bank Statements Loans,recpX8OQxPwyUStyd,2026-06-02,2026-06-29,100000,3500000,640,,,,55,,,,,,,,,,,,,85,80,Primary; 2nd Home; Investment,1 Unit (SFR); PUD; Townhome; 2 Units; 3-4 Units; Condo (Warrantable); Condo (Non-Warrantable),1 Unit (SFR); PUD; Townhome; 2 Units; 3-4 Units; Condo (Warrantable); Condo (Non-Warrantable),,Purchase; Refi (Rate Term); Refi (Cash Out),Alaska (AK); Alabama (AL); Arkansas (AR); Arizona (AZ); California (CA); Colorado (CO); Connecticut (CT); District of Columbia (DC); Delaware (DE); Florida (FL); Georgia (GA); Iowa (IA); Idaho (ID); Illinois (IL); Indiana (IN); Kansas (KS); Kentucky (KY); Louisiana (LA); Massachusetts (MA); Maryland (MD); Maine (ME); Michigan (MI); Minnesota (MN); Missouri (MO); Montana (MT); North Carolina (NC); North Dakota (ND); Nebraska (NE); New Hampshire (NH); New Jersey (NJ); New Mexico (NM); Nevada (NV); New York (NY); Ohio (OH); Oklahoma (OK); Oregon (OR); Pennsylvania (PA); Rhode Island (RI); South Carolina (SC); South Dakota (SD); Tennessee (TN); Texas (TX); Utah (UT); Virginia (VA); Vermont (VT); Washington (WA); Wisconsin (WI); West Virginia (WV); Wyoming (WY),,,,,,,,,,,,,,,,,,,,,,,,,,,,,,,,https://elevenmortgage.encompasstpoconnect.com/#/home/tpo-documents,,https://logos.mtg.broker/lender-matrices/recpX8OQxPwyUStyd.pdf?v=attGEFr4DvuWExoqn; https://v5.airtableusercontent.com/v3/u/56/56/1787371200000/Bxhora7D5jDI8PnEMIEBQg/jDp9wWE5gi0du777OmzpnqJFbtnHM8yi6ZsyPVUeI7DTIllx8R7WRE72LOolrbxjAajL6LzlFR9uRd0NmMN5FU0tnCnZ5m2P_2bR6SdtoS15fdrj9tL5VIz7_tyobQmw1IgJMNeCrynpMlHY2Ay7h4LliUmS7E-vk-W2hdfmLO14Z43B1zU4xAqJPkdHrxy6PJUd80jVlSMcER915N2s2w/SPSTxU45ALyU3fQHjP8lM8zrkepLyh8RWgleaWigHZ8,,source_extracted_not_human_verified
11 Mortgage,Titanium Non-QM | P&L,pnl_only,P&L (Profit and Loss) Statement,rec3v2UtTQfuIDhuL,2026-06-02,2026-06-29,100000,3500000,660,,,,55,,,,,,,,,,,,,85,80,Primary; 2nd Home; Investment,1 Unit (SFR); PUD; Townhome; 2 Units; 3-4 Units; Condo (Warrantable); Condo (Non-Warrantable),1 Unit (SFR); PUD; Townhome; 2 Units; 3-4 Units; Condo (Warrantable); Condo (Non-Warrantable),,Purchase; Refi (Rate Term); Refi (Cash Out),Alaska (AK); Alabama (AL); Arkansas (AR); Arizona (AZ); California (CA); Colorado (CO); Connecticut (CT); District of Columbia (DC); Delaware (DE); Florida (FL); Georgia (GA); Iowa (IA); Idaho (ID); Illinois (IL); Indiana (IN); Kansas (KS); Kentucky (KY); Louisiana (LA); Massachusetts (MA); Maryland (MD); Maine (ME); Michigan (MI); Minnesota (MN); Missouri (MO); Montana (MT); North Carolina (NC); North Dakota (ND); Nebraska (NE); New Hampshire (NH); New Jersey (NJ); New Mexico (NM); Nevada (NV); New York (NY); Ohio (OH); Oklahoma (OK); Oregon (OR); Pennsylvania (PA); Rhode Island (RI); South Carolina (SC); South Dakota (SD); Tennessee (TN); Texas (TX); Utah (UT); Virginia (VA); Vermont (VT); Washington (WA); Wisconsin (WI); West Virginia (WV); Wyoming (WY),,,,,,,,,,,,,,,,False,confirms_tax_filing_only,,,,,,,,,,,,,,,https://elevenmortgage.encompasstpoconnect.com/#/home/tpo-documents,,https://logos.mtg.broker/lender-matrices/rec3v2UtTQfuIDhuL.pdf?v=attZJBhQDXa2WAH6m; https://v5.airtableusercontent.com/v3/u/56/56/1787371200000/M5BwpP_kcTB4KgbYW2SjnA/vTUkyjTEjwb0GTxRcuVkOx02ySXavQ_ytvqEOESMS3W1rUbtqPIG6WAHqPWffdtHHFmeF3MPSImN8Y4uoA-U77rFrOk-M2k1QZsI3D696jZbaoq7BENSqH6rYPH9dgxnjaSUu3-6hT-6Bgnffqj5GYdgSJCWmDs-VezId0WGBxb2fWvKVcVcmkpHwwusw2BoRF5qyImnfbfqtQ8XH98bhw/w3Eanl195tRCvDjIXzfg008qhEouLGEH2_OI6Zsr9hs,,source_extracted_not_human_verified
5th Street Capital,DSCR Multi (5-8 Units),5_8_unit_dscr; dscr,Debt Service Coverage Ratio (DSCR),recbhqs0ODsN9w0RV,,2026-07-27,250000,3000000,720,,,,,,,75,75,70,,,,,75,75,25,85,80,Investment,Multi-Unit (5-8),Multi-Unit (5-8),,Purchase; Refi (Cash Out); Refi (Rate Term),,,,,,,,,,,,,,,,,,,,,,,,,,,🔴 No,🟢 Yes,🟡 Allowed. Borrower must contribute 10% own funds,,,,https://www.5thstcap.com/matrices#:~:text=Royal%20Non%2DQM%20and%20DSCR%20Matrices,,https://logos.mtg.broker/lender-matrices/recbhqs0ODsN9w0RV.pdf?v=att24aP1vYTXhHFTx,,source_extracted_not_human_verified
5th Street Capital,DSCR Supreme,dscr,Debt Service Coverage Ratio (DSCR),recdESoLJ6v9dqfnh,,2026-07-27,200000,2000000,720,,,,,,,80,80,75,,,,75,80,80,20,85,80,Investment,1 Unit (SFR); PUD; Townhome; 2 Units; 3-4 Units; Condo (Warrantable),1 Unit (SFR); PUD; Townhome; 2 Units; 3-4 Units; Condo (Warrantable),,Purchase; Refi (Cash Out); Refi (Rate Term),,,,,,,,,,,,,,,,,,,,,,,,,,,🔴 No,🟢 Yes,🟡 Allowed. Borrower must contribute 10% own funds,,,,https://www.5thstcap.com/matrices#:~:text=Royal%20Non%2DQM%20and%20DSCR%20Matrices,,https://logos.mtg.broker/lender-matrices/recdESoLJ6v9dqfnh.pdf?v=att6nFmvRFaGouBLg,,source_extracted_not_human_verified
5th Street Capital,Investor DSCR No Ratio,dscr,Debt Service Coverage Ratio (DSCR),recOzhdskf7RkBXAA,,2026-07-27,200000,1500000,700,,,,,,,75,75,65,,,,75,75,75,25,85,80,Investment,1 Unit (SFR); PUD; Townhome; 2 Units; 3-4 Units; Condo (Warrantable); Condo (Non-Warrantable); Condotel; Co-ops,1 Unit (SFR); PUD; Townhome; 2 Units; 3-4 Units; Condo (Warrantable); Condo (Non-Warrantable); Condotel,Excluded from requested residential scope: Co-ops,Purchase; Refi (Cash Out); Refi (Rate Term),,,,,,,,,,,,,,,,,,,,,,,,,,,🟢 Yes,🟢 Yes,🟡 Allowed. Borrower must contribute 10% own funds,,,,https://www.5thstcap.com/matrices#:~:text=Royal%20Non%2DQM%20and%20DSCR%20Matrices,,https://logos.mtg.broker/lender-matrices/recOzhdskf7RkBXAA.pdf?v=att3cZLZkWkedaB0P,,source_extracted_not_human_verified
5th Street Capital,Royal Investor DSCR,dscr,Debt Service Coverage Ratio (DSCR),recKI743RdTWyEqG3,,2026-07-27,200000,3000000,660,,,,,,,85,80,75,,,,85,85,85,15,85,80,Investment,1 Unit (SFR); PUD; Townhome; 2 Units; 3-4 Units; Condo (Warrantable); Condo (Non-Warrantable); Condotel; Co-ops,1 Unit (SFR); PUD; Townhome; 2 Units; 3-4 Units; Condo (Warrantable); Condo (Non-Warrantable); Condotel,Excluded from requested residential scope: Co-ops,Purchase; Refi (Cash Out); Refi (Rate Term),,,,,,,,,,,,,,,,,,,,,,,,,,,🟢 Yes,🟢 Yes,🟡 Allowed. Borrower must contribute 10% own funds,,,,https://www.5thstcap.com/matrices#:~:text=Royal%20Non%2DQM%20and%20DSCR%20Matrices,,https://logos.mtg.broker/lender-matrices/recKI743RdTWyEqG3.pdf?v=attS5dstTMzaGhaN6,,source_extracted_not_human_verified
5th Street Capital,Select ITIN,itin,ITIN,recF3OwfnyjJo3CPz,,2026-08-13,200000,2500000,660,,,,50,,,85,85,80,,,,,85,85,15,85,80,Primary; 2nd Home; Investment,1 Unit (SFR); PUD; Townhome; 2 Units; 3-4 Units; Condo (Warrantable); Condo (Non-Warrantable),1 Unit (SFR); PUD; Townhome; 2 Units; 3-4 Units; Condo (Warrantable); Condo (Non-Warrantable),,Purchase; Refi (Cash Out); Refi (Rate Term),,,,🟢 Yes,,,,,,,,,,,,,,,,,,,,,,,🟢 Yes,🟢 Yes,Allowed (With restrictions). See guidelines,,,,https://www.5thstcap.com/matrices#:~:text=Royal%20Non%2DQM%20and%20DSCR%20Matrices,,https://logos.mtg.broker/lender-matrices/recF3OwfnyjJo3CPz.pdf?v=attiIgYQRJPPGh1GW,,source_extracted_not_human_verified
A Mortgage Boutique (AMB),Home Opportunity Loan | ITIN,itin,ITIN,rec6ZQcOmjd1VL8ah,,2026-07-27,100000,1500000,660,,,,50,,,80,80,65,,,,,80,80,20,85,80,Primary; 2nd Home,1 Unit (SFR); 2 Units; 3-4 Units; PUD; Condo (Warrantable),1 Unit (SFR); 2 Units; 3-4 Units; PUD; Condo (Warrantable),,Purchase; Refi (Cash Out); Refi (Rate Term),,,,🟢 Yes,,,,,,,,,,,,,,,,,,,,,,,,,,,,,https://kc.fcmpartners.com/products-guidelines/,,https://logos.mtg.broker/lender-matrices/rec6ZQcOmjd1VL8ah.pdf?v=attok8bq4Z3cnJANr,,source_extracted_not_human_verified
A Mortgage Boutique (AMB),Non-QM Equity Solutions Second | DSCR,second_lien,2nd CES Mortgage (Standalone),recKcVW5Kbig9gCe1,2026-08-11,2026-08-12,50000,750000,680,,,,50,,,,,,80,,80,,80,80,20,85,80,Investment,1 Unit (SFR); 2 Units; 3-4 Units; PUD; Condo (Warrantable),1 Unit (SFR); 2 Units; 3-4 Units; PUD; Condo (Warrantable),,Purchase; Refi (Cash Out),,,,,,,,,,,,,,,,,,,,,,,,,,,🔴 No,🔴 No,,,,,https://kc.fcmpartners.com/products-guidelines/,,https://logos.mtg.broker/lender-matrices/recKcVW5Kbig9gCe1.pdf?v=attMDTLnc3MiR2zFJ,,source_extracted_not_human_verified
A Mortgage Boutique (AMB),Non-QM Solutions Second | CES,second_lien,2nd CES Mortgage (Standalone),rectvoC141Z8jLNw0,2026-08-11,2026-08-12,50000,850000,640,,,,50,,,,,,90,,80,,90,90,10,85,80,Primary; 2nd Home; Investment,1 Unit (SFR); 2 Units; 3-4 Units; PUD; Condo (Warrantable),1 Unit (SFR); 2 Units; 3-4 Units; PUD; Condo (Warrantable),,Purchase; Refi (Cash Out),,,,,,,,,,,,,,,,,,,,,,,,,,,,,,,,,https://kc.fcmpartners.com/products-guidelines/,,https://logos.mtg.broker/lender-matrices/rectvoC141Z8jLNw0.pdf?v=attqORClgdY2CNXJ4,,source_extracted_not_human_verified
A Mortgage Boutique (AMB),Solutions Platinum | Asset Utilization,asset_depletion,Asset Depletion | Utilization,recOIA3pmnHTI6AKb,2026-06-09,2026-07-27,150000,3000000,660,,,,50,,,80,80,75,,,,,80,80,20,85,80,Primary; 2nd Home; Investment,1 Unit (SFR); 2 Units; 3-4 Units; PUD; Condo (Warrantable); Rural,1 Unit (SFR); 2 Units; 3-4 Units; PUD; Condo (Warrantable); Rural,,Purchase; Refi (Cash Out); Refi (Rate Term),,,,,,,,,,,,,,,,,,,,,,,,,,,,,,,,,https://kc.fcmpartners.com/products-guidelines/,,https://logos.mtg.broker/lender-matrices/recOIA3pmnHTI6AKb.pdf?v=att8eiTHS5Ac5ySTL,,source_extracted_not_human_verified
A Mortgage Boutique (AMB),Solutions Platinum | Bank Statement,bank_statement,Bank Statements Loans,recbGTZh044xCzwRX,2026-06-09,2026-07-27,150000,3000000,660,,,,50,,,85,85,75,,,,,85,85,15,85,80,Primary; 2nd Home; Investment,1 Unit (SFR); 2 Units; 3-4 Units; PUD; Condo (Warrantable); Rural,1 Unit (SFR); 2 Units; 3-4 Units; PUD; Condo (Warrantable); Rural,,Purchase; Refi (Cash Out); Refi (Rate Term),,,,,,,,,,,,,,,,,,,,,,,,,,,,,,,,,https://kc.fcmpartners.com/products-guidelines/,,https://logos.mtg.broker/lender-matrices/recbGTZh044xCzwRX.pdf?v=attSE9UAeB1AGC2Yh,,source_extracted_not_human_verified
A Mortgage Boutique (AMB),Solutions Platinum | DSCR,dscr,Debt Service Coverage Ratio (DSCR),recgM95WvsvdZyNqh,2026-06-09,2026-07-27,125000,2000000,660,,,,,,,75,75,75,,,,75,75,75,25,85,80,Investment,1 Unit (SFR); 2 Units; 3-4 Units; PUD; Condo (Warrantable); Rural,1 Unit (SFR); 2 Units; 3-4 Units; PUD; Condo (Warrantable); Rural,,Purchase; Refi (Cash Out); Refi (Rate Term),,,,,,,,,,,,,,,,,,,,,,,,,,,🔴 No,🔴 No,,,,,https://kc.fcmpartners.com/products-guidelines/,,https://logos.mtg.broker/lender-matrices/recgM95WvsvdZyNqh.pdf?v=attbfsXRPE2K9fbyR,,source_extracted_not_human_verified
A Mortgage Boutique (AMB),Solutions Platinum | P&L,pnl_only,P&L (Profit and Loss) Statement,rec7Uk8rgkrwZp7eZ,2026-06-09,2026-07-27,150000,3000000,660,,,,50,,,80,80,75,,,,,80,80,20,85,80,Primary; 2nd Home; Investment,1 Unit (SFR); 2 Units; 3-4 Units; PUD; Condo (Warrantable); Rural,1 Unit (SFR); 2 Units; 3-4 Units; PUD; Condo (Warrantable); Rural,,Purchase; Refi (Cash Out); Refi (Rate Term),,,,,,,,,,,,,,,,,False,confirms_tax_filing_only,,,,,,,,,,,,,,,https://kc.fcmpartners.com/products-guidelines/,,https://logos.mtg.broker/lender-matrices/rec7Uk8rgkrwZp7eZ.pdf?v=att0j7lmEVbYoBVa6,,source_extracted_not_human_verified
A Mortgage Boutique (AMB),Solutions Pro | Bank Statement,bank_statement,Bank Statements Loans,recTum7e3VCLhfq1w,2026-03-01,2026-07-27,150000,3000000,660,,,,55,55,,90,90,80,,,,,90,90,10,85,80,Primary; Investment; 2nd Home,1 Unit (SFR); 2 Units; 3-4 Units; Condo (Warrantable); Condo (Non-Warrantable); Rural,1 Unit (SFR); 2 Units; 3-4 Units; Condo (Warrantable); Condo (Non-Warrantable); Rural,,Purchase; Refi (Cash Out); Refi (Rate Term),,,,🔴 No,🔴 No,,,,,,,,,,,,,,,,,,,,,,🟢 Yes,🟢 Yes,🟢 Yes,🟢 Yes,,,https://kc.fcmpartners.com/products-guidelines/#:~:text=AMB%20Solutions%20Non%2DQM%20Guidelines,,https://logos.mtg.broker/lender-matrices/recTum7e3VCLhfq1w.pdf?v=att5aNFa13AnaZbIo,,source_extracted_not_human_verified
A Mortgage Boutique (AMB),Solutions | DSCR,dscr,Debt Service Coverage Ratio (DSCR),rec4NA0t6NDXVSvXc,2026-03-01,2026-07-27,125000,2000000,660,,,,,,,80,80,75,,,,80,80,80,20,85,80,Investment,1 Unit (SFR); 2 Units; 3-4 Units; PUD; Condo (Warrantable); Condo (Non-Warrantable); Townhome; Leaseholds; SFR + 1ADU,1 Unit (SFR); 2 Units; 3-4 Units; PUD; Condo (Warrantable); Condo (Non-Warrantable); Townhome; SFR + 1ADU,Excluded from requested residential scope: Leaseholds,Purchase; Refi (Cash Out); Refi (Rate Term),,,,,,,,,,,,,,,,,,,,,,,,,,,🔴 No,🟡 Yes (With Restrictions. See Guidelines),,,,,https://kc.fcmpartners.com/products-guidelines/,,https://logos.mtg.broker/lender-matrices/rec4NA0t6NDXVSvXc.pdf?v=attU2Ec3wLxL1ztg3,,source_extracted_not_human_verified
AccoLend,Rental / DSCR,5_8_unit_dscr; dscr,Debt Service Coverage Ratio (DSCR),recmuwWn4CWvqJ9Uc,,2026-07-04,150000,3500000,640,,,,,,,80,,,,,,,80,80,20,85,80,Investment,1 Unit (SFR); 2 Units; 3-4 Units; Condo (Warrantable); Townhome; PUD; Multi-Unit (5-8),1 Unit (SFR); 2 Units; 3-4 Units; Condo (Warrantable); Townhome; PUD; Multi-Unit (5-8),,Purchase; Refi (Rate Term); Refi (Cash Out),,,,,,,,,,,,,,,,,,,,,,,,,,,,,,,,,https://accolend.com/loan-programs.html,,,,source_extracted_not_human_verified
Advancial Federal Credit Union,Asset Depletion,asset_depletion,Asset Depletion | Utilization,recIpkb7PZm9LGn8X,,2026-08-07,100000,5000000,600,,,640,50,,,80,80,80,90,80,75,,90,90,10,85,80,Primary; Investment; 2nd Home,1 Unit (SFR); 2 Units; 3-4 Units; Condo (Non-Warrantable); Condo (Warrantable); Co-ops; Condotel,1 Unit (SFR); 2 Units; 3-4 Units; Condo (Non-Warrantable); Condo (Warrantable); Condotel,Excluded from requested residential scope: Co-ops,Purchase; Refi (Cash Out); Refi (Rate Term),,,,,,,,,,,,,,,,,,,,,,,,,,,,,,,,,https://www.advancial.org/wholesale/wholesale-rates,,https://logos.mtg.broker/lender-matrices/recIpkb7PZm9LGn8X.pdf?v=attL7PO9QgRZ0nnju,,source_extracted_not_human_verified
American Pride Bank (APB),Solutions Alt Doc | Asset Utilization,asset_depletion,Asset Depletion | Utilization,recjc6WZv54ajF3gJ,2026-04-27,2026-07-22,125000,3000000,660,,,660,50,,,90,90,80,90,85,,80,90,90,10,85,80,Primary; 2nd Home; Investment,1 Unit (SFR); PUD; 2 Units; 3-4 Units; Condo (Warrantable); Condo (Non-Warrantable); Condotel; Rural,1 Unit (SFR); PUD; 2 Units; 3-4 Units; Condo (Warrantable); Condo (Non-Warrantable); Condotel; Rural,,Purchase; Refi (Rate Term); Refi (Cash Out),Alaska (AK); Alabama (AL); Arkansas (AR); Arizona (AZ); California (CA); Colorado (CO); Connecticut (CT); Delaware (DE); Florida (FL); Georgia (GA); Hawaii (HI); Iowa (IA); Idaho (ID); Illinois (IL); Indiana (IN); Kansas (KS); Kentucky (KY); Louisiana (LA); Massachusetts (MA); Maine (ME); Michigan (MI); Minnesota (MN); Missouri (MO); Mississippi (MS); Montana (MT); North Carolina (NC); North Dakota (ND); Nebraska (NE); New Hampshire (NH); New Jersey (NJ); New Mexico (NM); Nevada (NV); New York (NY); Ohio (OH); Oklahoma (OK); Oregon (OR); Pennsylvania (PA); Rhode Island (RI); South Carolina (SC); South Dakota (SD); Tennessee (TN); Texas (TX); Utah (UT); Virginia (VA); Vermont (VT); Washington (WA); Wisconsin (WI); West Virginia (WV); Wyoming (WY),Maryland (MD),"MD is ineligible. FL and TX: Non-Permanent Resident Aliens from China are ineligible. NY: short term rentals in the 5 NYC boroughs are ineligible; no 5/6 ARMs on owner-occupied loans below the FNMA limit; subprime is fixed rate only. HI: lava zones 1 and 2 are ineligible. TX: cash out not permitted.
",🔴 No,🔴 No,,,,,,,,,,,,,,,,"30-day asset verification required; deposits greater than 50% of gross income must be explained on purchases. A recent account statement for each eligible asset used to qualify must be provided, within 90 days of the closing date. Age of documents: credit 120 days, income and assets 90 days.
",,,,,,🟡 Yes (No Investment Properties),,🟡 Allowed but NOT for reserve requirements,🟡 Yes for Primary and 2nd Homes with LTV reduction. No for Investment properties.,"Loan amounts $125,000 to $149,999 require a 5% reduction in LTV. Declining markets require a 5% LTV reduction when LTV > 65%. Housing history and event seasoning stepped cap: 1x30x12 with ≥ 48 months = 90% / 80% cash-out / $3,000,000; 2x30x12 with ≥ 36 months = 80% / 75% / $2,500,000; 0x60x12 with ≥ 24 months = 70% / 70% / $2,000,000; 0x90x12 owner-occupied only with ≥ 12 months = 65% / NA / $2,000,000. Condos: purchase and rate/term max 80% LTV, cash-out 75%. 2-4 Units max 80% LTV. Interest Only max LTV 80%.
","Asset Utilization follows the standard Alt Doc grid with no additional income-type LTV cap. Purchase & Rate/Term then Cash-Out — PRIMARY 740: ≤$1M 90/80, ≤$1.5M 85/75, ≤$2M 85/75, ≤$2.5M 80/70, ≤$3M 75/65, ≤$3.5M 65/NA. 720: ≤$1M 85/75, ≤$1.5M 85/75, ≤$2M 80/70, ≤$2.5M 80/70, ≤$3M 75/65, ≤$3.5M 60/NA. 700: ≤$1M 85/75, ≤$1.5M 85/75, ≤$2M 80/70, ≤$2.5M 75/65, ≤$3M 70/60. 680: ≤$1M 80/70, ≤$1.5M 80/70, ≤$2M 75/65, ≤$2.5M 70/60. 660: ≤$1M 80/70, ≤$1.5M 75/70, ≤$2M 75/60, ≤$2.5M 70/NA. SECOND HOME 740 and 720: ≤$1M 85/75, ≤$1.5M 80/75, ≤$2M 80/70, ≤$2.5M 75/65, ≤$3M 70/60, ≤$3.5M 60/NA. 700: ≤$1M 85/75, ≤$1.5M 80/70, ≤$2M 80/70, ≤$2.5M 75/65, ≤$3M 70/60. 680: ≤$1M 80/70, ≤$1.5M 80/70, ≤$2M 75/65, ≤$2.5M 70/NA. 660: ≤$1M 80/70, ≤$1.5M 75/70, ≤$2M 70/60, ≤$2.5M 65/NA. INVESTMENT 740 and 720: ≤$1M 85/75, ≤$1.5M 80/75, ≤$2M 80/70, ≤$2.5M 75/65, ≤$3M 70/60. 700: ≤$1M 85/75, ≤$1.5M 80/70, ≤$2M 80/70, ≤$2.5M 75/65, ≤$3M 70/60. 680: ≤$1M 80/70, ≤$1.5M 80/70, ≤$2M 75/65, ≤$2.5M 70/NA. 660: ≤$1M 80/70, ≤$1.5M 75/70, ≤$2M 70/60, ≤$2.5M 65/NA. Max DTI 50%.
",https://1794114576.encompasstpoconnect.com/#/content/home_490447,,https://logos.mtg.broker/lender-matrices/recjc6WZv54ajF3gJ.pdf?v=attSkxB7Kcjmi7eyW,,source_extracted_not_human_verified
American Pride Bank (APB),Solutions Alt Doc | Business & Co-Mingled Bank Statements,bank_statement,Bank Statements Loans,recFuBsgM5dRp0cbi,2026-04-27,2026-07-22,125000,3000000,660,,,660,50,,,90,90,80,90,85,,80,90,90,10,85,80,Primary; 2nd Home; Investment,1 Unit (SFR); PUD; 2 Units; 3-4 Units; Condo (Warrantable); Condo (Non-Warrantable); Condotel; Rural,1 Unit (SFR); PUD; 2 Units; 3-4 Units; Condo (Warrantable); Condo (Non-Warrantable); Condotel; Rural,,Purchase; Refi (Rate Term); Refi (Cash Out),Alaska (AK); Alabama (AL); Arkansas (AR); Arizona (AZ); California (CA); Colorado (CO); Connecticut (CT); Delaware (DE); Florida (FL); Georgia (GA); Hawaii (HI); Iowa (IA); Idaho (ID); Illinois (IL); Indiana (IN); Kansas (KS); Kentucky (KY); Louisiana (LA); Massachusetts (MA); Maine (ME); Michigan (MI); Minnesota (MN); Missouri (MO); Mississippi (MS); Montana (MT); North Carolina (NC); North Dakota (ND); Nebraska (NE); New Hampshire (NH); New Jersey (NJ); New Mexico (NM); Nevada (NV); New York (NY); Ohio (OH); Oklahoma (OK); Oregon (OR); Pennsylvania (PA); Rhode Island (RI); South Carolina (SC); South Dakota (SD); Tennessee (TN); Texas (TX); Utah (UT); Virginia (VA); Vermont (VT); Washington (WA); Wisconsin (WI); West Virginia (WV); Wyoming (WY),Maryland (MD),"MD is ineligible. FL and TX: Non-Permanent Resident Aliens from China are ineligible. NY: short term rentals in the 5 NYC boroughs are ineligible; no 5/6 ARMs on owner-occupied loans below the FNMA limit; subprime is fixed rate only. HI: lava zones 1 and 2 are ineligible. TX: cash out not permitted.
",🔴 No,🔴 No,12,,Business,,50,10,"24 or 12 months of business bank statements. Qualifying income is determined by ONE of the following analysis methods: a fixed expense ratio of 50%; OR an expense ratio provided by a 3rd party (CPA or EA) with a minimum ratio of 10%; OR a 3rd party prepared Profit & Loss Statement (CPA or EA). 2 NSFs max in the last 12 months; if none in the last 3 months, up to 5 NSFs are allowed.
",,,,,,,,,"30-day asset verification required; deposits greater than 50% of gross income must be explained on purchases. Business funds may be counted toward down payment, closing costs and reserves up to 100% of the account balance, capped at the borrower's ownership percentage of the business. Age of documents: credit 120 days, income and assets 90 days.
",,,,,,🟡 Yes (No Investment Properties),,🟡 Allowed but NOT for reserve requirements,🟡 Yes for Primary and 2nd Homes with LTV reduction. No for Investment properties.,"Loan amounts $125,000 to $149,999 require a 5% reduction in LTV. Declining markets require a 5% LTV reduction when LTV > 65%. Housing history and event seasoning stepped cap: 1x30x12 with ≥ 48 months = 90% / 80% / $3,000,000; 2x30x12 with ≥ 36 months = 80% / 75% / $2,500,000; 0x60x12 with ≥ 24 months = 70% / 70% / $2,000,000; 0x90x12 owner-occupied only with ≥ 12 months = 65% / NA / $2,000,000. Condos: purchase and rate/term max 80% LTV, cash-out 75%. 2-4 Units max 80% LTV. Interest Only max LTV 80%.
","Alt Doc grid, Purchase & Rate/Term LTV|CLTV then Cash-Out LTV|CLTV. PRIMARY — 740: ≤$1M 90/80, ≤$1.5M 85/75, ≤$2M 85/75, ≤$2.5M 80/70, ≤$3M 75/65, ≤$3.5M 65/NA. 720: ≤$1M 85/75, ≤$1.5M 85/75, ≤$2M 80/70, ≤$2.5M 80/70, ≤$3M 75/65, ≤$3.5M 60/NA. 700: ≤$1M 85/75, ≤$1.5M 85/75, ≤$2M 80/70, ≤$2.5M 75/65, ≤$3M 70/60. 680: ≤$1M 80/70, ≤$1.5M 80/70, ≤$2M 75/65, ≤$2.5M 70/60. 660: ≤$1M 80/70, ≤$1.5M 75/70, ≤$2M 75/60, ≤$2.5M 70/NA. SECOND HOME — 740 and 720: ≤$1M 85/75, ≤$1.5M 80/75, ≤$2M 80/70, ≤$2.5M 75/65, ≤$3M 70/60, ≤$3.5M 60/NA. 700: ≤$1M 85/75, ≤$1.5M 80/70, ≤$2M 80/70, ≤$2.5M 75/65, ≤$3M 70/60. 680: ≤$1M 80/70, ≤$1.5M 80/70, ≤$2M 75/65, ≤$2.5M 70/NA. 660: ≤$1M 80/70, ≤$1.5M 75/70, ≤$2M 70/60, ≤$2.5M 65/NA. INVESTMENT — 740 and 720: ≤$1M 85/75, ≤$1.5M 80/75, ≤$2M 80/70, ≤$2.5M 75/65, ≤$3M 70/60. 700: ≤$1M 85/75, ≤$1.5M 80/70, ≤$2M 80/70, ≤$2.5M 75/65, ≤$3M 70/60. 680: ≤$1M 80/70, ≤$1.5M 80/70, ≤$2M 75/65, ≤$2.5M 70/NA. 660: ≤$1M 80/70, ≤$1.5M 75/70, ≤$2M 70/60, ≤$2.5M 65/NA. Max DTI 50%.
",https://1794114576.encompasstpoconnect.com/#/content/home_490447,,https://logos.mtg.broker/lender-matrices/recFuBsgM5dRp0cbi.pdf?v=att90j7TPdHWGhR9C,,source_extracted_not_human_verified
American Pride Bank (APB),Solutions Alt Doc | P&L Only,pnl_only,P&L (Profit and Loss) Statement,recQ6PAbcfipmYjiZ,2026-04-27,2026-07-22,125000,1500000,680,,,680,50,,,75,75,75,75,70,,,75,75,25,85,80,Primary; 2nd Home; Investment,1 Unit (SFR); PUD; 2 Units; 3-4 Units; Condo (Warrantable); Condo (Non-Warrantable); Condotel; Rural,1 Unit (SFR); PUD; 2 Units; 3-4 Units; Condo (Warrantable); Condo (Non-Warrantable); Condotel; Rural,,Purchase; Refi (Rate Term); Refi (Cash Out),Alaska (AK); Alabama (AL); Arkansas (AR); Arizona (AZ); California (CA); Colorado (CO); Connecticut (CT); Delaware (DE); Florida (FL); Georgia (GA); Hawaii (HI); Iowa (IA); Idaho (ID); Illinois (IL); Indiana (IN); Kansas (KS); Kentucky (KY); Louisiana (LA); Massachusetts (MA); Maine (ME); Michigan (MI); Minnesota (MN); Missouri (MO); Mississippi (MS); Montana (MT); North Carolina (NC); North Dakota (ND); Nebraska (NE); New Hampshire (NH); New Jersey (NJ); New Mexico (NM); Nevada (NV); New York (NY); Ohio (OH); Oklahoma (OK); Oregon (OR); Pennsylvania (PA); Rhode Island (RI); South Carolina (SC); South Dakota (SD); Tennessee (TN); Texas (TX); Utah (UT); Virginia (VA); Vermont (VT); Washington (WA); Wisconsin (WI); West Virginia (WV); Wyoming (WY),Maryland (MD),"MD is ineligible. FL and TX: Non-Permanent Resident Aliens from China are ineligible. NY: short term rentals in the 5 NYC boroughs are ineligible; no 5/6 ARMs on owner-occupied loans below the FNMA limit; subprime is fixed rate only. HI: lava zones 1 and 2 are ineligible. TX: cash out not permitted.
",🔴 No,🔴 No,,,,,,,,12,,"Prepared by CPA, EA, or PTIN Licensed Tax Preparer",🔴 No,False,confirms_tax_filing_only,2-Years,,"30-day asset verification required; deposits greater than 50% of gross income must be explained on purchases. Age of documents: credit 120 days, income and assets 90 days.
",,,,,,🟡 Yes (No Investment Properties),,🟡 Allowed but NOT for reserve requirements,🟡 Yes for Primary and 2nd Homes with LTV reduction. No for Investment properties.,"P&L Only cap: 700+ = lesser of matrix or 75% OO / 70% SH and NOO; 680-699 = lesser of matrix or 65% OO / 60% SH and NOO. Loan amounts $125,000 to $149,999 require a 5% reduction in LTV. Declining markets require a 5% LTV reduction when LTV > 65%. Housing history and event seasoning stepped caps also apply.
","P&L Only carries its own LTV cap on top of the Alt Doc grid: max loan amount $1,500,000; 700+ score = max LTV is the lesser of the matrix LTV or 75% owner-occupied and 70% second home and NOO; 680-699 score = max LTV is the lesser of the matrix LTV or 65% owner-occupied and 60% second home and NOO. Underlying Alt Doc grid, Purchase & Rate/Term then Cash-Out — PRIMARY 740: ≤$1M 90/80, ≤$1.5M 85/75. 720: ≤$1M 85/75, ≤$1.5M 85/75. 700: ≤$1M 85/75, ≤$1.5M 85/75. 680: ≤$1M 80/70, ≤$1.5M 80/70. Max DTI 50%.
",https://1794114576.encompasstpoconnect.com/#/content/home_490447,,https://logos.mtg.broker/lender-matrices/recQ6PAbcfipmYjiZ.pdf?v=att0AqKKrzJ1ouJ8e,,source_extracted_not_human_verified
American Pride Bank (APB),Solutions Alt Doc | P&L w/ Bank Statements,pnl_only,P&L (Profit and Loss) Statement,rec2GvPp2cxEjbav0,2026-04-27,2026-07-22,125000,3500000,680,,,680,50,,,80,80,80,80,75,,,80,80,20,85,80,Primary; 2nd Home; Investment,1 Unit (SFR); PUD; 2 Units; 3-4 Units; Condo (Warrantable); Condo (Non-Warrantable); Condotel; Rural,1 Unit (SFR); PUD; 2 Units; 3-4 Units; Condo (Warrantable); Condo (Non-Warrantable); Condotel; Rural,,Purchase; Refi (Rate Term); Refi (Cash Out),Alaska (AK); Alabama (AL); Arkansas (AR); Arizona (AZ); California (CA); Colorado (CO); Connecticut (CT); Delaware (DE); Florida (FL); Georgia (GA); Hawaii (HI); Iowa (IA); Idaho (ID); Illinois (IL); Indiana (IN); Kansas (KS); Kentucky (KY); Louisiana (LA); Massachusetts (MA); Maine (ME); Michigan (MI); Minnesota (MN); Missouri (MO); Mississippi (MS); Montana (MT); North Carolina (NC); North Dakota (ND); Nebraska (NE); New Hampshire (NH); New Jersey (NJ); New Mexico (NM); Nevada (NV); New York (NY); Ohio (OH); Oklahoma (OK); Oregon (OR); Pennsylvania (PA); Rhode Island (RI); South Carolina (SC); South Dakota (SD); Tennessee (TN); Texas (TX); Utah (UT); Virginia (VA); Vermont (VT); Washington (WA); Wisconsin (WI); West Virginia (WV); Wyoming (WY),Maryland (MD),"MD is ineligible. FL and TX: Non-Permanent Resident Aliens from China are ineligible. NY: short term rentals in the 5 NYC boroughs are ineligible; no 5/6 ARMs on owner-occupied loans below the FNMA limit; subprime is fixed rate only. HI: lava zones 1 and 2 are ineligible. TX: cash out not permitted.
",🔴 No,🔴 No,,,,,,,,12,2,"Prepared by CPA, EA, or CTEC (CA)",,False,confirms_tax_filing_only,2-Years,,"30-day asset verification required; deposits greater than 50% of gross income must be explained on purchases. Age of documents: credit 120 days, income and assets 90 days.
",,,,,,🟡 Yes (No Investment Properties),,🟡 Allowed but NOT for reserve requirements,🟡 Yes for Primary and 2nd Homes with LTV reduction. No for Investment properties.,"P&L with Bank Statements cap: 700+ = lesser of matrix or 80% OO / 75% SH and NOO; 680-699 = lesser of matrix or 70% OO / 65% SH and NOO. Loan amounts $125,000 to $149,999 require a 5% reduction in LTV. Declining markets require a 5% LTV reduction when LTV > 65%. Housing history and event seasoning stepped caps also apply.
","P&L with Bank Statements carries its own LTV cap on top of the Alt Doc grid: max loan amount $3,500,000 Primary and $2,500,000 Second Home and Investment; 700+ score = max LTV is the lesser of the matrix LTV or 80% owner-occupied and 75% second home and NOO; 680-699 score = max LTV is the lesser of the matrix LTV or 70% owner-occupied and 65% second home and NOO. Underlying Alt Doc grid, Purchase & Rate/Term then Cash-Out — PRIMARY 740: ≤$1M 90/80, ≤$1.5M 85/75, ≤$2M 85/75, ≤$2.5M 80/70, ≤$3M 75/65, ≤$3.5M 65/NA. 720: ≤$1M 85/75, ≤$1.5M 85/75, ≤$2M 80/70, ≤$2.5M 80/70, ≤$3M 75/65, ≤$3.5M 60/NA. 700: ≤$1M 85/75, ≤$1.5M 85/75, ≤$2M 80/70, ≤$2.5M 75/65, ≤$3M 70/60. 680: ≤$1M 80/70, ≤$1.5M 80/70, ≤$2M 75/65, ≤$2.5M 70/60. Max DTI 50%.
",https://1794114576.encompasstpoconnect.com/#/content/home_490447,,https://logos.mtg.broker/lender-matrices/rec2GvPp2cxEjbav0.pdf?v=attse2RWPd5I73nM5,,source_extracted_not_human_verified
American Pride Bank (APB),Solutions Alt Doc | Personal Bank Statements,bank_statement,Bank Statements Loans,recMD6OdFBdxJxlOy,2026-04-27,2026-07-22,125000,3000000,660,,,660,50,,,90,90,80,90,85,,80,90,90,10,85,80,Primary; 2nd Home; Investment,1 Unit (SFR); PUD; 2 Units; 3-4 Units; Condo (Warrantable); Condo (Non-Warrantable); Condotel; Rural,1 Unit (SFR); PUD; 2 Units; 3-4 Units; Condo (Warrantable); Condo (Non-Warrantable); Condotel; Rural,,Purchase; Refi (Rate Term); Refi (Cash Out),Alaska (AK); Alabama (AL); Arkansas (AR); Arizona (AZ); California (CA); Colorado (CO); Connecticut (CT); Delaware (DE); Florida (FL); Georgia (GA); Hawaii (HI); Iowa (IA); Idaho (ID); Illinois (IL); Indiana (IN); Kansas (KS); Kentucky (KY); Louisiana (LA); Massachusetts (MA); Maine (ME); Michigan (MI); Minnesota (MN); Missouri (MO); Mississippi (MS); Montana (MT); North Carolina (NC); North Dakota (ND); Nebraska (NE); New Hampshire (NH); New Jersey (NJ); New Mexico (NM); Nevada (NV); New York (NY); Ohio (OH); Oklahoma (OK); Oregon (OR); Pennsylvania (PA); Rhode Island (RI); South Carolina (SC); South Dakota (SD); Tennessee (TN); Texas (TX); Utah (UT); Virginia (VA); Vermont (VT); Washington (WA); Wisconsin (WI); West Virginia (WV); Wyoming (WY),Maryland (MD),"MD is ineligible. FL and TX: Non-Permanent Resident Aliens from China are ineligible. NY: short term rentals in the 5 NYC boroughs are ineligible; no 5/6 ARMs on owner-occupied loans below the FNMA limit; subprime is fixed rate only. HI: lava zones 1 and 2 are ineligible. TX: cash out not permitted.
",🔴 No,🔴 No,12,,Personal,,,,"24 or 12 months of personal bank statements. A business bank statement is NOT required on this variant. Qualifying income is determined by the total eligible deposits from the 24 or 12 months of personal statements divided by the number of statements. 2 NSFs max in the last 12 months; if none in the last 3 months, up to 5 NSFs are allowed.
",,,,,,,,,"30-day asset verification required; deposits greater than 50% of gross income must be explained on purchases and sourcing may be required. Acceptable asset statements (account open more than 60 days): bank certification documenting current balance and opening date, 1 month bank statement, VOD, or a bank prepared and stamped 30-day transaction history printout. Business funds: funds in the borrower's business account may be counted toward down payment, closing costs and reserves up to 100% of the account balance, but the percentage used must be no more than the borrower's ownership percentage of the business; a licensed tax preparer must provide a letter explaining that the withdrawal will not negatively affect business operations. Age of documents: credit 120 days, income and assets 90 days.
",,,,,,🟡 Yes (No Investment Properties),,🟡 Allowed but NOT for reserve requirements,🟡 Yes for Primary and 2nd Homes with LTV reduction. No for Investment properties.,"Loan amounts $125,000 to $149,999 require a 5% reduction in LTV. Declining markets, as identified by the appraiser, require a 5% LTV reduction when LTV > 65%. Housing history and event seasoning drive a stepped cap: 1x30x12 with BK/FC/SS/DIL/Mod ≥ 48 months = max 90% LTV/CLTV, 80% cash-out, $3,000,000 max loan; 2x30x12 with ≥ 36 months = 80% / 75% / $2,500,000; 0x60x12 with ≥ 24 months = 70% / 70% / $2,000,000; 0x90x12 owner-occupied only with ≥ 12 months = 65% / NA / $2,000,000. Condos: purchase and rate/term max 80% LTV, cash-out 75%. 2-4 Units max 80% LTV. Rural: owner-occupied to 80% LTV with max 20 acres; second home and investment may be considered when the subject has ≤ 2 acres up to a max 75% LTV. Interest Only max LTV 80%.
","Alt Doc grid, shown as Purchase & Rate/Term LTV|CLTV then Cash-Out LTV|CLTV. PRIMARY DWELLING — 740: ≤$1M 90/80, ≤$1.5M 85/75, ≤$2M 85/75, ≤$2.5M 80/70, ≤$3M 75/65, ≤$3.5M 65/NA. 720: ≤$1M 85/75, ≤$1.5M 85/75, ≤$2M 80/70, ≤$2.5M 80/70, ≤$3M 75/65, ≤$3.5M 60/NA. 700: ≤$1M 85/75, ≤$1.5M 85/75, ≤$2M 80/70, ≤$2.5M 75/65, ≤$3M 70/60. 680: ≤$1M 80/70, ≤$1.5M 80/70, ≤$2M 75/65, ≤$2.5M 70/60. 660: ≤$1M 80/70, ≤$1.5M 75/70, ≤$2M 75/60, ≤$2.5M 70/NA. SECOND HOME — 740: ≤$1M 85/75, ≤$1.5M 80/75, ≤$2M 80/70, ≤$2.5M 75/65, ≤$3M 70/60, ≤$3.5M 60/NA. 720: ≤$1M 85/75, ≤$1.5M 80/75, ≤$2M 80/70, ≤$2.5M 75/65, ≤$3M 70/60, ≤$3.5M 60/NA. 700: ≤$1M 85/75, ≤$1.5M 80/70, ≤$2M 80/70, ≤$2.5M 75/65, ≤$3M 70/60. 680: ≤$1M 80/70, ≤$1.5M 80/70, ≤$2M 75/65, ≤$2.5M 70/NA. 660: ≤$1M 80/70, ≤$1.5M 75/70, ≤$2M 70/60, ≤$2.5M 65/NA. INVESTMENT — 740: ≤$1M 85/75, ≤$1.5M 80/75, ≤$2M 80/70, ≤$2.5M 75/65, ≤$3M 70/60. 720: ≤$1M 85/75, ≤$1.5M 80/75, ≤$2M 80/70, ≤$2.5M 75/65, ≤$3M 70/60. 700: ≤$1M 85/75, ≤$1.5M 80/70, ≤$2M 80/70, ≤$2.5M 75/65, ≤$3M 70/60. 680: ≤$1M 80/70, ≤$1.5M 80/70, ≤$2M 75/65, ≤$2.5M 70/NA. 660: ≤$1M 80/70, ≤$1.5M 75/70, ≤$2M 70/60, ≤$2.5M 65/NA. Max DTI 50%; 55% DTI is available with restrictions (min FICO 680, max 80% LTV, 0x30x12, min $3,500 monthly residual income, max loan $2.5M, 48 months since a housing event; 40-year term and buydowns not permitted). A 40-year fixed must qualify as a 30-year at ≤ 55% DTI. On 2-4 family, 75% of the non-owner-occupied units' gross rent may be added to the borrower's total qualifying income based on the lower of market rents or actual documented rents.
",https://1794114576.encompasstpoconnect.com/#/content/home_490447,,https://logos.mtg.broker/lender-matrices/recMD6OdFBdxJxlOy.pdf?v=atty8vVPtBaLoOb1a,,source_extracted_not_human_verified
American Pride Bank (APB),Solutions Alt Doc | Personal Bank Statements w/ Business Statements,bank_statement,Bank Statements Loans,recV34XY7avBoIpOn,2026-04-27,2026-07-22,125000,3000000,660,,,660,50,,,90,90,80,90,85,,80,90,90,10,85,80,Primary; 2nd Home; Investment,1 Unit (SFR); PUD; 2 Units; 3-4 Units; Condo (Warrantable); Condo (Non-Warrantable); Condotel; Rural,1 Unit (SFR); PUD; 2 Units; 3-4 Units; Condo (Warrantable); Condo (Non-Warrantable); Condotel; Rural,,Purchase; Refi (Rate Term); Refi (Cash Out),Alaska (AK); Alabama (AL); Arkansas (AR); Arizona (AZ); California (CA); Colorado (CO); Connecticut (CT); Delaware (DE); Florida (FL); Georgia (GA); Hawaii (HI); Iowa (IA); Idaho (ID); Illinois (IL); Indiana (IN); Kansas (KS); Kentucky (KY); Louisiana (LA); Massachusetts (MA); Maine (ME); Michigan (MI); Minnesota (MN); Missouri (MO); Mississippi (MS); Montana (MT); North Carolina (NC); North Dakota (ND); Nebraska (NE); New Hampshire (NH); New Jersey (NJ); New Mexico (NM); Nevada (NV); New York (NY); Ohio (OH); Oklahoma (OK); Oregon (OR); Pennsylvania (PA); Rhode Island (RI); South Carolina (SC); South Dakota (SD); Tennessee (TN); Texas (TX); Utah (UT); Virginia (VA); Vermont (VT); Washington (WA); Wisconsin (WI); West Virginia (WV); Wyoming (WY),Maryland (MD),"MD is ineligible. FL and TX: Non-Permanent Resident Aliens from China are ineligible. NY: short term rentals in the 5 NYC boroughs are ineligible; no 5/6 ARMs on owner-occupied loans below the FNMA limit; subprime is fixed rate only. HI: lava zones 1 and 2 are ineligible. TX: cash out not permitted.
",🔴 No,🔴 No,12,,Personal or Business,,,,"24 or 12 months of personal bank statements plus 2 months of business bank statements. Qualifying income is determined by the total eligible deposits from the 24 or 12 months of personal statements divided by the number of statements. The business bank statements must reflect business activity and transfers to the personal account. 2 NSFs max in the last 12 months; if none in the last 3 months, up to 5 NSFs are allowed.
",,,,,,,,,"30-day asset verification required; deposits greater than 50% of gross income must be explained on purchases. Business funds may be counted toward down payment, closing costs and reserves up to 100% of the account balance, capped at the borrower's ownership percentage of the business, with a licensed tax preparer letter confirming the withdrawal will not negatively affect business operations. Age of documents: credit 120 days, income and assets 90 days.
",,,,,,🟡 Yes (No Investment Properties),,🟡 Allowed but NOT for reserve requirements,🟡 Yes for Primary and 2nd Homes with LTV reduction. No for Investment properties.,"Loan amounts $125,000 to $149,999 require a 5% reduction in LTV. Declining markets require a 5% LTV reduction when LTV > 65%. Housing history and event seasoning drive a stepped cap: 1x30x12 with BK/FC/SS/DIL/Mod ≥ 48 months = 90% / 80% cash-out / $3,000,000; 2x30x12 with ≥ 36 months = 80% / 75% / $2,500,000; 0x60x12 with ≥ 24 months = 70% / 70% / $2,000,000; 0x90x12 owner-occupied only with ≥ 12 months = 65% / NA / $2,000,000. Condos: purchase and rate/term max 80% LTV, cash-out 75%. 2-4 Units max 80% LTV. Interest Only max LTV 80%.
","Alt Doc grid, shown as Purchase & Rate/Term LTV|CLTV then Cash-Out LTV|CLTV. PRIMARY DWELLING — 740: ≤$1M 90/80, ≤$1.5M 85/75, ≤$2M 85/75, ≤$2.5M 80/70, ≤$3M 75/65, ≤$3.5M 65/NA. 720: ≤$1M 85/75, ≤$1.5M 85/75, ≤$2M 80/70, ≤$2.5M 80/70, ≤$3M 75/65, ≤$3.5M 60/NA. 700: ≤$1M 85/75, ≤$1.5M 85/75, ≤$2M 80/70, ≤$2.5M 75/65, ≤$3M 70/60. 680: ≤$1M 80/70, ≤$1.5M 80/70, ≤$2M 75/65, ≤$2.5M 70/60. 660: ≤$1M 80/70, ≤$1.5M 75/70, ≤$2M 75/60, ≤$2.5M 70/NA. SECOND HOME — 740: ≤$1M 85/75, ≤$1.5M 80/75, ≤$2M 80/70, ≤$2.5M 75/65, ≤$3M 70/60, ≤$3.5M 60/NA. 720: same as 740. 700: ≤$1M 85/75, ≤$1.5M 80/70, ≤$2M 80/70, ≤$2.5M 75/65, ≤$3M 70/60. 680: ≤$1M 80/70, ≤$1.5M 80/70, ≤$2M 75/65, ≤$2.5M 70/NA. 660: ≤$1M 80/70, ≤$1.5M 75/70, ≤$2M 70/60, ≤$2.5M 65/NA. INVESTMENT — 740 and 720: ≤$1M 85/75, ≤$1.5M 80/75, ≤$2M 80/70, ≤$2.5M 75/65, ≤$3M 70/60. 700: ≤$1M 85/75, ≤$1.5M 80/70, ≤$2M 80/70, ≤$2.5M 75/65, ≤$3M 70/60. 680: ≤$1M 80/70, ≤$1.5M 80/70, ≤$2M 75/65, ≤$2.5M 70/NA. 660: ≤$1M 80/70, ≤$1.5M 75/70, ≤$2M 70/60, ≤$2.5M 65/NA. Max DTI 50%; 55% available with restrictions.
",https://1794114576.encompasstpoconnect.com/#/content/home_490447,,https://logos.mtg.broker/lender-matrices/recV34XY7avBoIpOn.pdf?v=attQMNMVMx2YFyzzk,,source_extracted_not_human_verified
American Pride Bank (APB),Solutions DSCR | DSCR,dscr,Debt Service Coverage Ratio (DSCR),recXrZaUYKxXQTH1r,2026-04-27,2026-07-22,125000,3000000,640,,,640,,,0.75,85,80,75,85,,,85,85,85,15,85,80,Investment,1 Unit (SFR); PUD; 2 Units; 3-4 Units; Condo (Warrantable); Condo (Non-Warrantable); Condotel; Rural,1 Unit (SFR); PUD; 2 Units; 3-4 Units; Condo (Warrantable); Condo (Non-Warrantable); Condotel; Rural,,Purchase; Refi (Rate Term); Refi (Cash Out),Alaska (AK); Alabama (AL); Arkansas (AR); Arizona (AZ); California (CA); Colorado (CO); Connecticut (CT); Delaware (DE); Florida (FL); Georgia (GA); Hawaii (HI); Iowa (IA); Idaho (ID); Illinois (IL); Indiana (IN); Kansas (KS); Kentucky (KY); Louisiana (LA); Massachusetts (MA); Maine (ME); Michigan (MI); Minnesota (MN); Missouri (MO); Mississippi (MS); Montana (MT); North Carolina (NC); North Dakota (ND); Nebraska (NE); New Hampshire (NH); New Jersey (NJ); New Mexico (NM); Nevada (NV); New York (NY); Ohio (OH); Oklahoma (OK); Oregon (OR); Pennsylvania (PA); Rhode Island (RI); South Carolina (SC); South Dakota (SD); Tennessee (TN); Texas (TX); Utah (UT); Virginia (VA); Vermont (VT); Washington (WA); Wisconsin (WI); West Virginia (WV); Wyoming (WY),Maryland (MD),"MD is ineligible. FL and TX: Non-Permanent Resident Aliens from China are ineligible. NY: short term rentals in the 5 NYC boroughs are ineligible. HI: lava zones 1 and 2 are ineligible. TX: cash out not permitted.
",🔴 No,🔴 No,,,,,,,,,,,,,,,,"30-day asset verification required. Age of documentation: credit 120 days, assets 90 days.
",,,,,,🟢 Yes,🟢 Yes,🟡 Allowed. Borrower must contribute 10% own funds,🟢 Yes,"1x30x12 housing history = 5% LTV reduction. Declining markets (as identified by the appraiser) = 5% LTV reduction off matrix max when LTV > 65%. Condos in FL max 75% LTV. Condotel max 75% purchase or rate/term (700+) and 65% cash-out (700+). BK/FC/SS/DIL/Mod seasoned 24 to 36 months = max 75% purchase and 70% rate/term and cash-out. SFR with an ADU = 5% reduction is not applied; ADU rental income may NOT be used to qualify.
","DSCR ≥ 1.00 grid: 740 FICO — $1M 85/80/75, $1.5M 80/75/70, $2M 75/75/60, $2.5M 70/70/60, $3M 70/70/60. 720 — $1M 85/80/75, $1.5M 85/75/70, $2M 75/75/60, $2.5M 70/70/60, $3M 70/70/60. 700 — $1.5M 75/75/75, $2M 70/70/70, $2.5M 70/70/65, $3M 70/70/60. 680 — $1.5M 75/75/70, $2M 70/70/60, $2.5M 70/70/60. 660 — $1M 70/70/65, $1.5M 65/65/60, $2M 60/60/55. 640 — $1M 65/65/60, $1.5M 60/60/55, $2M 55/55/50. DSCR < 1.00 (min .75) grid: 740 — $1M 75/75/70, $1.5M 75/75/70, $2M 75/75/60. 720 — $1M 75/75/70, $1.5M 70/70/65, $2M 65/65/NA. 700 — $1M 75/75/70, $1.5M 70/70/65, $2M 65/65/NA. 680 — $1M 65/65/60. Order shown is Purchase / Rate-Term / Cash-Out.
",https://1794114576.encompasstpoconnect.com/#/content/home_490447,,https://logos.mtg.broker/lender-matrices/recXrZaUYKxXQTH1r.pdf?v=attdZiAkyof9FJT3N,,source_extracted_not_human_verified
American Pride Bank (APB),Solutions DSCR | No Ratio,dscr; no_ratio,Debt Service Coverage Ratio (DSCR) - No Ratio,recWCAQi4aX8LfWfW,2026-04-27,2026-07-22,125000,1500000,700,,,700,,,,75,75,65,75,,,75,75,75,25,85,80,Investment,1 Unit (SFR); 2 Units; 3-4 Units; Condo (Warrantable); Condo (Non-Warrantable); Condotel,1 Unit (SFR); 2 Units; 3-4 Units; Condo (Warrantable); Condo (Non-Warrantable); Condotel,,Purchase; Refi (Rate Term); Refi (Cash Out),Alaska (AK); Alabama (AL); Arkansas (AR); Arizona (AZ); California (CA); Colorado (CO); Connecticut (CT); Delaware (DE); Florida (FL); Georgia (GA); Hawaii (HI); Iowa (IA); Idaho (ID); Illinois (IL); Indiana (IN); Kansas (KS); Kentucky (KY); Louisiana (LA); Massachusetts (MA); Maine (ME); Michigan (MI); Minnesota (MN); Missouri (MO); Mississippi (MS); Montana (MT); North Carolina (NC); North Dakota (ND); Nebraska (NE); New Hampshire (NH); New Jersey (NJ); New Mexico (NM); Nevada (NV); New York (NY); Ohio (OH); Oklahoma (OK); Oregon (OR); Pennsylvania (PA); Rhode Island (RI); South Carolina (SC); South Dakota (SD); Tennessee (TN); Texas (TX); Utah (UT); Virginia (VA); Vermont (VT); Washington (WA); Wisconsin (WI); West Virginia (WV); Wyoming (WY),Maryland (MD),"MD is ineligible. FL and TX: Non-Permanent Resident Aliens from China are ineligible. NY: short term rentals in the 5 NYC boroughs are ineligible. HI: lava zones 1 and 2 are ineligible. TX: cash out not permitted.
",🔴 No,🔴 No,,,,,,,,,,,,,,,,"30-day asset verification required. Age of documentation: credit 120 days, assets 90 days.
",,,,,,🔴 No,🔴 No,🟡 Allowed. Borrower must contribute 10% own funds,🟢 Yes,"Declining markets (as identified by the appraiser) = 5% LTV reduction off matrix max when LTV > 65%. 1x30 housing history is NOT permitted on No Ratio. Condos in FL max 75% LTV.
","No Ratio grid (Purchase / Rate-Term / Cash-Out): 740 FICO — $1,000,000 75/75/65, $1,500,000 70/70/60. 720 — $1,000,000 70/70/60, $1,500,000 65/65/60. 700 — $1,000,000 65/65/60, $1,500,000 65/65/60.
",https://1794114576.encompasstpoconnect.com/#/content/home_490447,,https://logos.mtg.broker/lender-matrices/recWCAQi4aX8LfWfW.pdf?v=attypjL6tgolUt96M,,source_extracted_not_human_verified
American Pride Bank (APB),Solutions Fixed Second | Bank Statement,second_lien,"Closed-End Second Lien, 2nd Mortgage (Non-QM)",recosir3omWFXbmPE,2026-01-15,2026-07-22,125000,750000,660,,,660,50,,,,,,90,85,,,90,90,10,85,80,Primary; 2nd Home; Investment,1 Unit (SFR); PUD; 2 Units; 3-4 Units; Condo (Warrantable); Condo (Non-Warrantable),1 Unit (SFR); PUD; 2 Units; 3-4 Units; Condo (Warrantable); Condo (Non-Warrantable),,Equity Loan; Refi (Cash Out),Alaska (AK); Alabama (AL); Arkansas (AR); Arizona (AZ); California (CA); Colorado (CO); Connecticut (CT); Delaware (DE); Florida (FL); Georgia (GA); Hawaii (HI); Iowa (IA); Idaho (ID); Illinois (IL); Indiana (IN); Kansas (KS); Kentucky (KY); Louisiana (LA); Massachusetts (MA); Maine (ME); Michigan (MI); Minnesota (MN); Missouri (MO); Mississippi (MS); Montana (MT); North Carolina (NC); North Dakota (ND); Nebraska (NE); New Hampshire (NH); New Jersey (NJ); New Mexico (NM); Nevada (NV); New York (NY); Ohio (OH); Oklahoma (OK); Oregon (OR); Pennsylvania (PA); Rhode Island (RI); South Carolina (SC); South Dakota (SD); Tennessee (TN); Texas (TX); Utah (UT); Virginia (VA); Vermont (VT); Washington (WA); Wisconsin (WI); West Virginia (WV); Wyoming (WY),Maryland (MD),"MD is ineligible. Primary and Second Home in NY are ineligible (NY investment second liens remain eligible). FL and TX: Non-Permanent Resident Aliens from China are ineligible. HI: lava zones 1 and 2 are ineligible. TX: cash out not permitted on this program; TX cash-out on a primary residence is limited to 80% CLTV. TN: max 180 month term.
",🔴 No,🔴 No,12,,Personal or Business,,,,"12 months of personal OR business bank statements.
",,,,,,,,,"Assets sourced or seasoned for 30 days.
",,,,,,,,,🔴 No,"Non-Warrantable Condos are eligible with a 75% CLTV max. Limited tradelines are allowed on Primary only at a max CLTV of 75%. Declining markets: if the property is in a declining market as indicated by the appraisal, max LTV is reduced by 5%. Interest Only: max CLTV 70% and FICO 700+. TX cash-out on a primary residence is limited to 80% CLTV.
","Standalone closed-end second — the matrix is published as Max CLTV by loan amount, FICO and occupancy (Primary / Second Home / Investment). ≤ $350,000: 700 FICO 90/85/80, 680 FICO 85/80/80, 660 FICO 80/70/70. ≤ $500,000: 720 FICO 90/80/80, 700 FICO 85/80/80, 660 FICO 75/70/70. ≤ $750,000: 720 FICO 80/75/NA, 700 FICO 75/70/NA. Max DTI 50%.
",https://1794114576.encompasstpoconnect.com/#/content/home_490447,,https://logos.mtg.broker/lender-matrices/recosir3omWFXbmPE.pdf?v=attk47bMT9HYk6PtK,,source_extracted_not_human_verified
American Pride Bank (APB),Solutions Fixed Second | DSCR,dscr; second_lien,"Closed-End Second Lien, Debt Service Coverage Ratio (DSCR)",rec3Ahnb8uClApCay,2026-01-15,2026-07-22,125000,500000,680,,,680,,,1,,,,80,,,,80,80,20,85,80,Investment,1 Unit (SFR); PUD; 2 Units; 3-4 Units,1 Unit (SFR); PUD; 2 Units; 3-4 Units,,Equity Loan; Refi (Cash Out),Alaska (AK); Alabama (AL); Arkansas (AR); Arizona (AZ); California (CA); Colorado (CO); Connecticut (CT); Delaware (DE); Florida (FL); Georgia (GA); Hawaii (HI); Iowa (IA); Idaho (ID); Illinois (IL); Indiana (IN); Kansas (KS); Kentucky (KY); Louisiana (LA); Massachusetts (MA); Maine (ME); Michigan (MI); Minnesota (MN); Missouri (MO); Mississippi (MS); Montana (MT); North Carolina (NC); North Dakota (ND); Nebraska (NE); New Hampshire (NH); New Jersey (NJ); New Mexico (NM); Nevada (NV); New York (NY); Ohio (OH); Oklahoma (OK); Oregon (OR); Pennsylvania (PA); Rhode Island (RI); South Carolina (SC); South Dakota (SD); Tennessee (TN); Texas (TX); Utah (UT); Virginia (VA); Vermont (VT); Washington (WA); Wisconsin (WI); West Virginia (WV); Wyoming (WY),Maryland (MD),"MD is ineligible. Primary and Second Home in NY are ineligible. FL and TX: Non-Permanent Resident Aliens from China are ineligible. HI: lava zones 1 and 2 are ineligible. TN: max 180 month term.
",🔴 No,🔴 No,,,,,,,,,,,,,,,,,,,,,,,,,🔴 No,"2-4 Units: 5% CLTV reduction. Declining markets: if the property is in a declining market as indicated by the appraisal, max CLTV is reduced by 5%.
","Standalone closed-end second, DSCR. ≤ $500,000 (Rate-Term Max CLTV / Cash-Out Max CLTV): 720 FICO 80/80, 700 FICO 75/75, 680 FICO 65/65.
",https://1794114576.encompasstpoconnect.com/#/content/home_490447,,https://logos.mtg.broker/lender-matrices/rec3Ahnb8uClApCay.pdf?v=attib10kDMobXaKxp,,source_extracted_not_human_verified
American Pride Bank (APB),Solutions Fixed Second | Full Doc,second_lien,"Closed-End Second Lien, 2nd Mortgage (Non-QM)",recxwBS7sIZgh4FqE,2026-01-15,2026-07-22,125000,750000,660,,,660,50,,,,,,90,85,,,90,90,10,85,80,Primary; 2nd Home; Investment,1 Unit (SFR); PUD; 2 Units; 3-4 Units; Condo (Warrantable); Condo (Non-Warrantable),1 Unit (SFR); PUD; 2 Units; 3-4 Units; Condo (Warrantable); Condo (Non-Warrantable),,Equity Loan; Refi (Cash Out),Alaska (AK); Alabama (AL); Arkansas (AR); Arizona (AZ); California (CA); Colorado (CO); Connecticut (CT); Delaware (DE); Florida (FL); Georgia (GA); Hawaii (HI); Iowa (IA); Idaho (ID); Illinois (IL); Indiana (IN); Kansas (KS); Kentucky (KY); Louisiana (LA); Massachusetts (MA); Maine (ME); Michigan (MI); Minnesota (MN); Missouri (MO); Mississippi (MS); Montana (MT); North Carolina (NC); North Dakota (ND); Nebraska (NE); New Hampshire (NH); New Jersey (NJ); New Mexico (NM); Nevada (NV); New York (NY); Ohio (OH); Oklahoma (OK); Oregon (OR); Pennsylvania (PA); Rhode Island (RI); South Carolina (SC); South Dakota (SD); Tennessee (TN); Texas (TX); Utah (UT); Virginia (VA); Vermont (VT); Washington (WA); Wisconsin (WI); West Virginia (WV); Wyoming (WY),Maryland (MD),"MD is ineligible. Primary and Second Home in NY are ineligible (NY investment second liens remain eligible). FL and TX: Non-Permanent Resident Aliens from China are ineligible. HI: lava zones 1 and 2 are ineligible. TX: cash out not permitted on this program; TX cash-out on a primary residence is limited to 80% CLTV. TN: max 180 month term.
",🔴 No,🔴 No,,,,,,,,,,,,,,,,"Assets sourced or seasoned for 30 days.
",,,,,,,,,🔴 No,"Non-Warrantable Condos are eligible with a 75% CLTV max. Limited tradelines are allowed on Primary only at a max CLTV of 75%. Declining markets: if the property is in a declining market as indicated by the appraisal, max LTV is reduced by 5%. Interest Only: max CLTV 70% and FICO 700+. TX cash-out on a primary residence is limited to 80% CLTV.
","Standalone closed-end second — the matrix is published as Max CLTV by loan amount, FICO and occupancy (Primary / Second Home / Investment). ≤ $350,000: 700 FICO 90/85/80, 680 FICO 85/80/80, 660 FICO 80/70/70. ≤ $500,000: 720 FICO 90/80/80, 700 FICO 85/80/80, 660 FICO 75/70/70. ≤ $750,000: 720 FICO 80/75/NA, 700 FICO 75/70/NA. Max DTI 50%.
",https://1794114576.encompasstpoconnect.com/#/content/home_490447,,https://logos.mtg.broker/lender-matrices/recxwBS7sIZgh4FqE.pdf?v=attOR80WR6bxKTTv2,,source_extracted_not_human_verified
American Pride Bank (APB),Solutions Fixed Second | P&L Only,pnl_only; second_lien,"Closed-End Second Lien, P&L (Profit and Loss) Statement",recRMJ5HsaHOC2IcD,2026-01-15,2026-07-22,125000,750000,660,,,660,50,,,,,,80,80,,,80,80,20,85,80,Primary; 2nd Home; Investment,1 Unit (SFR); PUD; 2 Units; 3-4 Units; Condo (Warrantable); Condo (Non-Warrantable),1 Unit (SFR); PUD; 2 Units; 3-4 Units; Condo (Warrantable); Condo (Non-Warrantable),,Equity Loan; Refi (Cash Out),Alaska (AK); Alabama (AL); Arkansas (AR); Arizona (AZ); California (CA); Colorado (CO); Connecticut (CT); Delaware (DE); Florida (FL); Georgia (GA); Hawaii (HI); Iowa (IA); Idaho (ID); Illinois (IL); Indiana (IN); Kansas (KS); Kentucky (KY); Louisiana (LA); Massachusetts (MA); Maine (ME); Michigan (MI); Minnesota (MN); Missouri (MO); Mississippi (MS); Montana (MT); North Carolina (NC); North Dakota (ND); Nebraska (NE); New Hampshire (NH); New Jersey (NJ); New Mexico (NM); Nevada (NV); New York (NY); Ohio (OH); Oklahoma (OK); Oregon (OR); Pennsylvania (PA); Rhode Island (RI); South Carolina (SC); South Dakota (SD); Tennessee (TN); Texas (TX); Utah (UT); Virginia (VA); Vermont (VT); Washington (WA); Wisconsin (WI); West Virginia (WV); Wyoming (WY),Maryland (MD),"MD is ineligible. Primary and Second Home in NY are ineligible (NY investment second liens remain eligible). FL and TX: Non-Permanent Resident Aliens from China are ineligible. HI: lava zones 1 and 2 are ineligible. TX: cash-out on a primary residence is limited to 80% CLTV. TN: max 180 month term.
",🔴 No,🔴 No,,,,,,,,,,,,False,confirms_tax_filing_only,,,"Assets sourced or seasoned for 30 days.
",,,,,,,,,🔴 No,"P&L Only: 5% CLTV reduction, max 80% CLTV. Non-Warrantable Condos are eligible with a 75% CLTV max. Declining markets: max LTV reduced by 5%. TX cash-out on a primary residence is limited to 80% CLTV.
","P&L Only carries a 5% CLTV reduction off the standard Fixed Second grid and is capped at 80% CLTV. Base grid (Max CLTV by Primary / Second Home / Investment): ≤ $350,000: 700 FICO 90/85/80, 680 FICO 85/80/80, 660 FICO 80/70/70. ≤ $500,000: 720 FICO 90/80/80, 700 FICO 85/80/80, 660 FICO 75/70/70. ≤ $750,000: 720 FICO 80/75/NA, 700 FICO 75/70/NA. Max DTI 50%.
",https://1794114576.encompasstpoconnect.com/#/content/home_490447,,https://logos.mtg.broker/lender-matrices/recRMJ5HsaHOC2IcD.pdf?v=att6zbfvj2zLIombP,,source_extracted_not_human_verified
American Pride Bank (APB),Solutions Foreign National | DSCR,dscr,"Foreign National, Debt Service Coverage Ratio (DSCR)",recKfluRmffHOK6S5,2026-04-27,2026-07-22,150000,3000000,700,,,700,,,1,70,70,65,70,,,,70,70,30,85,80,Investment,1 Unit (SFR); 2 Units; 3-4 Units; Condo (Warrantable); Condo (Non-Warrantable); Condotel,1 Unit (SFR); 2 Units; 3-4 Units; Condo (Warrantable); Condo (Non-Warrantable); Condotel,,Purchase; Refi (Rate Term); Refi (Cash Out),Alaska (AK); Alabama (AL); Arkansas (AR); Arizona (AZ); California (CA); Colorado (CO); Connecticut (CT); Delaware (DE); Florida (FL); Georgia (GA); Hawaii (HI); Iowa (IA); Idaho (ID); Illinois (IL); Indiana (IN); Kansas (KS); Kentucky (KY); Louisiana (LA); Massachusetts (MA); Maine (ME); Michigan (MI); Minnesota (MN); Missouri (MO); Mississippi (MS); Montana (MT); North Carolina (NC); North Dakota (ND); Nebraska (NE); New Hampshire (NH); New Jersey (NJ); New Mexico (NM); Nevada (NV); New York (NY); Ohio (OH); Oklahoma (OK); Oregon (OR); Pennsylvania (PA); Rhode Island (RI); South Carolina (SC); South Dakota (SD); Tennessee (TN); Texas (TX); Utah (UT); Virginia (VA); Vermont (VT); Washington (WA); Wisconsin (WI); West Virginia (WV); Wyoming (WY),Maryland (MD),"MD is ineligible. FL and TX: Non-Permanent Resident Aliens from China are ineligible. NY: short term rentals in the 5 NYC boroughs are ineligible. HI: lava zones 1 and 2 are ineligible.
",🔴 No,🟢 Yes,,,,,,,,,,,,,,,,"30-day asset verification required for US based accounts; 60 days for foreign assets. Deposits greater than 50% of gross income must be documented on purchases. Age of documentation: credit 120 days, income and assets 90 days.
",,,,,,,🟢 Yes,🔴 Not permitted,🟡 Yes (Up to 10 Acres - 10% Leverage Reduction),"Declining markets, as identified by the appraiser, require a 5% LTV reduction off matrix max when LTV > 65%. Condos and 2-4 units: max LTV/CLTV 70% purchase and rate/term, 65% cash-out. Condotel: max 65% LTV purchase and rate/term, 60% cash-out. Rural (vacation areas only) property up to 2 acres: max LTV is the lesser of 65% or the applicable matrix LTV. 6 months reserves instead of 12 requires a 5% LTV reduction.
","DSCR Investment (business purpose only) grid, DSCR ≥ 1.00 (Purchase / Rate-Term / Cash-Out). 700+ FICO — $2,000,000 70/70/65, $2,500,000 65/65/60, $3,000,000 60/60/55. Foreign Credit — $2,000,000 70/70/65, $2,500,000 65/65/60, $3,000,000 55/55/50. Max DTI does not apply to DSCR.
",https://1794114576.encompasstpoconnect.com/#/content/home_490447,,https://logos.mtg.broker/lender-matrices/recKfluRmffHOK6S5.pdf?v=att4AEiw4pKCzUrTo,,source_extracted_not_human_verified
American Pride Bank (APB),Solutions Super Jumbo | Asset Utilization,asset_depletion,"Super Jumbo, Asset Depletion | Utilization",recWgGZglQOGRjmrd,2026-01-15,2026-07-22,3500001,5000000,720,,,,38,,,70,70,60,70,,,,70,70,30,85,80,Primary,1 Unit (SFR); PUD; Condo (Warrantable); Condo (Non-Warrantable),1 Unit (SFR); PUD; Condo (Warrantable); Condo (Non-Warrantable),,Purchase; Refi (Rate Term); Refi (Cash Out),Alaska (AK); Alabama (AL); Arkansas (AR); Arizona (AZ); California (CA); Colorado (CO); Connecticut (CT); Delaware (DE); Florida (FL); Georgia (GA); Iowa (IA); Idaho (ID); Illinois (IL); Indiana (IN); Kansas (KS); Kentucky (KY); Louisiana (LA); Massachusetts (MA); Maine (ME); Michigan (MI); Minnesota (MN); Missouri (MO); Mississippi (MS); Montana (MT); North Carolina (NC); North Dakota (ND); Nebraska (NE); New Hampshire (NH); New Jersey (NJ); New Mexico (NM); Nevada (NV); New York (NY); Ohio (OH); Oklahoma (OK); Oregon (OR); Pennsylvania (PA); Rhode Island (RI); South Carolina (SC); South Dakota (SD); Tennessee (TN); Texas (TX); Utah (UT); Virginia (VA); Vermont (VT); Washington (WA); Wisconsin (WI); West Virginia (WV); Wyoming (WY),Maryland (MD); Hawaii (HI),"MD and HI are ineligible. IL: Cook, Kane, Peoria and Will counties are not permitted for owner occupied. NY: Orange County is ineligible. FL and TX: Foreign Nationals and Non-Permanent Resident Aliens from China are ineligible. TX: cash out not permitted.
",🔴 No,🔴 No,,,,,,,,,,,,,,,3 Months,"30-day asset verification required. Eligible assets must be sourced and seasoned for 3 months. Age of documents: credit 120 days, income and assets 90 days.
",,,,,,🔴 No,,"🟡 Allowed. After 20% Contribution Toward Down Payment, Closing Costs, Prepaids and Reserves Are Met From Borrower’s Own Funds",🔴 No,"Declining markets: Purchase and Rate/Term take the lesser of the matrix LTV or 65%; Cash-out takes the lesser of the matrix LTV or 55%.
","Primary only (Purchase / Rate & Term / Cash-Out). $3,500,001 to $4,000,000: 740 FICO 70/70/60, 720 FICO 65/65/55. $4,000,001 to $4,500,000: 740 FICO 65/65/55, 720 FICO 60/60/50. $4,500,001 to $5,000,000: 740 FICO 65/65/55, 720 FICO 60/60/50. Asset Utilization follows the LTV limits in the matrix for Purchase, Rate/Term and Cash-Out. Max DTI 38%.
",https://1794114576.encompasstpoconnect.com/#/content/home_490447,,https://logos.mtg.broker/lender-matrices/recWgGZglQOGRjmrd.pdf?v=attbKG9h8mPJWbR3b,,source_extracted_not_human_verified
American Pride Bank (APB),Solutions Super Jumbo | Business & Co-Mingled Bank Statements,bank_statement,"Super Jumbo, Bank Statements Loans",recU3yHvC2O5z0SRj,2026-01-15,2026-07-22,3500001,5000000,720,,,,38,,,70,70,60,70,,,,70,70,30,85,80,Primary,1 Unit (SFR); PUD; Condo (Warrantable); Condo (Non-Warrantable),1 Unit (SFR); PUD; Condo (Warrantable); Condo (Non-Warrantable),,Purchase; Refi (Rate Term); Refi (Cash Out),Alaska (AK); Alabama (AL); Arkansas (AR); Arizona (AZ); California (CA); Colorado (CO); Connecticut (CT); Delaware (DE); Florida (FL); Georgia (GA); Iowa (IA); Idaho (ID); Illinois (IL); Indiana (IN); Kansas (KS); Kentucky (KY); Louisiana (LA); Massachusetts (MA); Maine (ME); Michigan (MI); Minnesota (MN); Missouri (MO); Mississippi (MS); Montana (MT); North Carolina (NC); North Dakota (ND); Nebraska (NE); New Hampshire (NH); New Jersey (NJ); New Mexico (NM); Nevada (NV); New York (NY); Ohio (OH); Oklahoma (OK); Oregon (OR); Pennsylvania (PA); Rhode Island (RI); South Carolina (SC); South Dakota (SD); Tennessee (TN); Texas (TX); Utah (UT); Virginia (VA); Vermont (VT); Washington (WA); Wisconsin (WI); West Virginia (WV); Wyoming (WY),Maryland (MD); Hawaii (HI),"MD and HI are ineligible. IL: Cook, Kane, Peoria and Will counties are not permitted for owner occupied. NY: Orange County is ineligible. FL and TX: Foreign Nationals and Non-Permanent Resident Aliens from China are ineligible. TX: cash out not permitted.
",🔴 No,🔴 No,24,,Business,,50,,"24 months of business bank statements. Qualifying income is determined by ONE of the following analysis methods: a fixed expense ratio of 50%; OR an expense ratio provided by a 3rd party (CPA or EA) with a minimum ratio of 20%; OR a 3rd party prepared Profit & Loss Statement (CPA or EA) with minimum 20% expenses.
",,,,,,,,,"30-day asset verification required. Age of documents: credit 120 days, income and assets 90 days.
",,,,,,🔴 No,,"🟡 Allowed. After 20% Contribution Toward Down Payment, Closing Costs, Prepaids and Reserves Are Met From Borrower’s Own Funds",🔴 No,"Declining markets: Purchase and Rate/Term take the lesser of the matrix LTV or 65%; Cash-out takes the lesser of the matrix LTV or 55%.
","Primary only (Purchase / Rate & Term / Cash-Out). $3,500,001 to $4,000,000: 740 FICO 70/70/60, 720 FICO 65/65/55. $4,000,001 to $4,500,000: 740 FICO 65/65/55, 720 FICO 60/60/50. $4,500,001 to $5,000,000: 740 FICO 65/65/55, 720 FICO 60/60/50. Max DTI 38%.
",https://1794114576.encompasstpoconnect.com/#/content/home_490447,,https://logos.mtg.broker/lender-matrices/recU3yHvC2O5z0SRj.pdf?v=attykxWcD52TKC9W6,,source_extracted_not_human_verified
American Pride Bank (APB),Solutions Super Jumbo | Personal Bank Statements,bank_statement,"Super Jumbo, Bank Statements Loans",recm5JrMuDvGTnIdw,2026-01-15,2026-07-22,3500001,5000000,720,,,,38,,,70,70,60,70,,,,70,70,30,85,80,Primary,1 Unit (SFR); PUD; Condo (Warrantable); Condo (Non-Warrantable),1 Unit (SFR); PUD; Condo (Warrantable); Condo (Non-Warrantable),,Purchase; Refi (Rate Term); Refi (Cash Out),Alaska (AK); Alabama (AL); Arkansas (AR); Arizona (AZ); California (CA); Colorado (CO); Connecticut (CT); Delaware (DE); Florida (FL); Georgia (GA); Iowa (IA); Idaho (ID); Illinois (IL); Indiana (IN); Kansas (KS); Kentucky (KY); Louisiana (LA); Massachusetts (MA); Maine (ME); Michigan (MI); Minnesota (MN); Missouri (MO); Mississippi (MS); Montana (MT); North Carolina (NC); North Dakota (ND); Nebraska (NE); New Hampshire (NH); New Jersey (NJ); New Mexico (NM); Nevada (NV); New York (NY); Ohio (OH); Oklahoma (OK); Oregon (OR); Pennsylvania (PA); Rhode Island (RI); South Carolina (SC); South Dakota (SD); Tennessee (TN); Texas (TX); Utah (UT); Virginia (VA); Vermont (VT); Washington (WA); Wisconsin (WI); West Virginia (WV); Wyoming (WY),Maryland (MD); Hawaii (HI),"MD and HI are ineligible. IL: Cook, Kane, Peoria and Will counties are not permitted for owner occupied. NY: Orange County is ineligible. FL and TX: Foreign Nationals and Non-Permanent Resident Aliens from China are ineligible. TX: cash out not permitted.
",🔴 No,🔴 No,24,,Personal,,,,"24 months of personal bank statements plus 2 months of business bank statements. Qualifying income is the total eligible deposits from the 24 months of personal statements divided by the number of statements. The business bank statements must reflect business activity and transfers to the personal account.
",,,,,,,,,"30-day asset verification required. Age of documents: credit 120 days, income and assets 90 days.
",,,,,,🔴 No,,"🟡 Allowed. After 20% Contribution Toward Down Payment, Closing Costs, Prepaids and Reserves Are Met From Borrower’s Own Funds",🔴 No,"Declining markets: Purchase and Rate/Term take the lesser of the matrix LTV or 65%; Cash-out takes the lesser of the matrix LTV or 55%.
","Primary only (Purchase / Rate & Term / Cash-Out). $3,500,001 to $4,000,000: 740 FICO 70/70/60, 720 FICO 65/65/55. $4,000,001 to $4,500,000: 740 FICO 65/65/55, 720 FICO 60/60/50. $4,500,001 to $5,000,000: 740 FICO 65/65/55, 720 FICO 60/60/50. Max DTI 38%.
",https://1794114576.encompasstpoconnect.com/#/content/home_490447,,https://logos.mtg.broker/lender-matrices/recm5JrMuDvGTnIdw.pdf?v=attErGOuZsCWEolkl,,source_extracted_not_human_verified
AmeriTrust Mortgage Corp,Diamond 2nd Lien (Closed-End Second),second_lien,2nd Mortgage (Non-QM),rec678kqHkJOKOusD,2025-09-10,2026-07-30,50000,750000,660,,,,,,,80,80,80,,,,75,80,80,20,85,80,Primary; 2nd Home; Investment,1 Unit (SFR); 2 Units; 3-4 Units; PUD; Condo (Warrantable); Rural,1 Unit (SFR); 2 Units; 3-4 Units; PUD; Condo (Warrantable); Rural,,Purchase; Refi (Cash Out); Refi (Rate Term),,Alaska (AK); Delaware (DE); Hawaii (HI); Maine (ME); Massachusetts (MA); Montana (MT); New Hampshire (NH); New York (NY); Vermont (VT); West Virginia (WV); Wyoming (WY),,,,,,,,,,,,,,,,,,,,,,,,,,,,,,,https://ameritrusttpo.com/programs/,,https://logos.mtg.broker/lender-matrices/rec678kqHkJOKOusD.pdf?v=att4H6WKozCWlw2rn,,source_extracted_not_human_verified
AmeriTrust Mortgage Corp,Diamond DSCR 1-4 | DSCR >= 1.00,dscr,Debt Service Coverage Ratio (DSCR),rec0Z59C0IvVZ9m1a,2026-03-16,2026-07-30,100000,3500000,640,,,,,,1,80,75,75,,,,75,80,80,20,85,80,Investment,1 Unit (SFR); 2 Units; 3-4 Units; PUD; Condo (Warrantable); Condo (Non-Warrantable); Condotel; Modular; SFR + 1ADU; Site Condo; Rural,1 Unit (SFR); 2 Units; 3-4 Units; PUD; Condo (Warrantable); Condo (Non-Warrantable); Condotel; Modular; SFR + 1ADU; Site Condo; Rural,,Purchase; Refi (Cash Out); Refi (Rate Term),,Puerto Rico (PR); Guam (GU); US Virgin Islands (VI),,,,,,,,,,,,,,,,,,,,,,,,,,,,,,,https://ameritrusttpo.com/programs/,,https://logos.mtg.broker/lender-matrices/rec0Z59C0IvVZ9m1a.pdf?v=attnGRjyTuX95yLCp,https://logos.mtg.broker/lender-guidelines/rec0Z59C0IvVZ9m1a.pdf?v=attYfwQT49lVTNEMN,source_extracted_not_human_verified
AmeriTrust Mortgage Corp,Diamond DSCR 1-4 | No Ratio (< 1.00),dscr,Debt Service Coverage Ratio (DSCR),rec0OJ1wFZRVj6UK2,2026-03-16,2026-07-30,100000,3000000,660,,,,,,,75,70,70,,,,75,75,75,25,85,80,Investment,1 Unit (SFR); 2 Units; 3-4 Units; PUD; Condo (Warrantable); Condotel; Modular; SFR + 1ADU; Rural,1 Unit (SFR); 2 Units; 3-4 Units; PUD; Condo (Warrantable); Condotel; Modular; SFR + 1ADU; Rural,,Purchase; Refi (Cash Out); Refi (Rate Term),,Puerto Rico (PR); Guam (GU); US Virgin Islands (VI),,,,,,,,,,,,,,,,,,,,,,,,,,,,,,,https://ameritrusttpo.com/programs/,,https://logos.mtg.broker/lender-matrices/rec0OJ1wFZRVj6UK2.pdf?v=attkzrtBQDP4h6xGu,https://logos.mtg.broker/lender-guidelines/rec0OJ1wFZRVj6UK2.pdf?v=attp0ENRcFVXDEaDB,source_extracted_not_human_verified
AmeriTrust Mortgage Corp,Diamond DSCR 5-8 Units,5_8_unit_dscr; dscr,Debt Service Coverage Ratio (DSCR),recqr3oUYjo6A0S1l,2026-02-13,2026-07-30,250000,3000000,720,,,,,,1,75,75,70,,,,,75,75,25,85,80,Investment,Multi-Unit (5-8),Multi-Unit (5-8),,Purchase; Refi (Cash Out); Refi (Rate Term),,District of Columbia (DC),,,,,,,,,,,,,,,,,,,,,,,,,,,,,,,https://ameritrusttpo.com/programs/,,https://logos.mtg.broker/lender-matrices/recqr3oUYjo6A0S1l.pdf?v=attWtwqMaCJB6UJkL,,source_extracted_not_human_verified
AmeriTrust Mortgage Corp,Diamond Full & Alt Doc | Asset Utilization,asset_depletion,Asset Depletion | Utilization,rec3yzQyApiNjU5uM,2026-03-16,2026-07-30,150000,4000000,660,,,,,,,90,85,80,,,,85,90,90,10,85,80,Primary; 2nd Home; Investment,1 Unit (SFR); 2 Units; 3-4 Units; PUD; Condo (Warrantable); Condo (Non-Warrantable); SFR + 1ADU; Condotel; Rural,1 Unit (SFR); 2 Units; 3-4 Units; PUD; Condo (Warrantable); Condo (Non-Warrantable); SFR + 1ADU; Condotel; Rural,,Purchase; Refi (Cash Out); Refi (Rate Term),,Alaska (AK); Delaware (DE); Hawaii (HI); Maine (ME); Massachusetts (MA); Montana (MT); New Hampshire (NH); New York (NY); Vermont (VT); West Virginia (WV); Wyoming (WY),,,,,,,,,,,,,,,,,,,,,,,,,,,,,,,https://ameritrusttpo.com/programs/,,https://logos.mtg.broker/lender-matrices/rec3yzQyApiNjU5uM.pdf?v=attOOh5exIdgIGCbi,,source_extracted_not_human_verified
AmeriTrust Mortgage Corp,Diamond Full & Alt Doc | Bank Statement,bank_statement,Bank Statements Loans,recKgwu20ZRCK7EfQ,2026-03-16,2026-07-30,150000,4000000,620,,,,,,,90,85,80,,,,85,90,90,10,85,80,Primary; 2nd Home; Investment,1 Unit (SFR); 2 Units; 3-4 Units; PUD; Condo (Warrantable); Condo (Non-Warrantable); SFR + 1ADU; Condotel; Rural,1 Unit (SFR); 2 Units; 3-4 Units; PUD; Condo (Warrantable); Condo (Non-Warrantable); SFR + 1ADU; Condotel; Rural,,Purchase; Refi (Cash Out); Refi (Rate Term),,Alaska (AK); Delaware (DE); Hawaii (HI); Maine (ME); Massachusetts (MA); Montana (MT); New Hampshire (NH); New York (NY); Vermont (VT); West Virginia (WV); Wyoming (WY),,,,,,,,,,,,,,,,,,,,,,,,,,,,,,,https://ameritrusttpo.com/programs/,,https://logos.mtg.broker/lender-matrices/recKgwu20ZRCK7EfQ.pdf?v=attSfYHiLmkm9Eopk,,source_extracted_not_human_verified
AmeriTrust Mortgage Corp,Diamond ITIN,itin,ITIN,reccI8a55hz5CcZHK,2025-12-01,2026-08-13,100000,1500000,680,,,,,,,80,80,65,,,,80,80,80,20,85,80,Primary; 2nd Home; Investment,1 Unit (SFR); 2 Units; 3-4 Units; PUD; Condo (Warrantable); Condo (Non-Warrantable),1 Unit (SFR); 2 Units; 3-4 Units; PUD; Condo (Warrantable); Condo (Non-Warrantable),,Purchase; Refi (Cash Out); Refi (Rate Term),,Alaska (AK); Delaware (DE); Hawaii (HI); Maine (ME); Massachusetts (MA); Montana (MT); New Hampshire (NH); New York (NY); Vermont (VT); West Virginia (WV); Wyoming (WY),,,,,,,,,,,,,,,,,,,,,,,,,,,,,,,https://ameritrusttpo.com/programs/,,https://logos.mtg.broker/lender-matrices/reccI8a55hz5CcZHK.pdf?v=attEvXr2b3YGPVtO3,,source_extracted_not_human_verified
AmeriTrust Mortgage Corp,Diamond P&L (+ 2mo Bank Statement),pnl_only,P&L (Profit and Loss) Statement,rec6DSKeYjTchTehY,2026-03-16,2026-07-30,150000,3000000,660,,,,,,,80,75,70,,,,80,80,80,20,85,80,Primary; 2nd Home; Investment,1 Unit (SFR); 2 Units; 3-4 Units; PUD; Condo (Warrantable); Condo (Non-Warrantable); SFR + 1ADU; Condotel; Rural,1 Unit (SFR); 2 Units; 3-4 Units; PUD; Condo (Warrantable); Condo (Non-Warrantable); SFR + 1ADU; Condotel; Rural,,Purchase; Refi (Cash Out); Refi (Rate Term),,Alaska (AK); Delaware (DE); Hawaii (HI); Maine (ME); Massachusetts (MA); Montana (MT); New Hampshire (NH); New York (NY); Vermont (VT); West Virginia (WV); Wyoming (WY),,,,,,,,,,,,,,,False,confirms_tax_filing_only,,,,,,,,,,,,,,,https://ameritrusttpo.com/programs/,,https://logos.mtg.broker/lender-matrices/rec6DSKeYjTchTehY.pdf?v=att2ZddG2PZMkB35A,,source_extracted_not_human_verified
AmeriTrust Mortgage Corp,Diamond Plus DSCR 1-4,dscr,Debt Service Coverage Ratio (DSCR),recBu4SrZXdP4b54p,2026-04-15,2026-07-30,125000,2000000,660,,,,,,1,80,80,75,,,,75,80,80,20,85,80,Investment,1 Unit (SFR); 2 Units; 3-4 Units; PUD; Condo (Warrantable); Condo (Non-Warrantable); SFR + 1ADU,1 Unit (SFR); 2 Units; 3-4 Units; PUD; Condo (Warrantable); Condo (Non-Warrantable); SFR + 1ADU,,Purchase; Refi (Cash Out); Refi (Rate Term),,Puerto Rico (PR); Guam (GU); US Virgin Islands (VI),,,,,,,,,,,,,,,,,,,,,,,,,,,,,,,https://ameritrusttpo.com/programs/,,https://logos.mtg.broker/lender-matrices/recBu4SrZXdP4b54p.pdf?v=attePgMInkFvjCooi,,source_extracted_not_human_verified
AmeriTrust Mortgage Corp,Diamond Plus Full & Alt Doc | Asset Utilization,asset_depletion,Asset Depletion | Utilization,recSTyTkoVLjZymlz,2026-04-24,2026-07-30,150000,3500000,660,,,,,,,90,90,80,,,,85,90,90,10,85,80,Primary; 2nd Home; Investment,1 Unit (SFR); 2 Units; 3-4 Units; PUD; Condo (Warrantable); Condo (Non-Warrantable); SFR + 1ADU; Rural,1 Unit (SFR); 2 Units; 3-4 Units; PUD; Condo (Warrantable); Condo (Non-Warrantable); SFR + 1ADU; Rural,,Purchase; Refi (Cash Out); Refi (Rate Term),,Alaska (AK); Delaware (DE); Hawaii (HI); Maine (ME); Massachusetts (MA); Montana (MT); New Hampshire (NH); New York (NY); Vermont (VT); West Virginia (WV); Wyoming (WY),,,,,,,,,,,,,,,,,,,,,,,,,,,,,,,https://ameritrusttpo.com/programs/,,https://logos.mtg.broker/lender-matrices/recSTyTkoVLjZymlz.pdf?v=att0ohszsUFvc1LSY,,source_extracted_not_human_verified
AmeriTrust Mortgage Corp,Diamond Plus Full & Alt Doc | Bank Statement,bank_statement,Bank Statements Loans,recFqMwkjecUUv7kW,2026-04-24,2026-07-30,150000,3500000,660,,,,,,,90,90,80,,,,85,90,90,10,85,80,Primary; 2nd Home; Investment,1 Unit (SFR); 2 Units; 3-4 Units; PUD; Condo (Warrantable); Condo (Non-Warrantable); SFR + 1ADU; Rural,1 Unit (SFR); 2 Units; 3-4 Units; PUD; Condo (Warrantable); Condo (Non-Warrantable); SFR + 1ADU; Rural,,Purchase; Refi (Cash Out); Refi (Rate Term),,Alaska (AK); Delaware (DE); Hawaii (HI); Maine (ME); Massachusetts (MA); Montana (MT); New Hampshire (NH); New York (NY); Vermont (VT); West Virginia (WV); Wyoming (WY),,,,,,,,,,,,,,,,,,,,,,,,,,,,,,,https://ameritrusttpo.com/programs/,,https://logos.mtg.broker/lender-matrices/recFqMwkjecUUv7kW.pdf?v=attWCJtOm4cUphprN,,source_extracted_not_human_verified
AmeriTrust Mortgage Corp,Garnet DSCR 1-4,dscr,Debt Service Coverage Ratio (DSCR),recb5FATbrDuFGeXK,2025-09-01,2026-07-30,100000,3500000,620,,,,,,1,80,80,75,,,,80,80,80,20,85,80,Investment,1 Unit (SFR); 2 Units; 3-4 Units; PUD; Condo (Warrantable); Condo (Non-Warrantable); SFR + 1ADU; Rural,1 Unit (SFR); 2 Units; 3-4 Units; PUD; Condo (Warrantable); Condo (Non-Warrantable); SFR + 1ADU; Rural,,Purchase; Refi (Cash Out); Refi (Rate Term),,,,,,,,,,,,,,,,,,,,,,,,,,,,,,,,,https://ameritrusttpo.com/programs/,,https://logos.mtg.broker/lender-matrices/recb5FATbrDuFGeXK.pdf?v=attXevcVKfplbqj7t,,source_extracted_not_human_verified
AmeriTrust Mortgage Corp,Garnet Full & Alt Doc | Asset Utilization,asset_depletion,Asset Depletion | Utilization,recia8YwryWUCDs9k,2025-09-01,2026-07-30,125000,2000000,660,,,,,,,80,80,75,,,,85,85,85,15,85,80,Primary; 2nd Home; Investment,1 Unit (SFR); 2 Units; 3-4 Units; PUD; Condo (Warrantable); Condo (Non-Warrantable); SFR + 1ADU; Rural,1 Unit (SFR); 2 Units; 3-4 Units; PUD; Condo (Warrantable); Condo (Non-Warrantable); SFR + 1ADU; Rural,,Purchase; Refi (Cash Out); Refi (Rate Term),,Alaska (AK); Delaware (DE); Hawaii (HI); Maine (ME); Massachusetts (MA); Montana (MT); New Hampshire (NH); New York (NY); Vermont (VT); West Virginia (WV); Wyoming (WY),,,,,,,,,,,,,,,,,,,,,,,,,,,,,,,https://ameritrusttpo.com/programs/,,https://logos.mtg.broker/lender-matrices/recia8YwryWUCDs9k.pdf?v=attf4Q5Fz0Kn2cJ34,,source_extracted_not_human_verified
AmeriTrust Mortgage Corp,Garnet Full & Alt Doc | Bank Statement,bank_statement,Bank Statements Loans,recjVsdp5EicVbqkT,2025-09-01,2026-07-30,125000,4000000,660,,,,,,,80,80,75,,,,85,85,85,15,85,80,Primary; 2nd Home; Investment,1 Unit (SFR); 2 Units; 3-4 Units; PUD; Condo (Warrantable); Condo (Non-Warrantable); SFR + 1ADU; Rural,1 Unit (SFR); 2 Units; 3-4 Units; PUD; Condo (Warrantable); Condo (Non-Warrantable); SFR + 1ADU; Rural,,Purchase; Refi (Cash Out); Refi (Rate Term),,Alaska (AK); Delaware (DE); Hawaii (HI); Maine (ME); Massachusetts (MA); Montana (MT); New Hampshire (NH); New York (NY); Vermont (VT); West Virginia (WV); Wyoming (WY),,,,,,,,,,,,,,,,,,,,,,,,,,,,,,,https://ameritrusttpo.com/programs/,,https://logos.mtg.broker/lender-matrices/recjVsdp5EicVbqkT.pdf?v=attb03WQJJKOwZTp1,,source_extracted_not_human_verified
AmeriTrust Mortgage Corp,Gold ITIN,itin,ITIN,rec6EytrOWUI9GREZ,2024-07-01,2026-08-10,75000,1250000,600,,,,,,,80,80,75,,,,75,80,80,20,85,80,Primary; 2nd Home; Investment,1 Unit (SFR); 2 Units; 3-4 Units; PUD; Condo (Warrantable); Condo (Non-Warrantable); Manufactured Homes,1 Unit (SFR); 2 Units; 3-4 Units; PUD; Condo (Warrantable); Condo (Non-Warrantable); Manufactured Homes,,Purchase; Refi (Cash Out); Refi (Rate Term),,Alaska (AK); Delaware (DE); Hawaii (HI); Maine (ME); Massachusetts (MA); Montana (MT); New Hampshire (NH); New York (NY); Vermont (VT); West Virginia (WV); Wyoming (WY),,,,,,,,,,,,,,,,,,,,,,,,,,,,,,,https://ameritrusttpo.com/programs/,,https://logos.mtg.broker/lender-matrices/rec6EytrOWUI9GREZ.pdf?v=att2m8NNrbAYhCx4M,,source_extracted_not_human_verified
AmeriTrust Mortgage Corp,Gold Series | Asset Depletion,asset_depletion,Asset Depletion | Utilization,recX4cyxtkqJY5zpF,2024-07-01,2026-07-30,50000,1250000,600,,,,,,,85,85,75,,,,75,85,85,15,85,80,Primary; 2nd Home; Investment,1 Unit (SFR); 2 Units; 3-4 Units; PUD; Condo (Warrantable); Condo (Non-Warrantable); Manufactured Homes,1 Unit (SFR); 2 Units; 3-4 Units; PUD; Condo (Warrantable); Condo (Non-Warrantable); Manufactured Homes,,Purchase; Refi (Cash Out); Refi (Rate Term),,Alaska (AK); Delaware (DE); Hawaii (HI); Maine (ME); Massachusetts (MA); Montana (MT); New Hampshire (NH); New York (NY); Vermont (VT); West Virginia (WV); Wyoming (WY),,,,,,,,,,,,,,,,,,,,,,,,,,,,,,,https://ameritrusttpo.com/programs/,,https://logos.mtg.broker/lender-matrices/recX4cyxtkqJY5zpF.pdf?v=attQlREmkskZyZ7k7,,source_extracted_not_human_verified
AmeriTrust Mortgage Corp,Gold Series | Bank Statement,bank_statement,Bank Statements Loans,recuoCIf5nGVFCcOA,2024-07-01,2026-07-30,50000,1250000,600,,,,,,,85,85,75,,,,75,85,85,15,85,80,Primary; 2nd Home; Investment,1 Unit (SFR); 2 Units; 3-4 Units; PUD; Condo (Warrantable); Condo (Non-Warrantable); Manufactured Homes,1 Unit (SFR); 2 Units; 3-4 Units; PUD; Condo (Warrantable); Condo (Non-Warrantable); Manufactured Homes,,Purchase; Refi (Cash Out); Refi (Rate Term),,Alaska (AK); Delaware (DE); Hawaii (HI); Maine (ME); Massachusetts (MA); Montana (MT); New Hampshire (NH); New York (NY); Vermont (VT); West Virginia (WV); Wyoming (WY),,,,,,,,,,,,,,,,,,,,,,,,,,,,,,,https://ameritrusttpo.com/programs/,,https://logos.mtg.broker/lender-matrices/recuoCIf5nGVFCcOA.pdf?v=attzi84d69xCeNO3i,,source_extracted_not_human_verified
ARC Home LLC,"Access Alt Income | 1-Yr Full Doc, WVOE, Bank Statement & 1099",bank_statement,"Non-QM Full Doc, WVOE Only, Bank Statements Loans, 1099 Only",recss67MBhv1Ubtw9,2026-07-10,2026-08-11,125000,3500000,660,,,,50,,,90,90,80,90,,,,90,90,10,85,80,Primary; 2nd Home; Investment,1 Unit (SFR); PUD; Townhome; Condo (Warrantable); Condo (Non-Warrantable); Condotel; 2 Units; 3-4 Units,1 Unit (SFR); PUD; Townhome; Condo (Warrantable); Condo (Non-Warrantable); Condotel; 2 Units; 3-4 Units,,Purchase; Refi (Rate Term); Refi (Cash Out),,,,🔴 No,🔴 No,,,,,,,,,,,,,,,,,,,,,,,,,,,"Primary purchase/rate-term: $3.5M/740/65% (1-4), $3.5M/720/60%, $3.0M/720/75%, $3.0M/700/70%, $3.0M 1-unit/680/65%, $2.5M/720/80%, $2.5M/700/75%, $2.5M/660/70%, $2.0M/740/85%, $2.0M/700/80%, $2.0M/660/75%, $1.5M 1-unit/700/85%, $1.5M/680/80%, $1.5M/660/75%, $1.0M 1-unit/720/90%, $1.0M 2-4/700/85%, $1.0M/660/80%. Primary cash-out: $3.0M 1-unit/720/70%, $3.0M 2-4/720/65%, $3.0M 1-unit/700/65%, $3.0M 2-4/700/60%, $2.5M/720/70%, $2.5M/700/65%, $2.5M/680/60%, $2.0M 1-unit/700/75%, $2.0M 2-4/740/75%, $2.0M/680/65%, $2.0M/660/60%, $1.5M 1-unit/680/80%, $1.5M 1-unit/660/70%, $1.5M 2-4/700/75%, $1.5M 2-4/680/70%, $1.0M 2-4/740/80%. Second Home (1 unit) purchase/rate-term: $3.5M/720/60%, $3.0M/700/70%, $2.5M/700/75%, $2.5M/680/70%, $2.5M/660/65%, $2.0M/700/80%, $2.0M/680/75%, $2.0M/660/70%, $1.5M/680/80%, $1.5M/660/75%, $1.0M/700/85%, $1.0M/660/80%; cash-out: $3.0M/700/60%, $2.5M/700/65%, $2.0M/700/70%, $2.0M/680/65%, $2.0M/660/60%, $1.5M/720/75%, $1.5M/660/70%, $1.0M/700/75%, $1.0M/660/70%. Investment (1-4 units) purchase/rate-term: $3.0M/700/70%, $2.5M/700/75%, $2.5M/680/70%, $2.5M/660/65%, $2.0M/700/80%, $2.0M/680/75%, $2.0M/660/70%, $1.5M/680/80%, $1.5M/660/75%, $1.0M/700/85%, $1.0M/660/80%; cash-out: $3.0M/700/60%, $2.5M/700/65%, $2.0M/700/70%, $2.0M/680/65%, $2.0M/660/60%, $1.5M/720/75%, $1.5M/660/70%, $1.0M/700/75%, $1.0M/660/70%. Warrantable condos max 85% LTV/CLTV. Rural property max 75% LTV/CLTV. Non-warrantable condos including condotels max 80% LTV/CLTV. First Time Homebuyers min 680 FICO and max 45% DTI. Cash-out: LTV/CLTV <= 60% unlimited cash-in-hand; > 60% max $750k cash-in-hand.
",https://wholesale.archomellc.com/page/wholesale-loan-products,https://wholesale.archomellc.com/uploads/sites/17046/public/Arc_Underwriting_Guide_8_3_2026.pdf,https://logos.mtg.broker/lender-matrices/recss67MBhv1Ubtw9.pdf?v=attknmVA56t6Mfj8h,,source_extracted_not_human_verified
ARC Home LLC,Access Alt Income | Asset Qualifier,asset_depletion,Asset Qualifier,reczuLZeFNuS3QmE5,2026-07-10,2026-08-11,125000,3500000,660,,,,,,,80,80,80,80,,,,80,80,20,85,80,Primary; 2nd Home; Investment,1 Unit (SFR); PUD; Townhome; Condo (Warrantable); Condo (Non-Warrantable); Condotel; 2 Units; 3-4 Units,1 Unit (SFR); PUD; Townhome; Condo (Warrantable); Condo (Non-Warrantable); Condotel; 2 Units; 3-4 Units,,Purchase; Refi (Rate Term); Refi (Cash Out),,,,🔴 No,🔴 No,,,,,,,,,,,,,,,,,,,,,,,,,,,"Asset Qualifier caps the Access Alt Income grid at 80% LTV/CLTV with min 660 FICO. Max DTI does not apply. Underlying Access Alt Income grid: Primary purchase/rate-term: $3.5M/740/65% (1-4), $3.5M/720/60%, $3.0M/720/75%, $3.0M/700/70%, $3.0M 1-unit/680/65%, $2.5M/720/80%, $2.5M/700/75%, $2.5M/660/70%, $2.0M/740/85%, $2.0M/700/80%, $2.0M/660/75%, $1.5M 1-unit/700/85%, $1.5M/680/80%, $1.5M/660/75%, $1.0M 1-unit/720/90%, $1.0M 2-4/700/85%, $1.0M/660/80%. Primary cash-out: $3.0M 1-unit/720/70%, $3.0M 2-4/720/65%, $3.0M 1-unit/700/65%, $3.0M 2-4/700/60%, $2.5M/720/70%, $2.5M/700/65%, $2.5M/680/60%, $2.0M 1-unit/700/75%, $2.0M 2-4/740/75%, $2.0M/680/65%, $2.0M/660/60%, $1.5M 1-unit/680/80%, $1.5M 1-unit/660/70%, $1.5M 2-4/700/75%, $1.5M 2-4/680/70%, $1.0M 2-4/740/80%. Second Home (1 unit) purchase/rate-term: $3.5M/720/60%, $3.0M/700/70%, $2.5M/700/75%, $2.5M/680/70%, $2.5M/660/65%, $2.0M/700/80%, $2.0M/680/75%, $2.0M/660/70%, $1.5M/680/80%, $1.5M/660/75%, $1.0M/700/85%, $1.0M/660/80%; cash-out: $3.0M/700/60%, $2.5M/700/65%, $2.0M/700/70%, $2.0M/680/65%, $2.0M/660/60%, $1.5M/720/75%, $1.5M/660/70%, $1.0M/700/75%, $1.0M/660/70%. Investment (1-4 units) purchase/rate-term: $3.0M/700/70%, $2.5M/700/75%, $2.5M/680/70%, $2.5M/660/65%, $2.0M/700/80%, $2.0M/680/75%, $2.0M/660/70%, $1.5M/680/80%, $1.5M/660/75%, $1.0M/700/85%, $1.0M/660/80%; cash-out: $3.0M/700/60%, $2.5M/700/65%, $2.0M/700/70%, $2.0M/680/65%, $2.0M/660/60%, $1.5M/720/75%, $1.5M/660/70%, $1.0M/700/75%, $1.0M/660/70%. Warrantable condos max 85% LTV/CLTV. Rural property max 75% LTV/CLTV. Non-warrantable condos including condotels max 80% LTV/CLTV. First Time Homebuyers min 680 FICO and max 45% DTI. Cash-out: LTV/CLTV <= 60% unlimited cash-in-hand; > 60% max $750k cash-in-hand.
",https://wholesale.archomellc.com/page/wholesale-loan-products,https://wholesale.archomellc.com/uploads/sites/17046/public/Arc_Underwriting_Guide_8_3_2026.pdf,https://logos.mtg.broker/lender-matrices/reczuLZeFNuS3QmE5.pdf?v=att4yhLNoLD7jtPvt,,source_extracted_not_human_verified
ARC Home LLC,Access Alt Income | Asset Utilization,asset_depletion,Asset Depletion | Utilization,recr80qNSqY7RnUKX,2026-07-10,2026-08-11,125000,3500000,660,,,,43,,,80,80,80,80,,,,80,80,20,85,80,Primary; 2nd Home; Investment,1 Unit (SFR); PUD; Townhome; Condo (Warrantable); Condo (Non-Warrantable); Condotel; 2 Units; 3-4 Units,1 Unit (SFR); PUD; Townhome; Condo (Warrantable); Condo (Non-Warrantable); Condotel; 2 Units; 3-4 Units,,Purchase; Refi (Rate Term); Refi (Cash Out),,,,🔴 No,🔴 No,,,,,,,,,,,,,,,,,,,,,,,,,,,"Asset Utilization caps the Access Alt Income grid at 80% LTV/CLTV with max 43% DTI and min 660 FICO. Underlying Access Alt Income grid: Primary purchase/rate-term: $3.5M/740/65% (1-4), $3.5M/720/60%, $3.0M/720/75%, $3.0M/700/70%, $3.0M 1-unit/680/65%, $2.5M/720/80%, $2.5M/700/75%, $2.5M/660/70%, $2.0M/740/85%, $2.0M/700/80%, $2.0M/660/75%, $1.5M 1-unit/700/85%, $1.5M/680/80%, $1.5M/660/75%, $1.0M 1-unit/720/90%, $1.0M 2-4/700/85%, $1.0M/660/80%. Primary cash-out: $3.0M 1-unit/720/70%, $3.0M 2-4/720/65%, $3.0M 1-unit/700/65%, $3.0M 2-4/700/60%, $2.5M/720/70%, $2.5M/700/65%, $2.5M/680/60%, $2.0M 1-unit/700/75%, $2.0M 2-4/740/75%, $2.0M/680/65%, $2.0M/660/60%, $1.5M 1-unit/680/80%, $1.5M 1-unit/660/70%, $1.5M 2-4/700/75%, $1.5M 2-4/680/70%, $1.0M 2-4/740/80%. Second Home (1 unit) purchase/rate-term: $3.5M/720/60%, $3.0M/700/70%, $2.5M/700/75%, $2.5M/680/70%, $2.5M/660/65%, $2.0M/700/80%, $2.0M/680/75%, $2.0M/660/70%, $1.5M/680/80%, $1.5M/660/75%, $1.0M/700/85%, $1.0M/660/80%; cash-out: $3.0M/700/60%, $2.5M/700/65%, $2.0M/700/70%, $2.0M/680/65%, $2.0M/660/60%, $1.5M/720/75%, $1.5M/660/70%, $1.0M/700/75%, $1.0M/660/70%. Investment (1-4 units) purchase/rate-term: $3.0M/700/70%, $2.5M/700/75%, $2.5M/680/70%, $2.5M/660/65%, $2.0M/700/80%, $2.0M/680/75%, $2.0M/660/70%, $1.5M/680/80%, $1.5M/660/75%, $1.0M/700/85%, $1.0M/660/80%; cash-out: $3.0M/700/60%, $2.5M/700/65%, $2.0M/700/70%, $2.0M/680/65%, $2.0M/660/60%, $1.5M/720/75%, $1.5M/660/70%, $1.0M/700/75%, $1.0M/660/70%. Warrantable condos max 85% LTV/CLTV. Rural property max 75% LTV/CLTV. Non-warrantable condos including condotels max 80% LTV/CLTV. First Time Homebuyers min 680 FICO and max 45% DTI. Cash-out: LTV/CLTV <= 60% unlimited cash-in-hand; > 60% max $750k cash-in-hand.
",https://wholesale.archomellc.com/page/wholesale-loan-products,https://wholesale.archomellc.com/uploads/sites/17046/public/Arc_Underwriting_Guide_8_3_2026.pdf,https://logos.mtg.broker/lender-matrices/recr80qNSqY7RnUKX.pdf?v=attdkFRInyA8Ohhv9,,source_extracted_not_human_verified
ARC Home LLC,Access Alt Income | CPA P&L,pnl_only,P&L (Profit and Loss) Statement,reccvBHFDFvlqvTnS,2026-07-10,2026-08-11,125000,3500000,660,,,,50,,,85,80,80,85,,,,85,85,15,85,80,Primary; 2nd Home; Investment,1 Unit (SFR); PUD; Townhome; Condo (Warrantable); Condo (Non-Warrantable); Condotel; 2 Units; 3-4 Units,1 Unit (SFR); PUD; Townhome; Condo (Warrantable); Condo (Non-Warrantable); Condotel; 2 Units; 3-4 Units,,Purchase; Refi (Rate Term); Refi (Cash Out),,,,🔴 No,🔴 No,,,,,,,,,,,,False,confirms_tax_filing_only,,,,,,,,,,,,,,"CPA Prepared P&L doc type caps the Access Alt Income grid at 85% LTV on purchases and 80% LTV on rate/term and cash-out refinances. Underlying Access Alt Income grid: Primary purchase/rate-term: $3.5M/740/65% (1-4), $3.5M/720/60%, $3.0M/720/75%, $3.0M/700/70%, $3.0M 1-unit/680/65%, $2.5M/720/80%, $2.5M/700/75%, $2.5M/660/70%, $2.0M/740/85%, $2.0M/700/80%, $2.0M/660/75%, $1.5M 1-unit/700/85%, $1.5M/680/80%, $1.5M/660/75%, $1.0M 1-unit/720/90%, $1.0M 2-4/700/85%, $1.0M/660/80%. Primary cash-out: $3.0M 1-unit/720/70%, $3.0M 2-4/720/65%, $3.0M 1-unit/700/65%, $3.0M 2-4/700/60%, $2.5M/720/70%, $2.5M/700/65%, $2.5M/680/60%, $2.0M 1-unit/700/75%, $2.0M 2-4/740/75%, $2.0M/680/65%, $2.0M/660/60%, $1.5M 1-unit/680/80%, $1.5M 1-unit/660/70%, $1.5M 2-4/700/75%, $1.5M 2-4/680/70%, $1.0M 2-4/740/80%. Second Home (1 unit) purchase/rate-term: $3.5M/720/60%, $3.0M/700/70%, $2.5M/700/75%, $2.5M/680/70%, $2.5M/660/65%, $2.0M/700/80%, $2.0M/680/75%, $2.0M/660/70%, $1.5M/680/80%, $1.5M/660/75%, $1.0M/700/85%, $1.0M/660/80%; cash-out: $3.0M/700/60%, $2.5M/700/65%, $2.0M/700/70%, $2.0M/680/65%, $2.0M/660/60%, $1.5M/720/75%, $1.5M/660/70%, $1.0M/700/75%, $1.0M/660/70%. Investment (1-4 units) purchase/rate-term: $3.0M/700/70%, $2.5M/700/75%, $2.5M/680/70%, $2.5M/660/65%, $2.0M/700/80%, $2.0M/680/75%, $2.0M/660/70%, $1.5M/680/80%, $1.5M/660/75%, $1.0M/700/85%, $1.0M/660/80%; cash-out: $3.0M/700/60%, $2.5M/700/65%, $2.0M/700/70%, $2.0M/680/65%, $2.0M/660/60%, $1.5M/720/75%, $1.5M/660/70%, $1.0M/700/75%, $1.0M/660/70%. Warrantable condos max 85% LTV/CLTV. Rural property max 75% LTV/CLTV. Non-warrantable condos including condotels max 80% LTV/CLTV. First Time Homebuyers min 680 FICO and max 45% DTI. Cash-out: LTV/CLTV <= 60% unlimited cash-in-hand; > 60% max $750k cash-in-hand.
",https://wholesale.archomellc.com/page/wholesale-loan-products,https://wholesale.archomellc.com/uploads/sites/17046/public/Arc_Underwriting_Guide_8_3_2026.pdf,https://logos.mtg.broker/lender-matrices/reccvBHFDFvlqvTnS.pdf?v=attSB2HjCAEcDXHhY,,source_extracted_not_human_verified
ARC Home LLC,Access DSCR,dscr,Debt Service Coverage Ratio (DSCR),recaBjDJDPjPsRAcN,2026-07-23,2026-08-11,125000,2500000,640,,,,,,0.75,80,80,75,80,,,,80,80,20,85,80,Investment,1 Unit (SFR); PUD; Townhome; Condo (Warrantable); Condo (Non-Warrantable); Condotel; 2 Units; 3-4 Units,1 Unit (SFR); PUD; Townhome; Condo (Warrantable); Condo (Non-Warrantable); Condotel; 2 Units; 3-4 Units,,Purchase; Refi (Rate Term); Refi (Cash Out),,,,🔴 No,🔴 No,,,,,,,,,,,,,,,,,,,,,,,🟢 Yes,,🟢 Yes,,"Grid (Purchase & Rate/Term / Cash-Out). DSCR >= 1.25: 740/$2.5M/70%/N-A. DSCR >= 1.0: 740 - $2.0M/75%/70%, $1.5M/80%/75%, $1.0M/80%/75%; 720 - $2.0M/75%/N-A, $1.5M/80%/75%, $1.0M/80%/75%; 700 - $2.0M/70%/N-A, $1.5M/75%/N-A, $1.0M/80%/70%; 680 - $2.0M/65%/N-A, $1.5M/70%/N-A, $1.0M/80%/65%; 660 - $2.0M/60%/N-A, $1.5M/65%/N-A, $1.0M/65%/65%. DSCR >= 1.25 at 640: $1.0M, 1 Unit 70% / 2-4 Units 65%, cash-out N/A. DSCR < 1.0 and >= 0.75: 740 - $2.0M/70%/N-A, $1.5M/75%/70%, $1.0M/75%/70%; 720 - $2.0M/65%/N-A, $1.5M/70%/65%, $1.0M/75%/70%; 700 - $2.0M/65%/N-A, $1.5M/70%/65%, $1.0M/75%/65%; 680 - $2.0M N-A, $1.5M N-A, $1.0M/70%/60%, $750k/70%/60%; 660 - $1.0M/60%/60%. Warrantable condos max 75% LTV. Non-warrantable condos including condotels max 75% purchase/rate-term and 70% cash-out. Rural properties max 75% LTV.
",https://wholesale.archomellc.com/page/wholesale-loan-products,https://wholesale.archomellc.com/uploads/sites/17046/public/Arc_Underwriting_Guide_8_3_2026.pdf,https://logos.mtg.broker/lender-matrices/recaBjDJDPjPsRAcN.pdf?v=att9gfmVa4Vpdb4fl,,source_extracted_not_human_verified
ARC Home LLC,Clean Slate DSCR,dscr,Debt Service Coverage Ratio (DSCR),recFLjljN2B7ml373,2026-07-20,2026-08-11,125000,2500000,640,,,,,,0.75,80,80,75,80,,,,80,80,20,85,80,Investment,1 Unit (SFR); PUD; Townhome; Condo (Warrantable); Condo (Non-Warrantable); Condotel; 2 Units; 3-4 Units,1 Unit (SFR); PUD; Townhome; Condo (Warrantable); Condo (Non-Warrantable); Condotel; 2 Units; 3-4 Units,,Purchase; Refi (Rate Term); Refi (Cash Out),,,,🔴 No,🔴 No,,,,,,,,,,,,,,,,,,,,,,,🟢 Yes,,🟢 Yes,,"Grid (Purchase & Rate/Term / Cash-Out). DSCR >= 1.0: 740 - $2.5M/65%/60%, $2.0M/75%/70%, $1.5M/80%/75%, $1.0M/80%/75%; 720 - same as 740; 700 - same as 740; 680 - $2.0M/75%/65%, $1.5M/80%/75%, $1.0M/80%/75%; 660 - $2.0M/70%/60%, $1.5M/75%/70%, $1.0M/75%/70%; 640 - $2.0M/70%/60%, $1.5M/70%/60%, $1.0M/70%/60%. DSCR < 1.0 minimum 0.75: 740 - $2.5M/60%/55%, $2.0M/70%/60%, $1.5M/70%/60%, $1.0M/70%/60%; 720 and 700 - same; 680 - $2.0M/70%/60%, $1.5M/70%/60%, $1.0M/70%/60%; 660 and 640 - same. Non-warrantable condos max 80% purchase and 75% all refinances (Florida reduce max LTV by 5%), min DSCR 1.0. Rural property max 75% LTV. Interest-only requires min FICO 700.
",https://wholesale.archomellc.com/page/wholesale-loan-products,https://wholesale.archomellc.com/uploads/sites/17046/public/Arc_Underwriting_Guide_8_3_2026.pdf,https://logos.mtg.broker/lender-matrices/recFLjljN2B7ml373.pdf?v=attYLURIcEaCBb2tu,,source_extracted_not_human_verified
ARC Home LLC,Clean Slate | Asset Qualifier,asset_depletion,Asset Qualifier,recHcCnfqwqliK9u4,2026-08-03,2026-08-11,125000,2500000,660,,,,,,,80,80,80,80,,,,80,80,20,85,80,Primary; 2nd Home; Investment,1 Unit (SFR); PUD; Townhome; Condo (Warrantable); Condo (Non-Warrantable); Condotel; 2 Units; 3-4 Units,1 Unit (SFR); PUD; Townhome; Condo (Warrantable); Condo (Non-Warrantable); Condotel; 2 Units; 3-4 Units,,Purchase; Refi (Rate Term); Refi (Cash Out),,,,🔴 No,🔴 No,,,,,,,,,,,,,,,,,,,,,,,,,,,"Asset Qualifier caps Clean Slate at 80% LTV/CLTV with min 660 FICO. Max DTI does not apply. Underlying Clean Slate grid: Primary: 740 - $2.5M/80%/70%, $2.0M/85%/75%, $1.5M/90%/80%, $1.0M/90%/80%; 720 - $2.5M/80%/70%, $2.0M/85%/75%, $1.5M/85%/80%, $1.0M/90%/80%; 700 - $2.5M/75%/65%, $2.0M/85%/75%, $1.5M/90%/80%, $1.0M/90%/80%; 680 - $2.5M/75%/65%, $2.0M/80%/70%, $1.5M/80%/75%, $1.0M/85%/80%; 660 - $2.0M/75%/65%, $1.5M/75%/70%, $1.0M/80%/70%; 640 - $2.0M/75%/65%, $1.5M/75%/65%, $1.0M/75%/65%; 620 - $2.0M/65%/60%, $1.5M/65%/60%, $1.0M/65%/60% (values shown as Purchase & Rate/Term max LTV / Cash-Out max LTV). Second Home 740 - $2.5M/75%/65%, $2.0M/80%/70%, $1.5M/80%/75%, $1.0M/85%/75%; 720 - $2.5M/75%/65%, $2.0M/80%/70%. DTI > 50%: max 75% LTV/CLTV/HCLTV. First Time Homebuyers min 680 FICO and max 45% DTI. Rural property max 75% LTV/CLTV. Non-warrantable condos including condotels max 80% LTV/CLTV (80% purchase, 75% all refinances; Florida properties reduce max LTV by 5%). 2-4 Units max 80% LTV. Cash-out: LTV/CLTV <= 65% unlimited cash-in-hand, > 65% max $750k cash-in-hand. Housing payment history: 1x30x12 max 85% LTV; 2x30x12 permitted with max 65% LTV and max $1.5MM loan amount; 0x60x12 required; First-Time Homebuyers 0x30x12 housing.
",https://wholesale.archomellc.com/page/wholesale-loan-products,https://wholesale.archomellc.com/uploads/sites/17046/public/Arc_Underwriting_Guide_8_3_2026.pdf,https://logos.mtg.broker/lender-matrices/recHcCnfqwqliK9u4.pdf?v=attEenYqDYF6gg9QM,,source_extracted_not_human_verified
ARC Home LLC,Clean Slate | Asset Utilization,asset_depletion,Asset Depletion | Utilization,rect4jPdEHytsrpyy,2026-08-03,2026-08-11,125000,2500000,660,,,,43,,,80,80,80,80,,,,80,80,20,85,80,Primary; 2nd Home; Investment,1 Unit (SFR); PUD; Townhome; Condo (Warrantable); Condo (Non-Warrantable); Condotel; 2 Units; 3-4 Units,1 Unit (SFR); PUD; Townhome; Condo (Warrantable); Condo (Non-Warrantable); Condotel; 2 Units; 3-4 Units,,Purchase; Refi (Rate Term); Refi (Cash Out),,,,🔴 No,🔴 No,,,,,,,,,,,,,,,,,,,,,,,,,,,"Asset Utilization caps Clean Slate at 80% LTV/CLTV with max 43% DTI and min 660 FICO. Underlying Clean Slate grid: Primary: 740 - $2.5M/80%/70%, $2.0M/85%/75%, $1.5M/90%/80%, $1.0M/90%/80%; 720 - $2.5M/80%/70%, $2.0M/85%/75%, $1.5M/85%/80%, $1.0M/90%/80%; 700 - $2.5M/75%/65%, $2.0M/85%/75%, $1.5M/90%/80%, $1.0M/90%/80%; 680 - $2.5M/75%/65%, $2.0M/80%/70%, $1.5M/80%/75%, $1.0M/85%/80%; 660 - $2.0M/75%/65%, $1.5M/75%/70%, $1.0M/80%/70%; 640 - $2.0M/75%/65%, $1.5M/75%/65%, $1.0M/75%/65%; 620 - $2.0M/65%/60%, $1.5M/65%/60%, $1.0M/65%/60% (values shown as Purchase & Rate/Term max LTV / Cash-Out max LTV). Second Home 740 - $2.5M/75%/65%, $2.0M/80%/70%, $1.5M/80%/75%, $1.0M/85%/75%; 720 - $2.5M/75%/65%, $2.0M/80%/70%. DTI > 50%: max 75% LTV/CLTV/HCLTV. First Time Homebuyers min 680 FICO and max 45% DTI. Rural property max 75% LTV/CLTV. Non-warrantable condos including condotels max 80% LTV/CLTV (80% purchase, 75% all refinances; Florida properties reduce max LTV by 5%). 2-4 Units max 80% LTV. Cash-out: LTV/CLTV <= 65% unlimited cash-in-hand, > 65% max $750k cash-in-hand. Housing payment history: 1x30x12 max 85% LTV; 2x30x12 permitted with max 65% LTV and max $1.5MM loan amount; 0x60x12 required; First-Time Homebuyers 0x30x12 housing.
",https://wholesale.archomellc.com/page/wholesale-loan-products,https://wholesale.archomellc.com/uploads/sites/17046/public/Arc_Underwriting_Guide_8_3_2026.pdf,https://logos.mtg.broker/lender-matrices/rect4jPdEHytsrpyy.pdf?v=attpkiHKDlcyrRkKW,,source_extracted_not_human_verified
ARC Home LLC,Clean Slate | CPA P&L,pnl_only,P&L (Profit and Loss) Statement,rechEBsqNdQzxsywI,2026-08-03,2026-08-11,125000,1000000,680,,,,55,,,75,75,75,75,,,,75,75,25,85,80,Primary; 2nd Home; Investment,1 Unit (SFR); PUD; Townhome; Condo (Warrantable); Condo (Non-Warrantable); Condotel; 2 Units; 3-4 Units,1 Unit (SFR); PUD; Townhome; Condo (Warrantable); Condo (Non-Warrantable); Condotel; 2 Units; 3-4 Units,,Purchase; Refi (Rate Term); Refi (Cash Out),,,,🔴 No,🔴 No,,,,,,,,,,,,False,confirms_tax_filing_only,,,,,,,,,,,,,,"CPA Prepared P&L doc type caps Clean Slate at 75% LTV with min 680 FICO and max $1.0MM loan amount. Underlying Clean Slate grid: Primary: 740 - $2.5M/80%/70%, $2.0M/85%/75%, $1.5M/90%/80%, $1.0M/90%/80%; 720 - $2.5M/80%/70%, $2.0M/85%/75%, $1.5M/85%/80%, $1.0M/90%/80%; 700 - $2.5M/75%/65%, $2.0M/85%/75%, $1.5M/90%/80%, $1.0M/90%/80%; 680 - $2.5M/75%/65%, $2.0M/80%/70%, $1.5M/80%/75%, $1.0M/85%/80%; 660 - $2.0M/75%/65%, $1.5M/75%/70%, $1.0M/80%/70%; 640 - $2.0M/75%/65%, $1.5M/75%/65%, $1.0M/75%/65%; 620 - $2.0M/65%/60%, $1.5M/65%/60%, $1.0M/65%/60% (values shown as Purchase & Rate/Term max LTV / Cash-Out max LTV). Second Home 740 - $2.5M/75%/65%, $2.0M/80%/70%, $1.5M/80%/75%, $1.0M/85%/75%; 720 - $2.5M/75%/65%, $2.0M/80%/70%. DTI > 50%: max 75% LTV/CLTV/HCLTV. First Time Homebuyers min 680 FICO and max 45% DTI. Rural property max 75% LTV/CLTV. Non-warrantable condos including condotels max 80% LTV/CLTV (80% purchase, 75% all refinances; Florida properties reduce max LTV by 5%). 2-4 Units max 80% LTV. Cash-out: LTV/CLTV <= 65% unlimited cash-in-hand, > 65% max $750k cash-in-hand. Housing payment history: 1x30x12 max 85% LTV; 2x30x12 permitted with max 65% LTV and max $1.5MM loan amount; 0x60x12 required; First-Time Homebuyers 0x30x12 housing.
",https://wholesale.archomellc.com/page/wholesale-loan-products,https://wholesale.archomellc.com/uploads/sites/17046/public/Arc_Underwriting_Guide_8_3_2026.pdf,https://logos.mtg.broker/lender-matrices/rechEBsqNdQzxsywI.pdf?v=attMfSvXVdTLv0Oou,,source_extracted_not_human_verified
ARC Home LLC,"Clean Slate | Full Doc, 1-Yr Full Doc, Bank Statement & 1099",bank_statement,"Non-QM Full Doc, Bank Statements Loans, 1099 Only",reck4d1zlQjJvzbnZ,2026-08-03,2026-08-11,125000,2500000,620,,,,55,55,,90,90,80,90,,,,90,90,10,85,80,Primary; 2nd Home; Investment,1 Unit (SFR); PUD; Townhome; Condo (Warrantable); Condo (Non-Warrantable); Condotel; 2 Units; 3-4 Units,1 Unit (SFR); PUD; Townhome; Condo (Warrantable); Condo (Non-Warrantable); Condotel; 2 Units; 3-4 Units,,Purchase; Refi (Rate Term); Refi (Cash Out),,,,🔴 No,🔴 No,,,,,,,,,,,,,,,,,,,,,,,,,,,"Primary: 740 - $2.5M/80%/70%, $2.0M/85%/75%, $1.5M/90%/80%, $1.0M/90%/80%; 720 - $2.5M/80%/70%, $2.0M/85%/75%, $1.5M/85%/80%, $1.0M/90%/80%; 700 - $2.5M/75%/65%, $2.0M/85%/75%, $1.5M/90%/80%, $1.0M/90%/80%; 680 - $2.5M/75%/65%, $2.0M/80%/70%, $1.5M/80%/75%, $1.0M/85%/80%; 660 - $2.0M/75%/65%, $1.5M/75%/70%, $1.0M/80%/70%; 640 - $2.0M/75%/65%, $1.5M/75%/65%, $1.0M/75%/65%; 620 - $2.0M/65%/60%, $1.5M/65%/60%, $1.0M/65%/60% (values shown as Purchase & Rate/Term max LTV / Cash-Out max LTV). Second Home 740 - $2.5M/75%/65%, $2.0M/80%/70%, $1.5M/80%/75%, $1.0M/85%/75%; 720 - $2.5M/75%/65%, $2.0M/80%/70%. DTI > 50%: max 75% LTV/CLTV/HCLTV. First Time Homebuyers min 680 FICO and max 45% DTI. Rural property max 75% LTV/CLTV. Non-warrantable condos including condotels max 80% LTV/CLTV (80% purchase, 75% all refinances; Florida properties reduce max LTV by 5%). 2-4 Units max 80% LTV. Cash-out: LTV/CLTV <= 65% unlimited cash-in-hand, > 65% max $750k cash-in-hand. Housing payment history: 1x30x12 max 85% LTV; 2x30x12 permitted with max 65% LTV and max $1.5MM loan amount; 0x60x12 required; First-Time Homebuyers 0x30x12 housing.
",https://wholesale.archomellc.com/page/wholesale-loan-products,https://wholesale.archomellc.com/uploads/sites/17046/public/Arc_Underwriting_Guide_8_3_2026.pdf,https://logos.mtg.broker/lender-matrices/reck4d1zlQjJvzbnZ.pdf?v=att42NiFcMIN2kPvQ,,source_extracted_not_human_verified
ARC Home LLC,Closed End Second | 1-Yr Full Doc & Bank Statement,bank_statement; second_lien,"2nd CES Mortgage (Standalone), Bank Statements Loans",receb77ktnagIwOkt,2026-08-01,2026-08-11,25000,500000,660,,,,50,,,,,,80,75,75,,80,80,20,85,80,Primary; 2nd Home; Investment,1 Unit (SFR); PUD; Townhome; Condo (Warrantable); 2 Units; 3-4 Units,1 Unit (SFR); PUD; Townhome; Condo (Warrantable); 2 Units; 3-4 Units,,Refi (Rate Term); Refi (Cash Out),,,,,🔴 No,,,,,,,,,,,,,,,,,,,,,,,,,,,"Rate-Term and Cash-Out, maximum CLTV by FICO (Alt Doc floor is 660): 740 - Owner Occupied 80%, 2nd Home 75%, Investment 75%; 700 - 80% / 75% / 70%; 680 - 80% / 70% / 65%; 660 - 70% / N/A / N/A. Maximum DTI 50%.
",https://wholesale.archomellc.com/page/wholesale-loan-products,,https://logos.mtg.broker/lender-matrices/receb77ktnagIwOkt.pdf?v=attgDbACWwaU2fPdI,,source_extracted_not_human_verified
ARC Home LLC,Closed End Second | Full Doc,second_lien,2nd CES Mortgage (Standalone),rectZNt12SpeLzy3M,2026-08-01,2026-08-11,25000,500000,640,,,,50,,,,,,80,75,75,,80,80,20,85,80,Primary; 2nd Home; Investment,1 Unit (SFR); PUD; Townhome; Condo (Warrantable); 2 Units; 3-4 Units,1 Unit (SFR); PUD; Townhome; Condo (Warrantable); 2 Units; 3-4 Units,,Refi (Rate Term); Refi (Cash Out),,,,,🔴 No,,,,,,,,,,,,,,,,,,,,,,,,,,,"Rate-Term and Cash-Out, maximum CLTV by FICO: 740 - Owner Occupied 80%, 2nd Home 75%, Investment 75%; 700 - 80% / 75% / 70%; 680 - 80% / 70% / 65%; 660 - 70% / N/A / N/A; 640 - 65% / N/A / N/A. Maximum DTI 50%.
",https://wholesale.archomellc.com/page/wholesale-loan-products,,https://logos.mtg.broker/lender-matrices/rectZNt12SpeLzy3M.pdf?v=attnaa9MFpvU6KZVm,,source_extracted_not_human_verified
ARC Home LLC,Edge Alt Income | Bank Statement & 1099,bank_statement,"Bank Statements Loans, 1099 Only",recnvvXr7MUMwVImm,2026-07-10,2026-08-11,125000,3000000,660,,,,50,,,85,85,80,85,,,,85,85,15,85,80,Primary; 2nd Home; Investment,1 Unit (SFR); PUD; Townhome; Condo (Warrantable); Condo (Non-Warrantable); Condotel; 2 Units; 3-4 Units,1 Unit (SFR); PUD; Townhome; Condo (Warrantable); Condo (Non-Warrantable); Condotel; 2 Units; 3-4 Units,,Purchase; Refi (Rate Term); Refi (Cash Out),,,,🔴 No,🔴 No,,,,,,,,,,,,,,,,,,,,,,,,,,,"Fixed rate grid (1-4 units, Primary/Second Home/Investment): Purchase & Rate/Term $3.0M/680/75%, $2.5M/680/80%, $2.0M/660/70%; Cash-Out $3.0M/680/75%, $2.5M/700/80%, $2.0M/680/75%, $2.0M/660/70%. Primary 1-unit purchase/rate-term $2.0M/720/85%. Interest Only grid: Purchase & R/T $3.0M/680/70%, $2.5M/680/75%, $2.0M/680/80%, $2.0M/660/70%; Cash-Out $3.0M/680/70%, $2.5M/680/75%, $2.0M/700/80%, $2.0M/660/70%. Second Homes 1 unit only. Investment min 700 FICO when LTV > 75%. Warrantable condo max 85% LTV/CLTV; non-warrantable condo max 80%; non-warrantable condotel max 75% purchase and 65% rate/term and cash-out, max $1,000,000 loan amount. 1x30x12 and credit events 36-48 months: max 80% LTV. First-Time Homebuyer max 45% DTI (not applied when 24 months rental history is documented). Cash-out: LTV > 65% max $1,000,000 cash in hand; LTV <= 65% unlimited.
",https://wholesale.archomellc.com/page/wholesale-loan-products,https://wholesale.archomellc.com/uploads/sites/17046/public/Arc_Underwriting_Guide_8_3_2026.pdf,https://logos.mtg.broker/lender-matrices/recnvvXr7MUMwVImm.pdf?v=attM4pwEJkWlopgaU,,source_extracted_not_human_verified
ARC Home LLC,Edge Alt Income | CPA P&L,pnl_only,P&L (Profit and Loss) Statement,rec9l6LPqo6yYcak7,2026-07-10,2026-08-11,125000,3000000,660,,,,50,,,80,80,80,80,,,,80,80,20,85,80,Primary; 2nd Home; Investment,1 Unit (SFR); PUD; Townhome; Condo (Warrantable); Condo (Non-Warrantable); Condotel; 2 Units; 3-4 Units,1 Unit (SFR); PUD; Townhome; Condo (Warrantable); Condo (Non-Warrantable); Condotel; 2 Units; 3-4 Units,,Purchase; Refi (Rate Term); Refi (Cash Out),,,,🔴 No,🔴 No,,,,,,,,,,,,False,confirms_tax_filing_only,,,,,,,,,,,,,"Max 75% LTV when FICO < 720 (CPA Prepared P&L doc type).
","CPA Prepared P&L doc type caps the Edge Alt Income grid at 80% LTV, and at 75% LTV when FICO < 720. Max loan amount $2,000,000 for the no bank statement option. Underlying Edge Alt Income grid: Fixed rate grid (1-4 units, Primary/Second Home/Investment): Purchase & Rate/Term $3.0M/680/75%, $2.5M/680/80%, $2.0M/660/70%; Cash-Out $3.0M/680/75%, $2.5M/700/80%, $2.0M/680/75%, $2.0M/660/70%. Primary 1-unit purchase/rate-term $2.0M/720/85%. Interest Only grid: Purchase & R/T $3.0M/680/70%, $2.5M/680/75%, $2.0M/680/80%, $2.0M/660/70%; Cash-Out $3.0M/680/70%, $2.5M/680/75%, $2.0M/700/80%, $2.0M/660/70%. Second Homes 1 unit only. Investment min 700 FICO when LTV > 75%. Warrantable condo max 85% LTV/CLTV; non-warrantable condo max 80%; non-warrantable condotel max 75% purchase and 65% rate/term and cash-out, max $1,000,000 loan amount. 1x30x12 and credit events 36-48 months: max 80% LTV. First-Time Homebuyer max 45% DTI (not applied when 24 months rental history is documented). Cash-out: LTV > 65% max $1,000,000 cash in hand; LTV <= 65% unlimited.
",https://wholesale.archomellc.com/page/wholesale-loan-products,https://wholesale.archomellc.com/uploads/sites/17046/public/Arc_Underwriting_Guide_8_3_2026.pdf,https://logos.mtg.broker/lender-matrices/rec9l6LPqo6yYcak7.pdf?v=attuLkgWmmVeuS0Xg,,source_extracted_not_human_verified
ARC Home LLC,Edge DSCR,dscr,Debt Service Coverage Ratio (DSCR),recxXpHWNMmAkdwEF,2026-07-23,2026-08-11,100000,3000000,680,,,,,,0.8,80,80,75,80,,,,80,80,20,85,80,Investment,1 Unit (SFR); PUD; Townhome; Condo (Warrantable); Condo (Non-Warrantable); Condotel; 2 Units; 3-4 Units,1 Unit (SFR); PUD; Townhome; Condo (Warrantable); Condo (Non-Warrantable); Condotel; 2 Units; 3-4 Units,,Purchase; Refi (Rate Term); Refi (Cash Out),,,,🔴 No,🔴 No,,,,,,,,,,,,,,,,,,,,,,,🟢 Yes,,🟢 Yes,,"Grid (Purchase / Rate & Term / Cash-Out): DSCR 1.00 - 700/$3.0M/70%/70%/65%; 700/$2.0M/75%/75%/65%; 700/$1.5M/80%/80%/75%; 680/$1.5M/70%/70%/N-A. DSCR 0.80 - 720/$1.5M/75%/75%/70%. Non-warrantable condos max 75% LTV. Non-warrantable condotel max 75% purchase and 65% rate/term and cash-out, max $1,000,000 and min $150,000 loan amount, min DSCR 1.00. Interest-only loans require min DSCR 1.00. 1x30x12 and credit events 36-48 months: max 75% LTV. Declining market: reduce LTV 5% when LTV > 65%.
",https://wholesale.archomellc.com/page/wholesale-loan-products,https://wholesale.archomellc.com/uploads/sites/17046/public/Arc_Underwriting_Guide_8_3_2026.pdf,https://logos.mtg.broker/lender-matrices/recxXpHWNMmAkdwEF.pdf?v=attWrWBH8J0MwVRmg,,source_extracted_not_human_verified
Archwest Capital,DSCR Rental,dscr,Debt Service Coverage Ratio (DSCR),recxBS97qR1t2I9GX,,2026-08-14,75000,2500000,680,,,,,,0.75,80,,75,,,,,80,80,20,85,80,Investment,1 Unit (SFR); 2 Units; 3-4 Units; Townhome; Condo (Warrantable); Multi-Unit (5-9),1 Unit (SFR); 2 Units; 3-4 Units; Townhome; Condo (Warrantable),Excluded from requested residential scope: Multi-Unit (5-9),Purchase; Refi (Rate Term); Refi (Cash Out),,,,,🟢 Yes,,,,,,,,,,,,,,,,,,,,,,,,,,,,No published matrix — asset-driven hard money lender (see Flyer | Info Page),,,,source_extracted_not_human_verified
Be In Mortgage,Equity Plus (Closed-End Second),second_lien,2nd CES Mortgage (Standalone),rec1iKqticfihd0H1,2025-07-15,2026-07-30,,,660,,,,50,,,,,,,,,,,,,85,80,Primary; 2nd Home; Investment,1 Unit (SFR); PUD; Condo (Warrantable); 2 Units (Owner-Occupied); 3-4 Units,1 Unit (SFR); PUD; Condo (Warrantable); 2 Units (Owner-Occupied); 3-4 Units,,Equity Loan; Refi (Cash Out),,,,,,,,,,,,,,,,,,,,,,,,,,,,,,,,,https://beinmortgage.com/broker-resource-center/,,https://logos.mtg.broker/lender-matrices/rec1iKqticfihd0H1.pdf?v=attVpEZqUGG32Szpu,,source_extracted_not_human_verified
Be In Mortgage,Gold DSCR,dscr,Debt Service Coverage Ratio (DSCR),rec7kBmV04ummhRhX,,2026-07-30,100000,2500000,660,,660,,,,,80,,75,,,,,80,80,20,85,80,Investment,1 Unit (SFR); PUD; Townhome; Condo (Warrantable); Condo (Non-Warrantable); 2 Units; 3-4 Units,1 Unit (SFR); PUD; Townhome; Condo (Warrantable); Condo (Non-Warrantable); 2 Units; 3-4 Units,,Purchase; Refi (Rate Term); Refi (Cash Out),,,,,,,,,,,,,,,,,,,,,,,,,,,🟢 Yes,🟡 Yes (With Restrictions. See Guidelines),,,,,https://beinmortgage.com/broker-resource-center/,,https://logos.mtg.broker/lender-matrices/rec7kBmV04ummhRhX.pdf?v=attjyByu68n8cVeDw,,source_extracted_not_human_verified
Be In Mortgage,Gold Non-Prime | Bank Statement,bank_statement,Bank Statements Loans,reckxisAvXStBCPmU,,2026-07-30,100000,1500000,620,,660,,50,,,80,,75,,,,,80,80,20,85,80,Primary; 2nd Home; Investment,1 Unit (SFR); PUD; Townhome; Condo (Warrantable); Condo (Non-Warrantable); 2 Units; 3-4 Units,1 Unit (SFR); PUD; Townhome; Condo (Warrantable); Condo (Non-Warrantable); 2 Units; 3-4 Units,,Purchase; Refi (Rate Term); Refi (Cash Out),,,,,,,,,,,,,,,,,,,,,,,,,,,🟢 Yes,,,,,,https://beinmortgage.com/broker-resource-center/,,https://logos.mtg.broker/lender-matrices/reckxisAvXStBCPmU.pdf?v=attEhe0qizQ9ASZx4,,source_extracted_not_human_verified
Be In Mortgage,Gold Non-Prime | P&L,pnl_only,P&L (Profit and Loss) Statement,rec4uE39OjLEfSVqp,,2026-07-30,100000,1500000,660,,660,,50,,,80,,70,,,,,80,80,20,85,80,Primary; 2nd Home; Investment,1 Unit (SFR); PUD; Townhome; Condo (Warrantable); Condo (Non-Warrantable); 2 Units; 3-4 Units,1 Unit (SFR); PUD; Townhome; Condo (Warrantable); Condo (Non-Warrantable); 2 Units; 3-4 Units,,Purchase; Refi (Rate Term); Refi (Cash Out),,,,,,,,,,,,,,,,,False,confirms_tax_filing_only,,,,,,,,,🟢 Yes,🟢 Yes,,,,,https://beinmortgage.com/broker-resource-center/,,https://logos.mtg.broker/lender-matrices/rec4uE39OjLEfSVqp.pdf?v=att9qCXQmhWhnFkcK,,source_extracted_not_human_verified
Be In Mortgage,Gold Prime | Asset Utilization,asset_depletion,Asset Depletion | Utilization,recXJLqgbtwOnxTy8,,2026-07-30,100000,3500000,660,,,,50,,,80,,,,,,,80,80,20,85,80,Primary; 2nd Home; Investment,1 Unit (SFR); PUD; Townhome; Condo (Warrantable); Condo (Non-Warrantable); 2 Units; 3-4 Units,1 Unit (SFR); PUD; Townhome; Condo (Warrantable); Condo (Non-Warrantable); 2 Units; 3-4 Units,,Purchase; Refi (Rate Term),,,,,,,,,,,,,,,,,,,,,,,,,,,🔴 No,,,,,,https://beinmortgage.com/broker-resource-center/,,https://logos.mtg.broker/lender-matrices/recXJLqgbtwOnxTy8.pdf?v=atto1p5thxptRh3VM,,source_extracted_not_human_verified
Be In Mortgage,Gold Prime | Bank Statement,bank_statement,Bank Statements Loans,reck4Ceq2FBR9GFSx,,2026-07-30,100000,3500000,660,,660,,50,,,80,,70,,,,,80,80,20,85,80,Primary; 2nd Home; Investment,1 Unit (SFR); PUD; Townhome; Condo (Warrantable); Condo (Non-Warrantable); 2 Units; 3-4 Units,1 Unit (SFR); PUD; Townhome; Condo (Warrantable); Condo (Non-Warrantable); 2 Units; 3-4 Units,,Purchase; Refi (Rate Term); Refi (Cash Out),,,,,,,,,,,,,,,,,,,,,,,,,,,🟢 Yes,,,,,,https://beinmortgage.com/broker-resource-center/,,https://logos.mtg.broker/lender-matrices/reck4Ceq2FBR9GFSx.pdf?v=attZ2oV6mE7Bnk8Ef,,source_extracted_not_human_verified
Be In Mortgage,Gold Prime | P&L,pnl_only,P&L (Profit and Loss) Statement,rec2HxvW0id6naeAC,,2026-07-30,100000,3500000,660,,660,,50,,,80,,70,,,,,80,80,20,85,80,Primary; 2nd Home; Investment,1 Unit (SFR); PUD; Townhome; Condo (Warrantable); Condo (Non-Warrantable); 2 Units; 3-4 Units,1 Unit (SFR); PUD; Townhome; Condo (Warrantable); Condo (Non-Warrantable); 2 Units; 3-4 Units,,Purchase; Refi (Rate Term); Refi (Cash Out),,,,,,,,,,,,,,,,,False,confirms_tax_filing_only,,,,,,,,,🔴 No,,,,,,https://beinmortgage.com/broker-resource-center/,,https://logos.mtg.broker/lender-matrices/rec2HxvW0id6naeAC.pdf?v=attHXNNn23aXt3oFW,,source_extracted_not_human_verified
Be In Mortgage,Gold Standalone Second DSCR,second_lien,2nd Mortgage (Non-QM),recRbgqibhOrxCJlg,,2026-07-30,75000,500000,680,,680,,,,,80,,80,,,,,80,80,20,85,80,Investment,1 Unit (SFR); PUD; Townhome; 2 Units; 3-4 Units,1 Unit (SFR); PUD; Townhome; 2 Units; 3-4 Units,,Refi (Rate Term); Refi (Cash Out); Equity Loan,,,,,,,,,,,,,,,,,,,,,,,,,,,,,,,,,https://beinmortgage.com/broker-resource-center/,,https://logos.mtg.broker/lender-matrices/recRbgqibhOrxCJlg.pdf?v=attcW8fxQHSipzqhc,,source_extracted_not_human_verified
Be In Mortgage,Gold Standalone Second | Bank Statement,second_lien,2nd Mortgage (Non-QM),recdzBcf6f0nNtrLJ,,2026-07-30,50000,750000,660,,660,,50,,,90,,90,,,,,90,90,10,85,80,Primary; 2nd Home; Investment,1 Unit (SFR); PUD; Townhome; Condo (Warrantable); Condo (Non-Warrantable); 2 Units; 3-4 Units,1 Unit (SFR); PUD; Townhome; Condo (Warrantable); Condo (Non-Warrantable); 2 Units; 3-4 Units,,Refi (Rate Term); Refi (Cash Out); Equity Loan,,,,,,,,,,,,,,,,,,,,,,,,,,,,,,,,,https://beinmortgage.com/broker-resource-center/,,https://logos.mtg.broker/lender-matrices/recdzBcf6f0nNtrLJ.pdf?v=attBxLbjuWOcKYpFm,,source_extracted_not_human_verified
Be In Mortgage,Gold Standalone Second | Full Doc,second_lien,2nd Mortgage (Non-QM),recdmyliBrhXdGKfO,,2026-07-30,50000,750000,660,,660,,50,,,90,,90,,,,,90,90,10,85,80,Primary; 2nd Home; Investment,1 Unit (SFR); PUD; Townhome; Condo (Warrantable); Condo (Non-Warrantable); 2 Units; 3-4 Units,1 Unit (SFR); PUD; Townhome; Condo (Warrantable); Condo (Non-Warrantable); 2 Units; 3-4 Units,,Refi (Rate Term); Refi (Cash Out); Equity Loan,,,,,,,,,,,,,,,,,,,,,,,,,,,,,,,,,https://beinmortgage.com/broker-resource-center/,,https://logos.mtg.broker/lender-matrices/recdmyliBrhXdGKfO.pdf?v=attkoACXiOscMxHMv,,source_extracted_not_human_verified
Be In Mortgage,Gold Standalone Second | P&L,second_lien,2nd Mortgage (Non-QM),recoom9mkfGQs6nXh,,2026-07-30,50000,750000,660,,660,,50,,,80,,80,,,,,80,80,20,85,80,Primary; 2nd Home; Investment,1 Unit (SFR); PUD; Townhome; Condo (Warrantable); Condo (Non-Warrantable); 2 Units; 3-4 Units,1 Unit (SFR); PUD; Townhome; Condo (Warrantable); Condo (Non-Warrantable); 2 Units; 3-4 Units,,Refi (Rate Term); Refi (Cash Out); Equity Loan,,,,,,,,,,,,,,,,,,,,,,,,,,,,,,,,,https://beinmortgage.com/broker-resource-center/,,https://logos.mtg.broker/lender-matrices/recoom9mkfGQs6nXh.pdf?v=attqReB9ifM906XJC,,source_extracted_not_human_verified
Be In Mortgage,Platinum CES,second_lien,2nd CES Mortgage (Standalone),rec5ctUAjBExnHYSr,,2026-07-30,50000,500000,680,,680,,50,,,85,,85,,,,,85,85,15,85,80,Primary; 2nd Home; Investment,1 Unit (SFR); PUD; Townhome; Condo (Warrantable); 2 Units; 3-4 Units,1 Unit (SFR); PUD; Townhome; Condo (Warrantable); 2 Units; 3-4 Units,,Purchase; Refi (Rate Term); Refi (Cash Out); Equity Loan,,,,,,,,,,,,,,,,,,,,,,,,,,,,,,,,,https://beinmortgage.com/broker-resource-center/,,https://logos.mtg.broker/lender-matrices/rec5ctUAjBExnHYSr.pdf?v=attIFxZzmi9XQIEEu,,source_extracted_not_human_verified
Be In Mortgage,Platinum DSCR,dscr,Debt Service Coverage Ratio (DSCR),rec6cKkualpVeLvKh,,2026-07-30,125000,2000000,660,,660,,,,,80,,75,,,,,80,80,20,85,80,Investment,1 Unit (SFR); PUD; Townhome; Condo (Warrantable); Condo (Non-Warrantable); 2 Units; 3-4 Units,1 Unit (SFR); PUD; Townhome; Condo (Warrantable); Condo (Non-Warrantable); 2 Units; 3-4 Units,,Purchase; Refi (Rate Term); Refi (Cash Out),,,,,,,,,,,,,,,,,,,,,,,,,,,,,,,,,https://beinmortgage.com/broker-resource-center/,,https://logos.mtg.broker/lender-matrices/rec6cKkualpVeLvKh.pdf?v=attNZUB2oCU5B9dUw,,source_extracted_not_human_verified
Be In Mortgage,Platinum Expanded | Asset Depletion,asset_depletion,Asset Depletion | Utilization,recWxjtK3ehCc4XOC,,2026-07-30,150000,3500000,700,,,,55,,,85,,,,,,,85,85,15,85,80,Primary,1 Unit (SFR); PUD; Townhome; Condo (Warrantable); Condo (Non-Warrantable); 2 Units; 3-4 Units,1 Unit (SFR); PUD; Townhome; Condo (Warrantable); Condo (Non-Warrantable); 2 Units; 3-4 Units,,Purchase; Refi (Rate Term),,,,,,,,,,,,,,,,,,,,,,,,,,,,,,,,,https://beinmortgage.com/broker-resource-center/,,https://logos.mtg.broker/lender-matrices/recWxjtK3ehCc4XOC.pdf?v=attaG8zhDfJ7GI2mK,,source_extracted_not_human_verified
Be In Mortgage,Platinum Expanded | Bank Statement,bank_statement,Bank Statements Loans,recxqVTEpsxwIuncw,,2026-07-30,150000,3500000,660,,660,,55,,,80,,80,,,,,80,80,20,85,80,Primary; 2nd Home; Investment,1 Unit (SFR); PUD; Townhome; Condo (Warrantable); Condo (Non-Warrantable); 2 Units; 3-4 Units,1 Unit (SFR); PUD; Townhome; Condo (Warrantable); Condo (Non-Warrantable); 2 Units; 3-4 Units,,Purchase; Refi (Rate Term); Refi (Cash Out),,,,,,,,,,,,,,,,,,,,,,,,,,,,,,,,,https://beinmortgage.com/broker-resource-center/,,https://logos.mtg.broker/lender-matrices/recxqVTEpsxwIuncw.pdf?v=attXZEbbRnufMQGj5,,source_extracted_not_human_verified
Be In Mortgage,Platinum Expanded | P&L,pnl_only,P&L (Profit and Loss) Statement,recz009YYvb5Ldsxz,,2026-07-30,150000,3500000,660,,660,,55,,,80,,80,,,,,80,80,20,85,80,Primary; 2nd Home; Investment,1 Unit (SFR); PUD; Townhome; Condo (Warrantable); Condo (Non-Warrantable); 2 Units; 3-4 Units,1 Unit (SFR); PUD; Townhome; Condo (Warrantable); Condo (Non-Warrantable); 2 Units; 3-4 Units,,Purchase; Refi (Rate Term); Refi (Cash Out),,,,,,,,,,,,,,,,,False,confirms_tax_filing_only,,,,,,,,,,,,,,,https://beinmortgage.com/broker-resource-center/,,https://logos.mtg.broker/lender-matrices/recz009YYvb5Ldsxz.pdf?v=attRiYKBAmnOxVt3H,,source_extracted_not_human_verified
Be In Mortgage,Platinum Sharp A+ | Asset Depletion,asset_depletion,Asset Depletion | Utilization,recJXQYKDU5DKsGuz,,2026-07-30,150000,3000000,700,,,,50,,,85,,,,,,,85,85,15,85,80,Primary,1 Unit (SFR); PUD; Townhome; Condo (Warrantable); Condo (Non-Warrantable); 2 Units; 3-4 Units,1 Unit (SFR); PUD; Townhome; Condo (Warrantable); Condo (Non-Warrantable); 2 Units; 3-4 Units,,Purchase; Refi (Rate Term),,,,,,,,,,,,,,,,,,,,,,,,,,,,,,,,,https://beinmortgage.com/broker-resource-center/,,https://logos.mtg.broker/lender-matrices/recJXQYKDU5DKsGuz.pdf?v=attXKxpCt0qqHS2vz,,source_extracted_not_human_verified
Be In Mortgage,Platinum Sharp A+ | Bank Statement,bank_statement,Bank Statements Loans,rec0L1VyaUYzsXgvi,,2026-07-30,150000,3000000,660,,660,,50,,,75,,75,,,,,75,75,25,85,80,Primary; 2nd Home; Investment,1 Unit (SFR); PUD; Townhome; Condo (Warrantable); Condo (Non-Warrantable); 2 Units; 3-4 Units,1 Unit (SFR); PUD; Townhome; Condo (Warrantable); Condo (Non-Warrantable); 2 Units; 3-4 Units,,Purchase; Refi (Rate Term); Refi (Cash Out),,,,,,,,,,,,,,,,,,,,,,,,,,,🟢 Yes,🟢 Yes,,,,,https://beinmortgage.com/broker-resource-center/,,https://logos.mtg.broker/lender-matrices/rec0L1VyaUYzsXgvi.pdf?v=att3nnfxCqaUeUVmw,,source_extracted_not_human_verified
Be In Mortgage,Platinum Sharp A+ | P&L,pnl_only,P&L (Profit and Loss) Statement,rec3CtOevOAot510a,,2026-07-30,150000,3000000,660,,660,,50,,,75,,75,,,,,75,75,25,85,80,Primary; 2nd Home; Investment,1 Unit (SFR); PUD; Townhome; Condo (Warrantable); Condo (Non-Warrantable); 2 Units; 3-4 Units,1 Unit (SFR); PUD; Townhome; Condo (Warrantable); Condo (Non-Warrantable); 2 Units; 3-4 Units,,Purchase; Refi (Rate Term); Refi (Cash Out),,,,,,,,,,,,,,,,,False,confirms_tax_filing_only,,,,,,,,,,,,,,,https://beinmortgage.com/broker-resource-center/,,https://logos.mtg.broker/lender-matrices/rec3CtOevOAot510a.pdf?v=attRFZESCyr2dLnOj,,source_extracted_not_human_verified
Be In Mortgage,Platinum Sharp A- | Bank Statement,bank_statement,Bank Statements Loans,recTG4Hfr4CssOzUw,,2026-07-30,150000,2000000,660,,660,,45,,,75,,75,,,,,75,75,25,85,80,Primary; 2nd Home; Investment,1 Unit (SFR); PUD; Townhome; Condo (Warrantable); Condo (Non-Warrantable); 2 Units; 3-4 Units,1 Unit (SFR); PUD; Townhome; Condo (Warrantable); Condo (Non-Warrantable); 2 Units; 3-4 Units,,Purchase; Refi (Rate Term); Refi (Cash Out),,,,,,,,,,,,,,,,,,,,,,,,,,,,,,,,,https://beinmortgage.com/broker-resource-center/,,https://logos.mtg.broker/lender-matrices/recTG4Hfr4CssOzUw.pdf?v=attrOGxcvxnCM9Mqs,,source_extracted_not_human_verified
Be In Mortgage,Tax ID Max-Select,itin,ITIN,recMWC5e7LsSIX8IZ,2025-03-11,2026-07-30,,,640,,,,50,,,80,,,,,,,80,80,20,85,80,Primary,1 Unit (SFR); 2 Units (Owner-Occupied); 3-4 Units,1 Unit (SFR); 2 Units (Owner-Occupied); 3-4 Units,,Purchase; Refi (Rate Term),Arizona (AZ); Colorado (CO); District of Columbia (DC); Florida (FL); Indiana (IN); Maryland (MD); Tennessee (TN); Texas (TX); Virginia (VA),,,🟢 Yes,,,,,,,,,,,,,,,,,,,,,,,,,,,,,https://beinmortgage.com/broker-resource-center/,,https://logos.mtg.broker/lender-matrices/recMWC5e7LsSIX8IZ.pdf?v=att6e98IcoZ6jqN6t; https://v5.airtableusercontent.com/v3/u/56/56/1787371200000/aNaLtDatwXCgIU0ODyVukg/czRcq7HFx1VHE5ytMOEy44fNC9N5sPaCQ9HCmSMBbEyS6UtX1bfPO06_b9xrotzrS9s4iD2sWk4wEGI5Up0A240-xt6j9xhQDaeGSXneXvBOYMCqSC4mBX9o5rJKHeLuNvYyaHqAo0nMhJhYTdg3PTmiJtcffcMXeldpaa-ITMFUsY57oS0p6piBtEKUgdjB4JPpqNverrDootaL63NU9Q/kXqc99sYGRJ9pmQw8mzevjGO1X-5WoumA1IH19dcnL0; https://v5.airtableusercontent.com/v3/u/56/56/1787371200000/mKMReHPtwIXwKDyQsLJKUw/nXXjOeqgLmrT4AOKry0yaNBPUje0uw1XRFRakX5MYYhFCQE8GRaBq8OqGAzurm-e4mfYWbdCSY7a4okkuo28WAlEusyOVyUy1-62_dKSQIX-Og7ICkPvWiuBtBgg9GJ3nfFoSwmvWemqywJ9w3mOyjQ7bjnt0L55TV3-aTFYfE2GWjm3WjC6YeLxASSyET6tbQtsgqesHdjAITfIjNmS0Q/Kn3SV7DnB4QqPbU8fzlYpGNL7znjW2mZpvbQAUAI8xs,,source_extracted_not_human_verified
Be In Mortgage,Tax ID Max-SMC,itin,ITIN,recHZ5TWFxJZWBqOR,2025-08-13,2026-07-30,,,660,,,,45,,,85,,,,,,,85,85,15,85,80,Primary,1 Unit (SFR); PUD; Condo (Warrantable),1 Unit (SFR); PUD; Condo (Warrantable),,Purchase; Refi (Rate Term),,,,🟢 Yes,,,,,,,,,,,,,,,,,,,,,,,,,,,,,https://beinmortgage.com/broker-resource-center/,,https://logos.mtg.broker/lender-matrices/recHZ5TWFxJZWBqOR.pdf?v=att6NP7IQbNX0kQhA; https://v5.airtableusercontent.com/v3/u/56/56/1787371200000/LcnR9CzLHHDDfez5FQ60lQ/BUKAELXJNI00F_FIi86fxnXSwRtfEKVTOTXqBVosqW0eue_FGqTFjM0BiiuNliqlBY9KhzcOOl-pwsYUto1EqVVTHNsM4tyrUGkk8qeVyzmX1F4a3blBnL70iQKLUxzG6EvkKf0ayIoA8Q4cgwGsNboZu6UM3qza0wLahkah4y3jPv9lNbhsh8tTmRaT8F2QLtN9GwxjYGOl3jamjEo52g/hQERW8yLvdtwtFmOy32WHEzReuqFfZwf0zze5_VZxTY,,source_extracted_not_human_verified
Be In Mortgage,Tax ID Max-X,itin,ITIN,rec7KapECXTnPNIEg,2025-08-25,2026-07-30,,,600,,,,60,,,85,,,,,,,85,85,15,85,80,Primary; 2nd Home; Investment,1 Unit (SFR); PUD; Townhome; Condo (Warrantable); Condo (Non-Warrantable); 2 Units (Owner-Occupied); 3-4 Units; Manufactured Home (Single); Manufactured Home (Double-Wide); Mobile Home (Single-Wide); Mobile Home (Double-Wide); Barndominium; Lot or Land,1 Unit (SFR); PUD; Townhome; Condo (Warrantable); Condo (Non-Warrantable); 2 Units (Owner-Occupied); 3-4 Units; Manufactured Home (Single); Manufactured Home (Double-Wide),Excluded from requested residential scope: Mobile Home (Single-Wide); Mobile Home (Double-Wide); Barndominium; Lot or Land,Purchase; Refi (Rate Term); Refi (Cash Out),,,,🟢 Yes,,,,,,,,,,,,,,,,,,,,,,,,,,,,,https://beinmortgage.com/broker-resource-center/,,https://logos.mtg.broker/lender-matrices/rec7KapECXTnPNIEg.pdf?v=attRqrd4Itjq4s300,,source_extracted_not_human_verified
Brokers Advantage,HELOAN,second_lien,HELOAN,recm70P5xLVq3W2mc,2026-06-01,2026-08-07,100000,850000,660,,,,50,,,,,,90,80,80,,90,90,10,85,80,Primary; 2nd Home; Investment,1 Unit (SFR); 2 Units; 3-4 Units; Condo (Warrantable); Townhome; PUD; Rural,1 Unit (SFR); 2 Units; 3-4 Units; Condo (Warrantable); Townhome; PUD; Rural,,Equity Loan,,,,,🔴 No,,,,,,,,,,,,,,,,,,,,,,NA,,,🟢 Yes,,,"https://brokersadvantagemortgage.com/Products#:~:text=Infinite%20Series%20CES,Matrix",https://brokersadvantagemortgage.com/Products,https://logos.mtg.broker/lender-matrices/recm70P5xLVq3W2mc.pdf?v=atttNRI8IH1KnrG8B,,source_extracted_not_human_verified
Brokers Advantage,Infinite Series Non-QM | Bank Statements,bank_statement,Bank Statements Loans,reccfpxN1vza3fqAR,2026-04-14,2026-08-07,100000,4000000,620,620,620,,55,55,,90,90,80,,85,,,90,90,10,85,80,Primary; 2nd Home; Investment,2 Units; 3-4 Units; Condo (Non-Warrantable); Condo (Warrantable); Condotel; Modular; 1 Unit (SFR); Townhome; PUD; Rural,2 Units; 3-4 Units; Condo (Non-Warrantable); Condo (Warrantable); Condotel; Modular; 1 Unit (SFR); Townhome; PUD; Rural,,Purchase; Refi (Cash Out); Refi (Rate Term),,New York (NY); Hawaii (HI); Massachusetts (MA); Missouri (MO); Virginia (VA),,,,,,Business; Personal,,50,,,,,,,,,,,,,,,,,🟢 Yes,🟢 Yes,🟢 Yes,🟢 Yes,,,"https://brokersadvantagemortgage.com/Products#:~:text=comprehensive%20qualification%20options-,Matrix,-1920%20Main%20St","https://brokersadvantagemortgage.com/Products#:~:text=comprehensive%20qualification%20options-,Matrix,-1920%20Main%20St",https://logos.mtg.broker/lender-matrices/reccfpxN1vza3fqAR.pdf?v=attLCElu2Iu7qhJTc,,source_extracted_not_human_verified
Brokers Advantage,Infinite Series Non-QM | DSCR,dscr,Debt Service Coverage Ratio (DSCR),recDH50nkDrvQDZBb,2026-04-14,2026-08-07,125000,4000000,640,660,640,640,,,0.75,85,80,80,,,,80,85,85,15,85,80,Investment,2 Units; 3-4 Units; Condotel; Condo (Warrantable); Condo (Non-Warrantable); Townhome; 1 Unit (SFR); PUD; Modular; Rural,2 Units; 3-4 Units; Condotel; Condo (Warrantable); Condo (Non-Warrantable); Townhome; 1 Unit (SFR); PUD; Modular; Rural,,Purchase; Refi (Rate Term); Refi (Cash Out),,,,,🟢 Yes,,,,,,,,,,,,,,,,,,,,,,🟢 Yes,🟢 Yes,🔴 No,,,,"https://brokersadvantagemortgage.com/Products#:~:text=comprehensive%20qualification%20options-,Matrix,-1920%20Main%20St","https://brokersadvantagemortgage.com/Products#:~:text=comprehensive%20qualification%20options-,Matrix,-1920%20Main%20St",https://logos.mtg.broker/lender-matrices/recDH50nkDrvQDZBb.pdf?v=attAfMDSPBkcyGIJi,,source_extracted_not_human_verified
Button Finance,HELOAN | Gold,second_lien,HELOAN,rec0hnetqhjU1W4Sl,2026-02-23,2026-05-21,50000,1000000,620,,,,50,,,,,,85,85,75,,85,85,15,85,80,Primary; Investment; 2nd Home,1 Unit (SFR); 2 Units; 3-4 Units; Condo (Warrantable); PUD; Modular; Townhome,1 Unit (SFR); 2 Units; 3-4 Units; Condo (Warrantable); PUD; Modular; Townhome,,Equity Loan,,Alaska (AK); Arkansas (AR); Delaware (DE); Hawaii (HI); Indiana (IN); Kentucky (KY); Louisiana (LA); Massachusetts (MA); Minnesota (MN); Missouri (MO); Mississippi (MS); Montana (MT); North Dakota (ND); New Hampshire (NH); New Mexico (NM); Nevada (NV); New York (NY); Oklahoma (OK); Rhode Island (RI); Virginia (VA); Vermont (VT); West Virginia (WV); Guam (GU); Puerto Rico (PR); US Virgin Islands (VI),,,🔴 No,,,,,,,,,,,,,,,,,,,,,,Not Stated,,,,,,https://buttonfinance.encompasstpoconnect.com/#/content/home_395998:~:text=Underwriting%20Guidelines%20Summary%C2%A0%2D%20Gold,,https://logos.mtg.broker/lender-matrices/rec0hnetqhjU1W4Sl.pdf?v=attK59dGK5B0sswsp,,source_extracted_not_human_verified
Button Finance,HELOC (Standalone) | Gold,heloc,HELOC (Standalone),recTJDUhSUqeqWJzR,2026-02-23,2026-05-17,50000,1000000,620,,,,50,,,,,,85,85,75,,85,85,15,85,80,Primary; Investment; 2nd Home,1 Unit (SFR); 2 Units; 3-4 Units; Condo (Warrantable); PUD; Modular; Townhome,1 Unit (SFR); 2 Units; 3-4 Units; Condo (Warrantable); PUD; Modular; Townhome,,Equity Loan,,Alaska (AK); Arkansas (AR); Delaware (DE); Hawaii (HI); Indiana (IN); Kentucky (KY); Louisiana (LA); Massachusetts (MA); Minnesota (MN); Missouri (MO); Mississippi (MS); Montana (MT); North Dakota (ND); New Hampshire (NH); New Mexico (NM); Nevada (NV); New York (NY); Oklahoma (OK); Rhode Island (RI); Texas (TX); Virginia (VA); Vermont (VT); West Virginia (WV),,,🔴 No,,,,,,,,,,,,,,,,,2nd Lien,"Greater of $50,000 or 75% of the total line amount",,,,,,,,,,https://buttonfinance.encompasstpoconnect.com/#/content/home_395998:~:text=Underwriting%20Guidelines%20Summary%C2%A0%2D%20Gold,,https://logos.mtg.broker/lender-matrices/recTJDUhSUqeqWJzR.pdf?v=attt5Ts61Jv4eaGR9,,source_extracted_not_human_verified
Cardinal Financial | CF Wholesale,Conforming Fixed | ITIN,itin,ITIN,recoJv6t3GMckQ249,2025-12-17,2026-07-28,,,580,,,,,,,90,90,,90,,,,90,90,10,85,80,Primary,1 Unit (SFR); PUD; Condo (Warrantable); Manufactured Home (Single); Manufactured Home (Double-Wide),1 Unit (SFR); PUD; Condo (Warrantable); Manufactured Home (Single); Manufactured Home (Double-Wide),,Purchase; Refi (Rate Term),,,,🟢 Yes,🔴 No,,,,,,,,,,,,,,,,,,,,,,,,,,,,https://octane.cardinalfinancialwholesale.com/resources/overlays/,,https://logos.mtg.broker/lender-matrices/recoJv6t3GMckQ249.pdf?v=attu9hSYlqFIawVs0,,source_extracted_not_human_verified
Cardinal Financial | CF Wholesale,Non-QM Flex Investor,dscr,Debt Service Coverage Ratio (DSCR),recTwbLdPc1uuGjLK,,2026-07-28,100000,3000000,640,,,640,,,0.75,80,75,75,80,,,80,80,80,20,85,80,Investment,1 Unit (SFR); 2 Units; 3-4 Units; Condo (Warrantable); Condotel; Rural,1 Unit (SFR); 2 Units; 3-4 Units; Condo (Warrantable); Condotel; Rural,,Purchase; Refi (Cash Out); Refi (Rate Term),,,,,,,,,,,,,,,,,,,,,,,,,,,🔴 No,🟢 Yes,🟡 Allowed. Borrower must contribute 10% own funds,🟢 Yes,,,https://octane.cardinalfinancialwholesale.com/resources/,,https://logos.mtg.broker/lender-matrices/recTwbLdPc1uuGjLK.pdf?v=attHJpoEtmSDXD0aN,,source_extracted_not_human_verified
Cardinal Financial | CF Wholesale,Non-QM Flex Prime Plus | Bank Statement,bank_statement,Bank Statements Loans,recUTSglE2bvBLNrv,2025-12-12,2026-07-28,150000,2500000,680,,,680,43,,,90,80,80,90,,,,90,90,10,85,80,Primary; 2nd Home; Investment,1 Unit (SFR); Condo (Warrantable); PUD,1 Unit (SFR); Condo (Warrantable); PUD,,Purchase; Refi (Rate Term); Refi (Cash Out),,,,,,,,,,,,,,,,,,,,,,,,,,,🟢 Yes,,🟢 Yes,🟢 Yes,,,https://octane.cardinalfinancialwholesale.com/resources/overlays/,,https://logos.mtg.broker/lender-matrices/recUTSglE2bvBLNrv.pdf?v=attRsAyXHxx0335jg,,source_extracted_not_human_verified
Cardinal Financial | CF Wholesale,Non-QM Flex Prime Plus | P&L,pnl_only,P&L (Profit and Loss) Statement,recviduzX3wVt6QAz,2025-12-12,2026-07-28,150000,2500000,680,,,680,43,,,90,80,80,90,,,,90,90,10,85,80,Primary; 2nd Home; Investment,1 Unit (SFR); Condo (Warrantable); PUD,1 Unit (SFR); Condo (Warrantable); PUD,,Purchase; Refi (Rate Term); Refi (Cash Out),,,,,,,,,,,,,,,,,False,confirms_tax_filing_only,,,,,,,,,🟢 Yes,,🟢 Yes,🟢 Yes,,,https://octane.cardinalfinancialwholesale.com/resources/overlays/,,https://logos.mtg.broker/lender-matrices/recviduzX3wVt6QAz.pdf?v=attaWrvsKjvWNcZco,,source_extracted_not_human_verified
Cardinal Financial | CF Wholesale,Non-QM Flex Prime | Asset Utilization,asset_depletion,Asset Depletion | Utilization,recz74UFTV17Yzl3e,2025-12-12,2026-07-28,150000,3000000,640,,,640,50,,,80,75,70,,,,,80,80,20,85,80,Primary; 2nd Home; Investment,1 Unit (SFR); 2 Units; 3-4 Units; Condo (Warrantable); Condo (Non-Warrantable); Condotel; PUD; Townhome,1 Unit (SFR); 2 Units; 3-4 Units; Condo (Warrantable); Condo (Non-Warrantable); Condotel; PUD; Townhome,,Purchase; Refi (Rate Term); Refi (Cash Out),,,,,,,,,,,,,,,,,,,,,,,,,,,🟢 Yes,,🟢 Yes,🟢 Yes,,,https://octane.cardinalfinancialwholesale.com/resources/overlays/,,https://logos.mtg.broker/lender-matrices/recz74UFTV17Yzl3e.pdf?v=attvNXHSwYI3rELrR,,source_extracted_not_human_verified
Cardinal Financial | CF Wholesale,Non-QM Flex Prime | Bank Statement,bank_statement,Bank Statements Loans,recVWq893QXtbGncU,2025-12-12,2026-07-28,150000,3000000,640,,,720,50,,,90,85,80,90,,,,90,90,10,85,80,Primary; 2nd Home; Investment,1 Unit (SFR); 2 Units; 3-4 Units; Condo (Warrantable); Condo (Non-Warrantable); Condotel; PUD; Townhome,1 Unit (SFR); 2 Units; 3-4 Units; Condo (Warrantable); Condo (Non-Warrantable); Condotel; PUD; Townhome,,Purchase; Refi (Rate Term); Refi (Cash Out),,,,,,,,,,,,,,,,,,,,,,,,,,,🟢 Yes,🔴 No,🟢 Yes,🟢 Yes,,,https://octane.cardinalfinancialwholesale.com/resources/overlays/,,https://logos.mtg.broker/lender-matrices/recVWq893QXtbGncU.pdf?v=attYwzO8OAOvtbxxO,,source_extracted_not_human_verified
Cardinal Financial | CF Wholesale,Non-QM Flex Prime | P&L,pnl_only,P&L (Profit and Loss) Statement,recrSUCBgwlaaZoSi,2025-12-12,2026-07-28,150000,3000000,680,,,720,50,,,80,75,70,85,,,,85,85,15,85,80,Primary; 2nd Home; Investment,1 Unit (SFR); 2 Units; 3-4 Units; Condo (Warrantable); Condo (Non-Warrantable); Condotel; PUD; Townhome,1 Unit (SFR); 2 Units; 3-4 Units; Condo (Warrantable); Condo (Non-Warrantable); Condotel; PUD; Townhome,,Purchase; Refi (Rate Term); Refi (Cash Out),,,,,,,,,,,,,,,,,False,confirms_tax_filing_only,,,,,,,,,🟢 Yes,,🟢 Yes,🟢 Yes,,,https://octane.cardinalfinancialwholesale.com/resources/overlays/,,https://logos.mtg.broker/lender-matrices/recrSUCBgwlaaZoSi.pdf?v=attosw8KzIgdB8eXB,,source_extracted_not_human_verified
Castor Financial,Prime Plus | Asset Depletion,asset_depletion,Asset Depletion | Utilization,recP7TqGnt7R7ScGY,,2026-05-22,,,,,,,,,,,,,,,,,,,,85,80,,,,,,,,,,,,,,,,,,,,,,,,,,,,,,,,,,,,,,https://www.castorloans.com/loan-programs,,,,source_extracted_not_human_verified
CMG Financial,Sweep-Account 1st Lien HELOC Mortgage,heloc,Sweep-Account 1st Lien HELOC Mortgage,recF1PzP8rxwsm9D1,2026-05-05,2026-08-18,100000,3000000,700,,,720,43,,,90,90,80,90,80,75,90,90,90,10,85,80,Primary; Investment; 2nd Home,1 Unit (SFR); 2 Units; 3-4 Units; Condo (Warrantable); Modular,1 Unit (SFR); 2 Units; 3-4 Units; Condo (Warrantable); Modular,,Purchase; Refi (Cash Out); Refi (Rate Term),,,,,,,,,,,,,,,,,,,,,,,,,,,,,,🟢 Yes,,"Up to 41% DTI - 10% in Reserves required
\>41% to 43% DTI - 15% in Reserves required
43% DTI Max and a hard stop
",https://www.allinoneloan.com/certification/Resources/wholesale#:~:text=AIO%20Homogenized%20Product%20Guidelines,https://www.allinoneloan.com/certification/Resources/wholesale#:~:text=AIO%20Homogenized%20Product%20Guidelines,https://logos.mtg.broker/lender-matrices/recF1PzP8rxwsm9D1.pdf?v=attDKIVB1fWhU4M5L,,source_extracted_not_human_verified
Constructive Capital,DSCR Rental | Expanded,5_8_unit_dscr; dscr,Debt Service Coverage Ratio (DSCR),recOZJYY0GVtaucUu,2026-02-20,2026-06-22,50000,2000000,660,,,,,,0.75,80,80,75,,,,80,80,80,20,85,80,Investment,1 Unit (SFR); 2 Units; 3-4 Units; Condo (Warrantable); Townhome; Multi-Unit (5-8); Condo (Non-Warrantable); PUD; Rural,1 Unit (SFR); 2 Units; 3-4 Units; Condo (Warrantable); Townhome; Multi-Unit (5-8); Condo (Non-Warrantable); PUD; Rural,,Purchase; Refi (Cash Out); Refi (Rate Term),Pennsylvania (PA); Wyoming (WY); Nebraska (NE); Maine (ME); Kentucky (KY); Florida (FL); Maryland (MD); Alaska (AK); Arkansas (AR); Guam (GU); Montana (MT); California (CA); Oregon (OR); Illinois (IL); Georgia (GA); Iowa (IA); Wisconsin (WI); Idaho (ID); Massachusetts (MA); Delaware (DE); Ohio (OH); District of Columbia (DC); Louisiana (LA); Rhode Island (RI); Virginia (VA); New York (NY); Puerto Rico (PR); New Mexico (NM); US Virgin Islands (VI); West Virginia (WV); Minnesota (MN); North Carolina (NC); Missouri (MO); New Hampshire (NH); Mississippi (MS); Michigan (MI); Washington (WA); Colorado (CO); Arizona (AZ); Tennessee (TN); Utah (UT); Texas (TX); South Carolina (SC); Indiana (IN); Kansas (KS); Hawaii (HI); Alabama (AL); New Jersey (NJ); Connecticut (CT); Oklahoma (OK),,,🔴 No,🔴 No,,,,,,,,,,,,,,,,,,,,,,🟢 Yes,🟢 Yes,,,,,https://www.bplhub.com/DocumentLibrary/Files,https://www.bplhub.com/DocumentLibrary/Files,https://logos.mtg.broker/lender-matrices/recOZJYY0GVtaucUu.pdf?v=attYwIBYq61f3oCy1,https://logos.mtg.broker/lender-guidelines/recOZJYY0GVtaucUu.pdf?v=atthVE9O3vHFQoO6M,source_extracted_not_human_verified
Crebrid (Wildcat Lending),DSCR (Rental Loan),dscr,Debt Service Coverage Ratio (DSCR),recYJxgSUTooIFF5u,2026-03-04,2026-07-21,75000,3000000,,,,640,,,,80,80,65,,,,,80,80,20,85,80,Investment,1 Unit (SFR); 2 Units; 3-4 Units; Multi-Unit (5-10); Condo (Warrantable); Condo (Non-Warrantable); Townhome,1 Unit (SFR); 2 Units; 3-4 Units; Condo (Warrantable); Condo (Non-Warrantable); Townhome,Excluded from requested residential scope: Multi-Unit (5-10),Purchase; Refi (Cash Out); Refi (Rate Term),,,"Ineligible Florida markets: Cape Coral, Lehigh Acres, and St. James City.

Rural properties: the city must have at least 500 people per square mile.
",,🟢 Yes,,,,,,,,,,,,,,,,"Acceptable assets for reserves and cash to close must be held in the guarantor or entity name: checking, savings, HELOCs, crypto, CDs, 401(k)s, and other verifiable accounts.

Not accepted: cash (source of funds cannot be verified), gift letters / gifted funds, or borrowed funds.
",,,,,,,🟢 Yes,,,,,https://crebrid.com/loans/rental-loans,,https://logos.mtg.broker/lender-matrices/recYJxgSUTooIFF5u.pdf?v=attSETM0kM3TjuS4Z,,source_extracted_not_human_verified
Cursive Lending,Platinum Non-QM | Bank Statement,bank_statement,Bank Statements Loans,recWwByHQ5rCjOW3l,2026-01-26,2026-07-06,100000,3000000,,,,,50,,,,,,,,,,,,,85,80,Primary; 2nd Home; Investment,1 Unit (SFR); PUD; Condo (Warrantable); 2 Units; 3-4 Units,1 Unit (SFR); PUD; Condo (Warrantable); 2 Units; 3-4 Units,,Purchase; Refi (Rate Term); Refi (Cash Out),Alabama (AL); Arizona (AZ); Arkansas (AR); California (CA); Colorado (CO); Connecticut (CT); District of Columbia (DC); Florida (FL); Georgia (GA); Illinois (IL); Indiana (IN); Iowa (IA); Kansas (KS); Kentucky (KY); Louisiana (LA); Maryland (MD); Massachusetts (MA); Michigan (MI); Minnesota (MN); Mississippi (MS); Missouri (MO); Montana (MT); Nebraska (NE); New Hampshire (NH); New Jersey (NJ); New Mexico (NM); North Carolina (NC); Ohio (OH); Oklahoma (OK); Oregon (OR); Pennsylvania (PA); Rhode Island (RI); South Carolina (SC); South Dakota (SD); Tennessee (TN); Texas (TX); Utah (UT); Virginia (VA); Washington (WA); West Virginia (WV); Wisconsin (WI); Wyoming (WY),,,,,,,,,,,,,,,,,,,,,,,,,,,,,,,,https://portal.cursivelending.com/#/content/nonqmandjumboguidelines_576700,,https://logos.mtg.broker/lender-matrices/recWwByHQ5rCjOW3l.pdf?v=attOl4ICfY7I7gp8a,,source_extracted_not_human_verified
Cursive Lending,Platinum Non-QM | P&L,pnl_only,P&L (Profit and Loss) Statement,rec7XrdpDzskr2N3Y,2026-01-26,2026-07-06,100000,3000000,,,,,50,,,,,,,,,,,,,85,80,Primary; 2nd Home; Investment,1 Unit (SFR); PUD; Condo (Warrantable); 2 Units; 3-4 Units,1 Unit (SFR); PUD; Condo (Warrantable); 2 Units; 3-4 Units,,Purchase; Refi (Rate Term); Refi (Cash Out),Alabama (AL); Arizona (AZ); Arkansas (AR); California (CA); Colorado (CO); Connecticut (CT); District of Columbia (DC); Florida (FL); Georgia (GA); Illinois (IL); Indiana (IN); Iowa (IA); Kansas (KS); Kentucky (KY); Louisiana (LA); Maryland (MD); Massachusetts (MA); Michigan (MI); Minnesota (MN); Mississippi (MS); Missouri (MO); Montana (MT); Nebraska (NE); New Hampshire (NH); New Jersey (NJ); New Mexico (NM); North Carolina (NC); Ohio (OH); Oklahoma (OK); Oregon (OR); Pennsylvania (PA); Rhode Island (RI); South Carolina (SC); South Dakota (SD); Tennessee (TN); Texas (TX); Utah (UT); Virginia (VA); Washington (WA); West Virginia (WV); Wisconsin (WI); Wyoming (WY),,,,,,,,,,,,,,,,False,confirms_tax_filing_only,,,,,,,,,,,,,,,https://portal.cursivelending.com/#/content/nonqmandjumboguidelines_576700,,https://logos.mtg.broker/lender-matrices/rec7XrdpDzskr2N3Y.pdf?v=attza1vE5F4TEQ12a,,source_extracted_not_human_verified
CV3 Financial Services,Rental Loan | DSCR,dscr,Debt Service Coverage Ratio (DSCR),recBNEOWthXuydPLZ,,2026-05-21,75000,5000000,660,660,660,660,,,0.8,80,80,80,85,,,80,85,85,15,85,80,Investment,1 Unit (SFR); 2 Units; 3-4 Units; Condo (Warrantable); Townhome; PUD,1 Unit (SFR); 2 Units; 3-4 Units; Condo (Warrantable); Townhome; PUD,,Purchase; Refi (Rate Term); Refi (Cash Out),Alabama (AL); Arkansas (AR); Florida (FL); Georgia (GA); Iowa (IA); Mississippi (MS); Wyoming (WY); Oklahoma (OK); Hawaii (HI); Alaska (AK); Arizona (AZ); California (CA); Colorado (CO); Connecticut (CT); District of Columbia (DC); Idaho (ID); Illinois (IL); Indiana (IN); Kansas (KS); Kentucky (KY); Louisiana (LA); Maine (ME); Maryland (MD); Michigan (MI); Minnesota (MN); New Jersey (NJ); Nevada (NV); North Carolina (NC); Ohio (OH); Oregon (OR); Pennsylvania (PA); South Carolina (SC); Tennessee (TN); Texas (TX); Utah (UT); Washington (WA); Wisconsin (WI); Nebraska (NE); Montana (MT); West Virginia (WV); Delaware (DE); Vermont (VT); Massachusetts (MA); Missouri (MO); New Hampshire (NH); New Mexico (NM); Rhode Island (RI); Virginia (VA),North Dakota (ND); South Dakota (SD); New York (NY),"Lending in 47 states + District of Columbia. INELIGIBLE: ND, SD, NY. Source: https://cv3financial.com/where-we-lend/

State-specific restrictions per matrix PM-003 (04/01/2026):
- Maryland: 10% reduction to total qualifying LTV on ALL transactions. Appraisal transfers also unacceptable in MD.
- Entity-only (no individual, trust, or retirement entity): FL, GA, IA, ME, MN, RI, VA
- No trust allowed: ME, MI
",,🟢 Yes,,,,,,,,,,,,,,,,,,,,,,,🟢 Yes,🟢 Yes,,,,https://cv3financial.sharepoint.com/sites/CV3Marketing/Shared%20Documents/Forms/AllItems.aspx?id=%2Fsites%2FCV3Marketing%2FShared%20Documents%2FGeneral%2FCV3%20Resource%20Center&viewid=004246fa%2Dcba5%2D46e8%2D8992%2De5ca1a8146b5&p=true,,https://logos.mtg.broker/lender-matrices/recBNEOWthXuydPLZ.pdf?v=att3IdjIVQMtalyd8,,source_extracted_not_human_verified
Dominion Financial,30-Year DSCR Rental Loan,dscr,Debt Service Coverage Ratio (DSCR),recmeDSjF3xeIRMC8,2024-12-06,2026-05-24,150000,1500000,660,,,,,,0.75,80,75,75,,,,75,80,80,20,85,80,,1 Unit (SFR); PUD; Townhome; Condo (Warrantable); 2 Units; 3-4 Units,1 Unit (SFR); PUD; Townhome; Condo (Warrantable); 2 Units; 3-4 Units,,Purchase; Refi (Rate Term); Refi (Cash Out),,,,,🔴 No,,,,,,,,,,,,,,,,,,,,,,🔴 No,🟡 Yes (With Restrictions. See Guidelines),,,,,https://dominionfinancialservices.com/rental-loans/,,https://logos.mtg.broker/lender-matrices/recmeDSjF3xeIRMC8.pdf?v=att27eXeuKMMRqli1,,source_extracted_not_human_verified
Doorway Home Loans,The Contender| Bank Statement,bank_statement,Bank Statements Loans,recpbQN52CcQ7oSmA,2025-06-10,2026-08-05,150000,3000000,660,660,660,660,55,55,,90,85,80,,,,,90,90,10,85,80,Primary; 2nd Home; Investment,1 Unit (SFR); 2 Units; 3-4 Units; Condo (Warrantable); Condo (Non-Warrantable); Condotel; Co-ops; Rural,1 Unit (SFR); 2 Units; 3-4 Units; Condo (Warrantable); Condo (Non-Warrantable); Condotel; Rural,Excluded from requested residential scope: Co-ops,Purchase; Refi (Cash Out); Refi (Rate Term),,,,🔴 No,🔴 No,,,,,,,,,,,,,,,,,,,,,,🟢 Yes,,,🟢 Yes,,,"https://www.doorwaywholesale.com/products#:~:text=Co%2DBorrowers%20Allowed-,Non%2DQM%20Products,-90%25%20LTV%20NonQM",,https://logos.mtg.broker/lender-matrices/recpbQN52CcQ7oSmA.pdf?v=att3Ampqg6tJBwLOB,,source_extracted_not_human_verified
Drive TPO (Solve Mortgage),P&L (Profit and Loss) Statement,pnl_only,P&L (Profit and Loss) Statement,rec72HdQZNIhP5YGV,,,,3500000,,,,,,,,,,,,,,,,,,85,80,,,,,,,,,,,,,,,,,,,,,,False,confirms_tax_filing_only,,,,,,,,,,,,,,,,,,,source_extracted_not_human_verified
Drive TPO (Solve Mortgage),Series A1 DSCR,dscr,Debt Service Coverage Ratio (DSCR),recAj8ffttGyHLLYI,2026-02-09,2026-07-31,250000,3000000,660,680,,,,,1,80,80,75,,,,80,80,80,20,85,80,Investment,1 Unit (SFR); 2 Units; 3-4 Units; Condo (Warrantable),1 Unit (SFR); 2 Units; 3-4 Units; Condo (Warrantable),,Purchase; Refi (Cash Out); Refi (Rate Term),,,,,,,,,,,,,,,,,,,,,,,,,,,Not Stated,,,,,,https://www.drivetpo.com/resources#:~:text=SERIES%20A,,https://logos.mtg.broker/lender-matrices/recAj8ffttGyHLLYI.pdf?v=attnxnAmTZIbydtAw,https://logos.mtg.broker/lender-guidelines/recAj8ffttGyHLLYI.pdf?v=attOXYbEBuChJTpVh,source_extracted_not_human_verified
Drive TPO (Solve Mortgage),Series A2 DSCR,dscr,Debt Service Coverage Ratio (DSCR),recui50agEO2DYdJC,2026-02-09,2026-07-31,250000,3000000,660,,,,,,0.75,80,80,75,,,,80,80,80,20,85,80,Investment,1 Unit (SFR); 2 Units; 3-4 Units; Condo (Warrantable); Condo (Non-Warrantable),1 Unit (SFR); 2 Units; 3-4 Units; Condo (Warrantable); Condo (Non-Warrantable),,Purchase; Refi (Cash Out); Refi (Rate Term),,,,,,,,,,,,,,,,,,,,,,,,,,,Not Stated,,,,,,https://www.drivetpo.com/resources#:~:text=SERIES%20A,,https://logos.mtg.broker/lender-matrices/recui50agEO2DYdJC.pdf?v=attCH1ReZEVj2nWwk,https://logos.mtg.broker/lender-guidelines/recui50agEO2DYdJC.pdf?v=attu26kfZs3l0A34V,source_extracted_not_human_verified
Drive TPO (Solve Mortgage),Series A5 DSCR,dscr,Debt Service Coverage Ratio (DSCR),recGexUOThyJqzvHH,2026-01-26,2026-07-31,250000,2000000,660,660,660,,,,0.75,80,80,75,80,,,,80,80,20,85,80,Investment,1 Unit (SFR); 2 Units; 3-4 Units; SFR + 1ADU; Condo (Warrantable); PUD; Age-Restricted Communities; Leaseholds; Rural,1 Unit (SFR); 2 Units; 3-4 Units; SFR + 1ADU; Condo (Warrantable); PUD; Rural,Excluded from requested residential scope: Age-Restricted Communities; Leaseholds,Purchase; Refi (Cash Out); Refi (Rate Term),,,,,,,,,,,,,,,,,,,,,,,,,,,,,,,,,https://www.drivetpo.com/resources#:~:text=SERIES%20A,,https://logos.mtg.broker/lender-matrices/recGexUOThyJqzvHH.pdf?v=attZUCDwryUt8reBS,https://logos.mtg.broker/lender-guidelines/recGexUOThyJqzvHH.pdf?v=attnQqSILvttvrG5G,source_extracted_not_human_verified
Drive TPO (Solve Mortgage),Series B DSCR,dscr,Debt Service Coverage Ratio (DSCR),recWWR3wqQIbACivj,,2026-07-31,,2500000,660,,,660,,,1,80,80,75,,,,,80,80,20,85,80,Investment,1 Unit (SFR); 2 Units; 3-4 Units; PUD; Condo (Warrantable); Condo (Non-Warrantable),1 Unit (SFR); 2 Units; 3-4 Units; PUD; Condo (Warrantable); Condo (Non-Warrantable),,Purchase; Refi (Cash Out); Refi (Rate Term),,,,,,,,,,,,,,,,,,,,,,,,,,,,,,,,,https://www.drivetpo.com/resources#:~:text=SERIES%20B,,https://logos.mtg.broker/lender-matrices/recWWR3wqQIbACivj.pdf?v=attYNha6EKHZUbjIv,https://logos.mtg.broker/lender-guidelines/recWWR3wqQIbACivj.pdf?v=attVlKjK5EbpSswUt,source_extracted_not_human_verified
Drive TPO (Solve Mortgage),Series B | Bank Statement,bank_statement,Bank Statements Loans,recOE3RfeY8zBI2D4,2026-04-10,2026-07-31,250000,3500000,660,,,,50,55,,90,85,80,90,,,,90,90,10,85,80,Primary; 2nd Home; Investment,1 Unit (SFR); 2 Units; 3-4 Units; Condo (Warrantable),1 Unit (SFR); 2 Units; 3-4 Units; Condo (Warrantable),,Purchase; Refi (Rate Term); Refi (Cash Out),,,,,,,,,,,,,,,,,,,,,,,,,,,Not Stated,,,,,,https://www.drivetpo.com/resources,,https://logos.mtg.broker/lender-matrices/recOE3RfeY8zBI2D4.pdf?v=atthyJKsqgErSEylq,,source_extracted_not_human_verified
Drive TPO (Solve Mortgage),Series B3 DSCR,dscr,Debt Service Coverage Ratio (DSCR),rec48PdbfyCqEXNPz,2026-02-17,2026-07-31,,2000000,660,,,,,,,80,80,75,,,,,80,80,20,85,80,Investment,1 Unit (SFR); 2 Units; 3-4 Units; Condo (Warrantable); Condo (Non-Warrantable); PUD; Townhome; SFR + 1ADU; Modular; Co-ops; Leaseholds,1 Unit (SFR); 2 Units; 3-4 Units; Condo (Warrantable); Condo (Non-Warrantable); PUD; Townhome; SFR + 1ADU; Modular,Excluded from requested residential scope: Co-ops; Leaseholds,Purchase; Refi (Cash Out); Refi (Rate Term),,,,,,,,,,,,,,,,,,,,,,,,,,,,,,,,,https://www.drivetpo.com/resources#:~:text=SERIES%20B3,,https://logos.mtg.broker/lender-matrices/rec48PdbfyCqEXNPz.pdf?v=attyTAoQnpvEeb6IN,https://logos.mtg.broker/lender-guidelines/rec48PdbfyCqEXNPz.pdf?v=att5crFhJ5jn4wrfK,source_extracted_not_human_verified
Drive TPO (Solve Mortgage),Series C DSCR,dscr,Debt Service Coverage Ratio (DSCR),recEKXkeqz8tb36Z3,2025-12-01,2026-07-31,250000,3000000,660,,,660,,,,85,80,75,85,,,80,85,85,15,85,80,Investment,1 Unit (SFR); Townhome; PUD; Condo (Warrantable); Condo (Non-Warrantable); 2 Units; 3-4 Units; Manufactured Homes,1 Unit (SFR); Townhome; PUD; Condo (Warrantable); Condo (Non-Warrantable); 2 Units; 3-4 Units; Manufactured Homes,,Purchase; Refi (Cash Out); Refi (Rate Term),,Alaska (AK); North Dakota (ND); South Dakota (SD),,,🔴 No,,,,,,,,,,,,,,,,,,,,,,🟢 Yes,,🟢 Yes,🟢 Yes,,,https://www.drivetpo.com/resources#:~:text=SERIES%20C,,https://logos.mtg.broker/lender-matrices/recEKXkeqz8tb36Z3.pdf?v=attmD7EGjU1MC2acq,https://logos.mtg.broker/lender-guidelines/recEKXkeqz8tb36Z3.pdf?v=attpBVnCRlCOIAWxI,source_extracted_not_human_verified
Drive TPO (Solve Mortgage),Series F DSCR,dscr,Debt Service Coverage Ratio (DSCR),recTlbpGxGajxNgfx,2026-03-16,2026-07-31,250000,3000000,700,,,,,,0.8,80,80,75,,,,80,80,80,20,85,80,Investment,1 Unit (SFR); 2 Units; 3-4 Units; Condo (Warrantable); Condo (Non-Warrantable); SFR + 1ADU; Modular; Co-ops; Rural,1 Unit (SFR); 2 Units; 3-4 Units; Condo (Warrantable); Condo (Non-Warrantable); SFR + 1ADU; Modular; Rural,Excluded from requested residential scope: Co-ops,Purchase; Refi (Cash Out); Refi (Rate Term),,,,,🔴 No,,,,,,,,,,,,,,,,,,,,,,,🟢 Yes,,🟢 Yes,,,https://www.drivetpo.com/resources#:~:text=SERIES%20F,,https://logos.mtg.broker/lender-matrices/recTlbpGxGajxNgfx.pdf?v=attGPT80QBAGCmv3f,https://logos.mtg.broker/lender-guidelines/recTlbpGxGajxNgfx.pdf?v=attrEKwSOBXKAbNyp,source_extracted_not_human_verified
Drive TPO (Solve Mortgage),Series H DSCR,dscr,Debt Service Coverage Ratio (DSCR),recFjOiVz8Q1gDjn3,2026-02-13,2026-07-31,75000,3000000,660,,,660,,,,85,80,75,,,,85,85,85,15,85,80,Investment,1 Unit (SFR); 2 Units; 3-4 Units; Condo (Warrantable); Condo (Non-Warrantable); PUD; Townhome; Rural,1 Unit (SFR); 2 Units; 3-4 Units; Condo (Warrantable); Condo (Non-Warrantable); PUD; Townhome; Rural,,Purchase; Refi (Rate Term); Refi (Cash Out),,,,,,,,,,,,,,,,,,,,,,,,,,,🟢 Yes,🟢 Yes,,🔴 No,,,"https://www.drivetpo.com/resources#:~:text=Series%20H,Super%20Jumbo",,https://logos.mtg.broker/lender-matrices/recFjOiVz8Q1gDjn3.pdf?v=attH3fXYzSq5qIh3t,https://logos.mtg.broker/lender-guidelines/recFjOiVz8Q1gDjn3.pdf?v=att9C7JYl87l1XKd1,source_extracted_not_human_verified
Drive TPO (Solve Mortgage),Series H DSCR Multi Unit 5-8,5_8_unit_dscr; dscr,Debt Service Coverage Ratio (DSCR),reco9A7hVqTAzCLx0,2026-02-13,2026-07-31,250000,3000000,720,,,720,,,,75,75,70,,,,,75,75,25,85,80,Investment,Multi-Unit (5-8),Multi-Unit (5-8),,Purchase; Refi (Rate Term); Refi (Cash Out),,,,,,,,,,,,,,,,,,,,,,,,,,,🔴 No,🟢 Yes,,🔴 No,,,"https://www.drivetpo.com/resources#:~:text=Series%20H,Super%20Jumbo",,https://logos.mtg.broker/lender-matrices/reco9A7hVqTAzCLx0.pdf?v=attLwklSeYFhdYOMl,https://logos.mtg.broker/lender-guidelines/reco9A7hVqTAzCLx0.pdf?v=attTkpXW4gniC2fdF,source_extracted_not_human_verified
Drive TPO (Solve Mortgage),Series H DSCR Supreme,dscr,Debt Service Coverage Ratio (DSCR),recAXdAB9kMplR8Ip,2026-02-13,2026-07-31,250000,2000000,720,,,720,,,,80,80,75,,,,75,80,80,20,85,80,Investment,1 Unit (SFR); 2 Units; 3-4 Units; Condo (Warrantable); PUD; Townhome,1 Unit (SFR); 2 Units; 3-4 Units; Condo (Warrantable); PUD; Townhome,,Purchase; Refi (Rate Term); Refi (Cash Out),,,,,,,,,,,,,,,,,,,,,,,,,,,🔴 No,🟢 Yes,,🔴 No,,,"https://www.drivetpo.com/resources#:~:text=Series%20H,Super%20Jumbo",,https://logos.mtg.broker/lender-matrices/recAXdAB9kMplR8Ip.pdf?v=attKJ8luluvPynqDf,,source_extracted_not_human_verified
Drive TPO (Solve Mortgage),Series R DSCR,5_8_unit_dscr; dscr,Debt Service Coverage Ratio (DSCR),rec2o6mPdq7SD16Xw,,2026-07-31,250000,3000000,660,,,660,,,0.75,80,80,75,,,,80,80,80,20,85,80,Investment,1 Unit (SFR); 2 Units; 3-4 Units; Condo (Warrantable); Condo (Non-Warrantable); Multi-Unit (5-8),1 Unit (SFR); 2 Units; 3-4 Units; Condo (Warrantable); Condo (Non-Warrantable); Multi-Unit (5-8),,Purchase; Refi (Cash Out); Refi (Rate Term),,,,🔴 No,🔴 No,,,,,,,,,,,,,,,,,,,,,,🔴 No,🟢 Yes,,,,,https://www.drivetpo.com/resources#:~:text=SERIES%20R,,https://logos.mtg.broker/lender-matrices/rec2o6mPdq7SD16Xw.pdf?v=attEfBLaBg48zJ13a,https://logos.mtg.broker/lender-guidelines/rec2o6mPdq7SD16Xw.pdf?v=attigXAfR9m7XwWy7,source_extracted_not_human_verified
Easy Street Capital,EasyRent DSCR,dscr,Debt Service Coverage Ratio (DSCR),recuMWL9Hv2mPtfGU,,2026-08-17,100000,3500000,640,,,,,,,80,80,75,,,,,80,80,20,85,80,Investment,1 Unit (SFR); 2 Units; 3-4 Units; Multi-Unit (5+); Condo (Warrantable); Mixed-Use; Rural; Multi-Unit (5-10),1 Unit (SFR); 2 Units; 3-4 Units; Condo (Warrantable); Rural,Excluded from requested residential scope: Multi-Unit (5+); Mixed-Use; Multi-Unit (5-10),Purchase; Refi (Cash Out); Refi (Rate Term),,,,,,,,,,,,,,,,,,,,,,,,,,,NA,🟢 Yes,,,,,https://www.easystreetcap.com/easyrent/,,,,source_extracted_not_human_verified
eLEND TPO (Formerly AFR),DSCR | Investor,dscr,Debt Service Coverage Ratio (DSCR),recaBWLkjcHmCUfw3,2026-07-06,2026-08-05,,,700,,,,,,,80,,,,,,,80,80,20,85,80,Investment,1 Unit (SFR); SFR + 1ADU; 2 Units; 3-4 Units; PUD; Condo (Warrantable); Modular,1 Unit (SFR); SFR + 1ADU; 2 Units; 3-4 Units; PUD; Condo (Warrantable); Modular,,Purchase; Refi (Rate Term); Refi (Cash Out),,,,,,,,,,,,,,,,,,,,,,,,,,,🔴 No,🟢 Yes,,🟢 Yes,,,https://www.elend.com/tpo/products/dscr-investor/,,https://logos.mtg.broker/lender-matrices/recaBWLkjcHmCUfw3.pdf?v=attoHkLT0xKoHCCnU,,source_extracted_not_human_verified
Emporium TPO,Elevate DSCR,dscr,Debt Service Coverage Ratio (DSCR),recXouzsy7DKQEwwT,2026-05-01,2026-05-30,100000,3000000,680,,,680,,,,80,80,70,80,,80,80,80,80,20,85,80,Investment,1 Unit (SFR); SFR + 1ADU; 2 Units; 3-4 Units; Condo (Warrantable); Condo (Non-Warrantable); Condotel; Rural,1 Unit (SFR); SFR + 1ADU; 2 Units; 3-4 Units; Condo (Warrantable); Condo (Non-Warrantable); Condotel; Rural,,Purchase; Refi (Cash Out); Refi (Rate Term),,,,,🟢 Yes,,,,,,,,,,,,,,,,,,,,,,🟢 Yes,🟢 Yes,,🟢 Yes,"Declining markets or short-term rental use reduce LTV by 5% if over 65%
",,https://emporiumtpo.com/product-matrix.html,,https://logos.mtg.broker/lender-matrices/recXouzsy7DKQEwwT.pdf?v=attGlYIG7I7xdLg4o,,source_extracted_not_human_verified
Emporium TPO,Empower DSCR,dscr,Debt Service Coverage Ratio (DSCR),recgZdSu89FMtzpBM,2026-05-01,2026-06-24,100000,3000000,700,,,700,,,,80,80,75,,,,80,80,80,20,85,80,Investment,1 Unit (SFR); SFR + 1ADU; Modular; 2 Units; 3-4 Units; Condo (Warrantable); Condo (Non-Warrantable); Condotel; Rural,1 Unit (SFR); SFR + 1ADU; Modular; 2 Units; 3-4 Units; Condo (Warrantable); Condo (Non-Warrantable); Condotel; Rural,,Purchase,,,,,🟢 Yes,,,,,,,,,,,,,,,,,,,,,,🟢 Yes,🟢 Yes,,🟢 Yes,,,"https://emporiumtpo.com/product-matrix.html#:~:text=Product%20Matrix-,EMPOWER%20DSCR%20MATRIX,-DOWNLOAD%20PDF","https://emporiumtpo.com/product-matrix.html#:~:text=Product%20Matrix-,EMPOWER%20DSCR%20MATRIX,-DOWNLOAD%20PDF",https://logos.mtg.broker/lender-matrices/recgZdSu89FMtzpBM.pdf?v=attkGXG7Pvy9xKg1l,,source_extracted_not_human_verified
Equity Prime Mortage (EPM),Aspire DSCR,5_8_unit_dscr; dscr,Debt Service Coverage Ratio (DSCR),recBZcct4lGHlQrBg,2025-07-21,2026-08-03,75000,3000000,640,,,,,,,80,80,75,,,,,80,80,20,85,80,Investment,1 Unit (SFR); 2 Units; 3-4 Units; Condo (Warrantable); Condo (Non-Warrantable); Condotel; Multi-Unit (5-8),1 Unit (SFR); 2 Units; 3-4 Units; Condo (Warrantable); Condo (Non-Warrantable); Condotel; Multi-Unit (5-8),,Purchase; Refi (Rate Term); Refi (Cash Out),,,,,,,,,,,,,,,,,,,,,,,,,,,🔴 No,🟡 Yes (With Restrictions. See Guidelines),,,,,https://www.epmwholesale.com/products/#:~:text=Aspire%20DSCR,,https://logos.mtg.broker/lender-matrices/recBZcct4lGHlQrBg.pdf?v=attHWok1u6Bf97DGf,,source_extracted_not_human_verified
Equity Prime Mortage (EPM),CORE DSCR,dscr,Debt Service Coverage Ratio (DSCR),recb8FBnBaFrFyBh1,2025-05-07,2026-08-03,100000,3000000,700,,,,,,,80,80,75,,,,,80,80,20,85,80,Investment,1 Unit (SFR); 2 Units; 3-4 Units; Condo (Warrantable); Modular; SFR + 1ADU; Condo (Non-Warrantable); Co-ops; Rural; Condotel,1 Unit (SFR); 2 Units; 3-4 Units; Condo (Warrantable); Modular; SFR + 1ADU; Condo (Non-Warrantable); Rural; Condotel,Excluded from requested residential scope: Co-ops,Purchase; Refi (Rate Term); Refi (Cash Out),,,,,,,,,,,,,,,,,,,,,,,,,,,🟢 Yes,🟢 Yes,,,,,https://www.epmwholesale.com/products/#:~:text=CORE%20DSCR,,https://logos.mtg.broker/lender-matrices/recb8FBnBaFrFyBh1.pdf?v=attBNhMKmo9F9DCWd,https://logos.mtg.broker/lender-guidelines/recb8FBnBaFrFyBh1.pdf?v=att7LQCUWqX4gcvFY,source_extracted_not_human_verified
Equity Prime Mortage (EPM),CORE ITIN,itin,ITIN,reczPsX0zEH3WHX73,2025-05-07,2026-08-12,125000,1500000,680,,,,50,,,80,80,80,80,,,,80,80,20,85,80,Primary,,,,Purchase; Refi (Rate Term),,,,🟢 Yes,,,,,,,,,,,,,,,,,,,,,,,Not Stated,,,,,,https://www.epmwholesale.com/products/,,https://logos.mtg.broker/lender-matrices/reczPsX0zEH3WHX73.pdf?v=attjDQzuwXYQ2iZ6N,,source_extracted_not_human_verified
Equity Prime Mortage (EPM),DSCR Prime,dscr,Debt Service Coverage Ratio (DSCR),recP8m4Hh3QTJAYsw,,2026-08-03,100000,3000000,660,,,,,,,80,80,75,,,,,80,80,20,85,80,Investment,1 Unit (SFR); 2 Units; 3-4 Units; Condo (Warrantable); PUD,1 Unit (SFR); 2 Units; 3-4 Units; Condo (Warrantable); PUD,,Purchase; Refi (Rate Term); Refi (Cash Out),,,,,,,,,,,,,,,,,,,,,,,,,,,🔴 No,🔴 No,,,,,https://www.epmwholesale.com/products/#:~:text=DSCR%20Prime,,https://logos.mtg.broker/lender-matrices/recP8m4Hh3QTJAYsw.pdf?v=atte7ILDpwdpsuTXI,,source_extracted_not_human_verified
Equity Prime Mortage (EPM),Flex / Select DSCR,dscr,Debt Service Coverage Ratio (DSCR),recB5rH3y4WPZVlyR,2026-01-15,2026-08-03,100000,3000000,660,,,,,,,85,80,75,,,,,85,85,15,85,80,Investment,1 Unit (SFR); 2 Units; 3-4 Units; PUD; Condo (Warrantable); Condo (Non-Warrantable); Townhome; Condotel; Rural,1 Unit (SFR); 2 Units; 3-4 Units; PUD; Condo (Warrantable); Condo (Non-Warrantable); Townhome; Condotel; Rural,,Purchase; Refi (Rate Term); Refi (Cash Out),,,,,,,,,,,,,,,,,,,,,,,,,,,🟢 Yes,🟢 Yes,,,,,https://www.epmwholesale.com/products/#:~:text=Flex%20%26%20Select,,https://logos.mtg.broker/lender-matrices/recB5rH3y4WPZVlyR.pdf?v=attPmrMD4n53OJfnA,,source_extracted_not_human_verified
Equity Prime Mortage (EPM),Second Lien Select,second_lien,Closed-End Second Lien,recQjkLUwE3S3Smpz,2026-01-15,2026-08-03,50000,1000000,700,,,,,,,,,,85,,,,85,85,15,85,80,Primary; 2nd Home; Investment,,,,Refi (Cash Out),,,,🔴 No,🔴 No,,,,,,,,,,,,,,,,,,,,,,🟢 Yes,🔴 No,,,,,https://www.epmwholesale.com/products/,,https://logos.mtg.broker/lender-matrices/recQjkLUwE3S3Smpz.pdf?v=attijnnsz6YCDJlFC,,source_extracted_not_human_verified
Equity Prime Mortage (EPM),Select ITIN,itin,ITIN,recOB7CHWP1IVgBpf,2026-01-15,2026-08-12,125000,2500000,660,,,660,,,,85,85,80,,,,,85,85,15,85,80,Primary; 2nd Home; Investment,,,,Purchase; Refi (Rate Term); Refi (Cash Out),,,,🟢 Yes,,,,,,,,,,,,,,,,,,,,,,,,,,,,,https://www.epmwholesale.com/products/,,https://logos.mtg.broker/lender-matrices/recOB7CHWP1IVgBpf.pdf?v=attBYA5ZbnkksMy4x,,source_extracted_not_human_verified
Equity Wave Lending,DSCR,5_8_unit_dscr; dscr,Debt Service Coverage Ratio (DSCR),recITgumYyoOMVMUe,,2026-08-14,150000,2000000,660,,,,,,,,,,,,,,,,,85,80,Investment,1 Unit (SFR); 2 Units; 3-4 Units; PUD; Townhome; Condo (Warrantable); Multi-Unit (5-8); Multi-Unit (5+),1 Unit (SFR); 2 Units; 3-4 Units; PUD; Townhome; Condo (Warrantable); Multi-Unit (5-8),Excluded from requested residential scope: Multi-Unit (5+),Purchase,,,,,,,,,,,,,,,,,,,,,,,,,,,,,,,,,No published matrix — asset-driven hard money lender (see Flyer | Info Page),,,,source_extracted_not_human_verified
Everstream Mortgage,Debt Service Coverage Ratio (DSCR),dscr,Debt Service Coverage Ratio (DSCR),recetksruQMFcgrOH,,2026-08-21,100000,,640,,,,,,,,,,,,,,,,,85,80,,,,,,,,,,,,,,,,,,,,,,,,,,,,,,,,,,,,,,https://www.everstreammortgage.com/loan-products/,,,,source_extracted_not_human_verified
Figure,5-Day HELOC,heloc,HELOC (Standalone),recs74cV8NSBZ1uQ0,2026-07-31,2026-08-03,25000,750000,600,,,,50,,,,,,90,80,80,,90,90,10,85,80,Primary; Investment; 2nd Home,1 Unit (SFR); 2 Units; 3-4 Units; Condo (Warrantable); Townhome; PUD,1 Unit (SFR); 2 Units; 3-4 Units; Condo (Warrantable); Townhome; PUD,,Equity Loan; Refi (Cash Out),,,,🔴 No,,,,,,,,,,,,,,,,,,1st Lien; 2nd Lien; 3rd Lien,100% Initial Draw,AVM only for SFR. AVM with BPO option allowed on Multi-Family properties,🟢 Yes. Liabilities and Liens (Certain States),90 Days,,,,,,"Max CLTV depends on FICO, lien position, loan amount and occupancy.

**Owner occupied, 1st or 2nd lien:**
- 90% CLTV: FICO 740-850 up to $250,000, or FICO 720-739 up to $150,000. DTI capped at 45%. A second AVM (FSD of 13 or lower) is required at final underwriting to support the value; if it does not come back under that threshold the borrower must re-select an offer at 85% CLTV or lower. Skipped if a BPO is ordered.
- 85% CLTV: FICO 740-850 (1st lien to $400,000, 2nd lien to $350,000), FICO 680-739 to $150,000, and FICO 780-850 to $750,000 on an owner-occupied single family residence of 5 acres or less.
- 80% CLTV: FICO 660-679 to $125,000, 680-699 to $200,000, 700-719 to $250,000, 720-739 to $300,000, 740-850 to $375,000, 760-850 to $750,000.
- 75% CLTV: FICO 640-659 to $125,000, and any loan above $400,000.
- 70% CLTV: 3rd lien position (owner occupied only).

**Secondary and investment:** 80% CLTV in 1st lien position up to $400,000, 70% CLTV in 2nd lien position. Max 2nd lien for non-owner occupied.

**2-4 unit (multi-family):** DTI capped at 45%. 80% CLTV owner occupied, 70% non-owner occupied in 2nd lien.

**Segment and state caps:** Texas and New York 80%. Homes listed for sale 80% (and not eligible over $400,000 or in Texas). New Mexico owner occupied 1st lien 79.99%. Florida condominiums (including mid and high rise) 70%.

**Max DTI** is 50%, reduced to 45% on the 90% CLTV tiers, on 2-4 unit properties, and on the Near Prime tier.
",https://www.figure.com/leadportal/login,,https://logos.mtg.broker/lender-matrices/recs74cV8NSBZ1uQ0.pdf?v=attn5CiOcagJX3AJX,,source_extracted_not_human_verified
Figure,Debt Service Coverage Ratio (DSCR),dscr,Debt Service Coverage Ratio (DSCR),rec1oKXZdxEK1apSx,,2026-05-22,75000,1000000,680,,,680,,,1,,80,75,,,,,80,80,20,85,80,Investment,1 Unit (SFR); PUD; Townhome; Condo (Warrantable),1 Unit (SFR); PUD; Townhome; Condo (Warrantable),,Refi (Cash Out); Refi (Rate Term),,,,,,,,,,,,,,,,,,,,,,,,,,,,,,,,"CLTV Caps 5% lower than for inexperienced borrowers

**To be considered ""experienced"", borrower must meet one of these qualifications:**
Property in the name of the borrower:
1. Any borrower has owned the subject property for at least 365 calendar days

Property in the name of an LLC
1. Any borrower is a member of the LLC for at least 365 calendar days
",https://www.figure.com/,,,,source_extracted_not_human_verified
Financial Lynx,DSCR,dscr,Debt Service Coverage Ratio (DSCR),reco00ulSexQ5r7uG,,,100000,,600,,,,,,,,,,,,,,,,,85,80,Investment,1 Unit (SFR); 2 Units; 3-4 Units; Condo (Warrantable),1 Unit (SFR); 2 Units; 3-4 Units; Condo (Warrantable),,Purchase; Refi (Rate Term); Refi (Cash Out),,,,,,,,,,,,,,,,,,,,,,,,,,,,,,,,,Request from AE,,,,source_extracted_not_human_verified
First Colony Wholesale | FCM TPO,Sharp NonQM | Bank Statement,bank_statement,Bank Statements Loans,rec2v3mviBoHZkQLB,2026-05-13,2026-06-01,125000,3000000,640,,,660,50,,,90,90,80,80,,,,90,90,10,85,80,Primary; Investment; 2nd Home,1 Unit (SFR); 2 Units; 3-4 Units; Condo (Warrantable); Condo (Non-Warrantable); Condotel,1 Unit (SFR); 2 Units; 3-4 Units; Condo (Warrantable); Condo (Non-Warrantable); Condotel,,Purchase; Refi (Cash Out); Refi (Rate Term),,,,🔴 No,🔴 No,12,12 Month Business; 12 Month Personal; 24 Month Business; 24 Month Personal,Business; Personal,100,50,10,,,,,,,,,,,,,,,,🟢 Yes,🟢 Yes,🟢 Yes,🟢 Yes,,,https://fcmtpo.com/products/#:~:text=SHARP%20FULL%20ALT%20DOC%20PROGRAM%20MATRIX,,https://logos.mtg.broker/lender-matrices/rec2v3mviBoHZkQLB.pdf?v=attUbtEcq1YH1WP6f,,source_extracted_not_human_verified
First Tech Federal Credit Union,HELOC,heloc,HELOC (Standalone),reckiHX8rOoPN6Aqk,,,,,,,,,50,,,,,,,,,,,,,85,80,Primary; 2nd Home,,,,Equity Loan,,,,,,,,,,,,,,,,,,,,,,,,,,,,,,,,,https://ftwholesale.firsttechfed.com/,,,,source_extracted_not_human_verified
Foundation Mortgage,Asset Utilization | Depletion,asset_depletion,Asset Depletion | Utilization,recTjaM4eKoa30wk7,2026-04-14,2026-07-14,100000,3000000,660,,,,50,,,85,,75,,,,,85,85,15,85,80,Primary; 2nd Home; Investment,1 Unit (SFR); 2 Units; 3-4 Units; PUD; Condo (Warrantable); Condo (Non-Warrantable),1 Unit (SFR); 2 Units; 3-4 Units; PUD; Condo (Warrantable); Condo (Non-Warrantable),,Purchase; Refi (Rate Term); Refi (Cash Out),,,,,,,,,,,,,,,,,,,,,,,,,,,,,,,,,https://foundationmortgage.com/tpo-connect/tpo-connect-guidelines-and-matrices/,,https://logos.mtg.broker/lender-matrices/recTjaM4eKoa30wk7.pdf?v=attAaz0VqD5b8hzll,,source_extracted_not_human_verified
Foundation Mortgage,Bank Statement,bank_statement,Bank Statements Loans,rec5nejqnuTc0VsQU,2026-04-14,2026-07-14,100000,3000000,620,,,,50,,,90,,80,,,,,90,90,10,85,80,Primary; 2nd Home; Investment,1 Unit (SFR); 2 Units; 3-4 Units; PUD; Condo (Warrantable); Condo (Non-Warrantable); Modular,1 Unit (SFR); 2 Units; 3-4 Units; PUD; Condo (Warrantable); Condo (Non-Warrantable); Modular,,Purchase; Refi (Rate Term); Refi (Cash Out),,,,,,,,,,,,,,,,,,,,,,,,,,,,,,,,,https://foundationmortgage.com/tpo-connect/tpo-connect-guidelines-and-matrices/,,https://logos.mtg.broker/lender-matrices/rec5nejqnuTc0VsQU.pdf?v=attrcRbTYFtej0qPt,,source_extracted_not_human_verified
Foundation Mortgage,Closed End Second (CES),second_lien,2nd Mortgage (Non-QM),rec5lMla35w0edVGM,2026-05-15,2026-07-14,150000,1000000,700,,,,50,,,85,,80,,,,,85,85,15,85,80,Primary; 2nd Home; Investment,1 Unit (SFR); 2 Units; 3-4 Units; PUD; Condo (Warrantable),1 Unit (SFR); 2 Units; 3-4 Units; PUD; Condo (Warrantable),,Purchase; Refi (Rate Term); Refi (Cash Out),,,,,,,,,,,,,,,,,,,,,,,,,,,,,,,,,https://foundationmortgage.com/tpo-connect/tpo-connect-guidelines-and-matrices/,,https://logos.mtg.broker/lender-matrices/rec5lMla35w0edVGM.pdf?v=attx4nwEWGp1qPlu1,,source_extracted_not_human_verified
Foundation Mortgage,DSCR No Ratio,dscr; no_ratio,Debt Service Coverage Ratio (DSCR) - No Ratio,rec7R8S8P0v18t4lY,2026-05-15,2026-07-14,125000,1500000,700,,,,,,,75,,65,,,,,75,75,25,85,80,Investment,1 Unit (SFR); 2 Units; 3-4 Units; PUD; Condo (Warrantable); Condo (Non-Warrantable),1 Unit (SFR); 2 Units; 3-4 Units; PUD; Condo (Warrantable); Condo (Non-Warrantable),,Purchase; Refi (Rate Term); Refi (Cash Out),,,,,,,,,,,,,,,,,,,,,,,,,,,,,,,,,https://foundationmortgage.com/tpo-connect/tpo-connect-guidelines-and-matrices/,,https://logos.mtg.broker/lender-matrices/rec7R8S8P0v18t4lY.pdf?v=attegUx4mInl2M6Xw,,source_extracted_not_human_verified
Foundation Mortgage,FMC 15 Investor DSCR,dscr,Debt Service Coverage Ratio (DSCR),recraT455uFq6GGG2,2026-05-04,2026-07-14,100000,3000000,620,,,,,,0.75,85,85,75,,,,80,85,85,15,85,80,Investment,1 Unit (SFR); 2 Units; 3-4 Units; PUD; Condo (Warrantable); Condo (Non-Warrantable),1 Unit (SFR); 2 Units; 3-4 Units; PUD; Condo (Warrantable); Condo (Non-Warrantable),,Purchase; Refi (Cash Out); Refi (Rate Term),,,,,🔴 No,,,,,,,,,,,,,,,,,,,,,,🟢 Yes,🟢 Yes,🟢 Yes,🔴 No,,,https://3558362661.encompasstpoconnect.com/#/content/externalpage,,https://logos.mtg.broker/lender-matrices/recraT455uFq6GGG2.pdf?v=attRqMoVWpbAjzoNi,,source_extracted_not_human_verified
Foundation Mortgage,ITIN,itin,ITIN,rec7iJO6Zg0DkpJvT,2026-04-23,2026-07-14,125000,2500000,660,,,,50,,,85,85,80,,75,75,,85,85,15,85,80,Primary; Investment; 2nd Home,1 Unit (SFR); 2 Units; 3-4 Units; Condo (Warrantable); PUD,1 Unit (SFR); 2 Units; 3-4 Units; Condo (Warrantable); PUD,,Purchase; Refi (Cash Out); Refi (Rate Term),,,,🟢 Yes,,,,,,,,,,,,,,,,,,,,,,,,,🟢 Yes,,,,https://foundationmortgage.com/tpo-connect/tpo-connect-guidelines-and-matrices/,,https://logos.mtg.broker/lender-matrices/rec7iJO6Zg0DkpJvT.pdf?v=att7zv1rLh1UjsuNM,,source_extracted_not_human_verified
Foundation Mortgage,Profit & Loss Only Program,pnl_only,P&L (Profit and Loss) Statement,rec80cKH2qY2lOZ73,2026-04-14,2026-07-14,100000,3000000,660,,,,50,,,85,85,80,,,,,85,85,15,85,80,Primary; 2nd Home; Investment,1 Unit (SFR); 2 Units; 3-4 Units; PUD; Condo (Warrantable); Condo (Non-Warrantable),1 Unit (SFR); 2 Units; 3-4 Units; PUD; Condo (Warrantable); Condo (Non-Warrantable),,Purchase; Refi (Cash Out); Refi (Rate Term),,,,,🔴 No,,,,,,,,,,,,False,confirms_tax_filing_only,,,,,,,,,,,,,,,https://foundationmortgage.com/tpo-connect/tpo-connect-guidelines-and-matrices/,,https://logos.mtg.broker/lender-matrices/rec80cKH2qY2lOZ73.pdf?v=attBpyeObaYpJmLe2,,source_extracted_not_human_verified
GMFS Partners,GMFS DSCR | DSCR ≥ 1.00,dscr,Debt Service Coverage Ratio (DSCR),recssMZArmK5VkdVy,2026-04-21,2026-06-01,100000,2500000,640,,,,,,,80,,80,,,,80,80,80,20,85,80,Investment,1 Unit (SFR); PUD; Townhome; 2 Units; 3-4 Units; Condo (Warrantable); Condo (Non-Warrantable); Rural,1 Unit (SFR); PUD; Townhome; 2 Units; 3-4 Units; Condo (Warrantable); Condo (Non-Warrantable); Rural,,Purchase; Refi (Cash Out); Refi (Rate Term),,,,,,,,,,,,,,,,,,,,,,,,,,,🔴 No,🔴 No,,,,,https://gmfspartners.com/resource/gmfs-dscr-matrix/,,https://logos.mtg.broker/lender-matrices/recssMZArmK5VkdVy.pdf?v=attSg8g7dMpAAlbJP,,source_extracted_not_human_verified
Homebridge Wholesale,Access (Not Elite Access) | Bank Statement,bank_statement,Bank Statements Loans,reco2sFZJJYMitUPn,2026-07-01,2026-08-09,125000,3500000,620,,,,50,,,90,90,80,,,,,90,90,10,85,80,Primary; 2nd Home; Investment,,,,Purchase; Refi (Rate Term); Refi (Cash Out),,,,,,,,,,,,,,,,,,,,,,,,,,,,,,,,,"https://www.homebridgewholesale.com/products-and-guidelines/#:~:text=NOVEMBER%2014%2C%202024-,Access%20(Non%2DQM),-Access%207/6",,https://logos.mtg.broker/lender-matrices/reco2sFZJJYMitUPn.pdf?v=attr7KxOoWfvfhODf,,source_extracted_not_human_verified
Homebridge Wholesale,Access (Not Elite Access) | P&L,pnl_only,P&L (Profit and Loss) Statement,reciSv9kDHQzWg7GG,2026-07-01,2026-08-01,125000,3000000,660,,,,50,,,80,,,,,,,80,80,20,85,80,Primary; 2nd Home; Investment,,,,Purchase; Refi (Rate Term); Refi (Cash Out),,,,,,,,,,,,,,,,,False,confirms_tax_filing_only,,,,,,,,,,,,,,,"https://www.homebridgewholesale.com/products-and-guidelines/#:~:text=NOVEMBER%2014%2C%202024-,Access%20(Non%2DQM),-Access%207/6",,https://logos.mtg.broker/lender-matrices/reciSv9kDHQzWg7GG.pdf?v=attGWJ5LYnPWpyU1M,,source_extracted_not_human_verified
Homebridge Wholesale,Access Investor Cash Flow | DSCR,dscr,Debt Service Coverage Ratio (DSCR),rec03FPbZbRft586q,2026-07-01,2026-08-01,125000,3000000,620,,,,,,,80,80,75,,,,80,80,80,20,85,80,Investment,1 Unit (SFR); 2 Units; 3-4 Units; PUD; Condo (Warrantable); Condo (Non-Warrantable); Site Condo; SFR + 1ADU,1 Unit (SFR); 2 Units; 3-4 Units; PUD; Condo (Warrantable); Condo (Non-Warrantable); Site Condo; SFR + 1ADU,,Purchase; Refi (Cash Out); Refi (Rate Term),,,,🔴 No,🔴 No,,,,,,,,,,,,,,,,,,,,,,🔴 No,🔴 No,Allowed. Requires 5% borrower own funds when LTV >75%,🔴 No,,,"https://www.homebridgewholesale.com/products-and-guidelines/#:~:text=NOVEMBER%2014%2C%202024-,Access%20(Non%2DQM),-Access%207/6",,https://logos.mtg.broker/lender-matrices/rec03FPbZbRft586q.pdf?v=attNhSFzEVuPRDtW9,,source_extracted_not_human_verified
Homebridge Wholesale,Elite Access | Asset Distribution / Utilization,asset_depletion,Asset Depletion | Utilization,recTT3Dk5bKNoF2dN,2026-07-01,2026-08-01,150000,3000000,660,,,,,,,80,80,,,,,,80,80,20,85,80,Primary; 2nd Home,1 Unit (SFR),1 Unit (SFR),,Purchase; Refi (Rate Term),,,,,,,,,,,,,,,,,,,,,,,,,,,Not Stated,,🟢 Yes,,,,https://www.homebridgewholesale.com/products-and-guidelines/#:~:text=Elite%20Access%20(Non%2DQM),,https://logos.mtg.broker/lender-matrices/recTT3Dk5bKNoF2dN.pdf?v=attlgfhpZ03JwGW68,,source_extracted_not_human_verified
Jet Mortgage,Business Class Non-Owner | Bank Statement,bank_statement,Bank Statements Loans,recW17tGIGSvx0otm,2026-06-01,2026-08-08,100000,2000000,640,,,,,,,85,80,80,,,,,85,85,15,85,80,Investment,1 Unit (SFR); 2 Units; 3-4 Units; PUD; Condo (Warrantable); Condo (Non-Warrantable); Condotel,1 Unit (SFR); 2 Units; 3-4 Units; PUD; Condo (Warrantable); Condo (Non-Warrantable); Condotel,,Purchase; Refi (Rate Term); Refi (Cash Out),,,,,,,,,,,,,,,,,,,,,,,,,,,🟢 Yes,🔴 No,,,,,https://jetmortgage.com/LoanPrograms,,https://logos.mtg.broker/lender-matrices/recW17tGIGSvx0otm.pdf?v=att1w7dPJwaiBBsOm,,source_extracted_not_human_verified
Jet Mortgage,Business Class | Bank Statement,bank_statement,Bank Statements Loans,recT7MO1m74JyN5DH,2026-06-01,2026-08-08,100000,3500000,660,,,,,,,90,85,80,,,,,90,90,10,85,80,Primary; 2nd Home,1 Unit (SFR); 2 Units; 3-4 Units; PUD; Condo (Warrantable); Condo (Non-Warrantable),1 Unit (SFR); 2 Units; 3-4 Units; PUD; Condo (Warrantable); Condo (Non-Warrantable),,Purchase; Refi (Rate Term); Refi (Cash Out),,,,,,,,,,,,,,,,,,,,,,,,,,,🟢 Yes,,,,,,https://jetmortgage.com/LoanPrograms,,https://logos.mtg.broker/lender-matrices/recT7MO1m74JyN5DH.pdf?v=attSb9CginAMEaGTy,,source_extracted_not_human_verified
Jet Mortgage,Connecting Flight Seconds | CES,second_lien,2nd Mortgage (Non-QM),recNxFbvd8MFRD3Ol,2026-06-01,2026-08-08,75000,850000,660,,,,50,,,,,,90,,80,,90,90,10,85,80,Primary; 2nd Home; Investment,1 Unit (SFR); 2 Units; 3-4 Units; Condo (Warrantable),1 Unit (SFR); 2 Units; 3-4 Units; Condo (Warrantable),,Equity Loan,,New York (NY); Vermont (VT),,,🔴 No,,,,,,,,,,,,,,,,,2nd Lien,,,,,Not Stated,,,🟢 Yes,,,https://jetmortgage.com/LoanPrograms,,https://logos.mtg.broker/lender-matrices/recNxFbvd8MFRD3Ol.pdf?v=attKCfhzCVpkB32NJ,,source_extracted_not_human_verified
Jet Mortgage,First Class | Asset Depletion,asset_depletion,Asset Depletion | Utilization,reccrlrR1NIbQ2mO8,2026-07-20,2026-08-08,100000,3000000,700,,,,50,,,85,85,,,,,,85,85,15,85,80,Primary,1 Unit (SFR); PUD; Condo (Warrantable); Condo (Non-Warrantable); 2 Units; 3-4 Units; Leaseholds; Rural,1 Unit (SFR); PUD; Condo (Warrantable); Condo (Non-Warrantable); 2 Units; 3-4 Units; Rural,Excluded from requested residential scope: Leaseholds,Purchase; Refi (Rate Term),,,,,,,,,,,,,,,,,,,,,,,,,,,,,,,,,https://jetmortgage.com/LoanPrograms,,https://logos.mtg.broker/lender-matrices/reccrlrR1NIbQ2mO8.pdf?v=attEl03XSSWGbmE1F,,source_extracted_not_human_verified
Jet Mortgage,First Class | Bank Statements,bank_statement,Bank Statements Loans,recG9kkmqSA2gl8AK,2026-07-20,2026-08-08,100000,3000000,660,,,,50,,,90,90,80,,,,,90,90,10,85,80,Primary; 2nd Home; Investment,1 Unit (SFR); PUD; Condo (Warrantable); Condo (Non-Warrantable); 2 Units; 3-4 Units; Leaseholds; Rural,1 Unit (SFR); PUD; Condo (Warrantable); Condo (Non-Warrantable); 2 Units; 3-4 Units; Rural,Excluded from requested residential scope: Leaseholds,Purchase; Refi (Rate Term); Refi (Cash Out),,,,,,,,,,,,,,,,,,,,,,,,,,,,,,,,,https://jetmortgage.com/LoanPrograms,,https://logos.mtg.broker/lender-matrices/recG9kkmqSA2gl8AK.pdf?v=att16NFC77H1Pw46Z,,source_extracted_not_human_verified
Jet Mortgage,Premium Class | Bank Statement,bank_statement,Bank Statements Loans,recoHGl4aGeGjz9d8,2026-06-22,2026-08-08,100000,4000000,620,,,,50,,,90,90,80,,80,,80,90,90,10,85,80,Primary; Investment; 2nd Home,1 Unit (SFR); 2 Units; 3-4 Units; PUD; Condo (Warrantable); Condo (Non-Warrantable); Condotel; Modular,1 Unit (SFR); 2 Units; 3-4 Units; PUD; Condo (Warrantable); Condo (Non-Warrantable); Condotel; Modular,,Purchase; Refi (Cash Out); Refi (Rate Term),,,,,,,,,,,,,,,,,,,,,,,,,,,🟢 Yes,,🟢 Yes,🟢 Yes,,,https://jetmortgage.com/LoanPrograms,,https://logos.mtg.broker/lender-matrices/recoHGl4aGeGjz9d8.pdf?v=attfTVOcL0fmGcOy7,,source_extracted_not_human_verified
Jet Mortgage,Premium Class | Non-Owner DSCR,dscr,Debt Service Coverage Ratio (DSCR),rec1uqagtWFrNJZ34,2026-06-22,2026-08-08,100000,4000000,640,,,,50,,0.75,85,85,80,,,,80,85,85,15,85,80,Investment,1 Unit (SFR); 2 Units; 3-4 Units; PUD; Condo (Warrantable); Condo (Non-Warrantable); Condotel; Modular; Rural,1 Unit (SFR); 2 Units; 3-4 Units; PUD; Condo (Warrantable); Condo (Non-Warrantable); Condotel; Modular; Rural,,Purchase,,New York (NY); Vermont (VT),,,🟢 Yes,,,,,,,,,,,,,,,,,,,,,,🟢 Yes,🟢 Yes,🟢 Yes,,"Up to 75% LTV with No Ratio
",,https://jetmortgage.com/LoanPrograms,,https://logos.mtg.broker/lender-matrices/rec1uqagtWFrNJZ34.pdf?v=attwhfSA7ZHHOaS6K,,source_extracted_not_human_verified
Jet Mortgage,Premium Class | P&L Only,pnl_only,P&L (Profit and Loss) Statement,rec7aMuSNInlpVDmm,2026-06-22,2026-08-08,100000,3000000,660,,,,50,,,85,85,80,,,,,85,85,15,85,80,Primary; 2nd Home; Investment,1 Unit (SFR); Townhome; PUD; 2 Units; 3-4 Units; Condo (Warrantable),1 Unit (SFR); Townhome; PUD; 2 Units; 3-4 Units; Condo (Warrantable),,Purchase; Refi (Cash Out); Refi (Rate Term),,,,,,,,,,,,,,,,,False,confirms_tax_filing_only,,,,,,,,,🟢 Yes,,🟢 Yes,,,,https://jetmortgage.com/LoanPrograms,,https://logos.mtg.broker/lender-matrices/rec7aMuSNInlpVDmm.pdf?v=att9mIO7Hsz8B2sfH,,source_extracted_not_human_verified
Jet Mortgage,Skyline DSCR,dscr,Debt Service Coverage Ratio (DSCR),rectXvj06g2OgatZG,2026-06-01,2026-08-08,100000,3000000,660,,,660,,,,85,80,75,,,,80,85,85,15,85,80,Investment,1 Unit (SFR); 2 Units; 3-4 Units; PUD; Condo (Warrantable); Condo (Non-Warrantable); Condotel,1 Unit (SFR); 2 Units; 3-4 Units; PUD; Condo (Warrantable); Condo (Non-Warrantable); Condotel,,Purchase; Refi (Rate Term); Refi (Cash Out),,,,🔴 No,🔴 No,,,,,,,,,,,,,,,,,,,,,,🔴 No,🟢 Yes,,,,,https://jetmortgage.com/LoanPrograms,,https://logos.mtg.broker/lender-matrices/rectXvj06g2OgatZG.pdf?v=attvR7NTjzJ2JGdbW,,source_extracted_not_human_verified
June Point Lending,DSCR,dscr,Debt Service Coverage Ratio (DSCR),recYqWtIBsu4z63Qy,,2026-07-07,100000,2000000,680,,,,,,0.75,85,80,75,,,,75,85,85,15,85,80,Investment,1 Unit (SFR); PUD; Condo (Warrantable); Condo (Non-Warrantable); 2 Units; 3-4 Units,1 Unit (SFR); PUD; Condo (Warrantable); Condo (Non-Warrantable); 2 Units; 3-4 Units,,Purchase; Refi (Rate Term); Refi (Cash Out),Alabama (AL); Arizona (AZ); Colorado (CO); Connecticut (CT); Florida (FL); Georgia (GA); Illinois (IL); Massachusetts (MA); Maine (ME); Michigan (MI); New Jersey (NJ); North Carolina (NC); Ohio (OH); Pennsylvania (PA); South Carolina (SC); Texas (TX); Washington (WA); Wisconsin (WI),,,,,,,,,,,,,,,,,,,,,,,,,,,,,,,,https://www.junepointlending.com/resources,,https://logos.mtg.broker/lender-matrices/recYqWtIBsu4z63Qy.pdf?v=attXsQg5Dgs5dgsqh,,source_extracted_not_human_verified
LendingPros,Core DSCR | DSCR 1.0+,dscr,Debt Service Coverage Ratio (DSCR),recfnvP2hderSx549,2026-08-05,2026-08-07,100000,3500000,620,,,,,,1,85,85,75,85,,,80,85,85,15,85,80,Investment,1 Unit (SFR); PUD; Condo (Warrantable); Condo (Non-Warrantable); 2 Units; 3-4 Units,1 Unit (SFR); PUD; Condo (Warrantable); Condo (Non-Warrantable); 2 Units; 3-4 Units,,Purchase; Refi (Rate Term); Refi (Cash Out),,,,🟢 Yes,,,,,,,,,,,,,,,,,,,,,,,🔴 No,🟡 Yes (With Restrictions. See Guidelines),🟡 100% with 10% LTV reduction OR Min 5% buyer own funds,,,,https://golendingpros.com/non-qm-non-conforming-loans/,,https://logos.mtg.broker/lender-matrices/recfnvP2hderSx549.pdf?v=attcMZEeQWVf7u6jz,,source_extracted_not_human_verified
LendingPros,Core Non-QM | Asset Utilization,asset_depletion,Asset Depletion | Utilization,recpOAY0PYlFHysDc,2026-08-05,2026-08-07,125000,2000000,600,600,600,,,,,80,80,75,,,,,80,80,20,85,80,Primary; 2nd Home; Investment,1 Unit (SFR); 2 Units; 3-4 Units; Condo (Non-Warrantable); Condo (Warrantable); Rural,1 Unit (SFR); 2 Units; 3-4 Units; Condo (Non-Warrantable); Condo (Warrantable); Rural,,Purchase; Refi (Cash Out); Refi (Rate Term),,,,,🔴 No,,,,,,,,,,,,,,,3 Months,"- Liquid assets can be:
    - Cash on hand savings and checking, stocks, bonds, mutual funds, vested amount of retirement and money market accounts
",,,,,,,,,🟢 Yes,,,"https://golendingpros.com/non-qm-non-conforming-loans/#:~:text=Non%2DQM%20Programs-,View%20Non%2DQM%20Matrix,-View%20Non%2DQM",,https://logos.mtg.broker/lender-matrices/recpOAY0PYlFHysDc.pdf?v=att8sPg94u6Jchxhs,,source_extracted_not_human_verified
LendingPros,Core Non-QM | ITIN,itin,ITIN,recKoE8JV5mHooD2N,2026-08-05,2026-08-12,125000,1500000,660,,,,50,,,85,85,65,,,,,85,85,15,85,80,Primary; 2nd Home; Investment,1 Unit (SFR); 2 Units; 3-4 Units; Condo (Warrantable); Condo (Non-Warrantable); PUD,1 Unit (SFR); 2 Units; 3-4 Units; Condo (Warrantable); Condo (Non-Warrantable); PUD,,Purchase; Refi (Rate Term); Refi (Cash Out),,,,🟢 Yes,🔴 No,,,,,,,,,,,,,,,,,,,,,,,,,,,,https://golendingpros.com/non-qm-non-conforming-loans/,,https://logos.mtg.broker/lender-matrices/recKoE8JV5mHooD2N.pdf?v=attHWREUI6qc2GdEv,,source_extracted_not_human_verified
LendingPros,Core NonQM | Bank Statements,bank_statement,Bank Statements Loans,recNFzohQugNyII9f,2026-08-05,2026-08-07,125000,4000000,600,600,600,,45,,,90,85,80,90,85,85,,90,90,10,85,80,Primary; Investment; 2nd Home,1 Unit (SFR); 2 Units; 3-4 Units; Condo (Warrantable); Condo (Non-Warrantable); Rural,1 Unit (SFR); 2 Units; 3-4 Units; Condo (Warrantable); Condo (Non-Warrantable); Rural,,Purchase; Refi (Cash Out); Refi (Rate Term),,,"**State Limitations**
Baltimore City, MD (and its neighborhoods): suspended for Investment / Non-TRID (Business Purpose) transactions.
",🔴 No,🔴 No,,,,85,,,,,,,,,,,,,,,,,,🟢 Yes,🟢 Yes,🟢 Yes,🟢 Yes,,,"https://golendingpros.com/non-qm-non-conforming-loans/#:~:text=Non%2DQM%20Programs-,View%20Non%2DQM%20Matrix,-View%20Non%2DQM",,https://logos.mtg.broker/lender-matrices/recNFzohQugNyII9f.pdf?v=attcINF6Y8xLSHQCM,,source_extracted_not_human_verified
LendingPros,HELOCpro,heloc,HELOC (Standalone),recLKK306502hshx9,2026-05-27,2026-08-07,25000,750000,600,,,680,50,,,,,,85,,80,,85,85,15,85,80,Primary; Investment; 2nd Home,1 Unit (SFR); Townhome; PUD; Condo (Warrantable); 2 Units,1 Unit (SFR); Townhome; PUD; Condo (Warrantable); 2 Units,,Equity Loan,,,,,,,,,,,,,,,,,,,,,,1st Lien; 2nd Lien; 3rd Lien,100% Initial Draw,,🟢 Yes,90 Days,,,,,,,"https://golendingpros.com/helocpro/#:~:text=Credit%20%2D%20Now%20Available!-,HELOCpro%20Matrix,-Innovative%20HELOC%20program",,https://logos.mtg.broker/lender-matrices/recLKK306502hshx9.pdf?v=attqfITA6fkOUe0WK,,source_extracted_not_human_verified
LendingPros,ITIN DSCR,itin,ITIN,recgG0Y9kqNyB772H,2026-08-05,2026-08-07,100000,1500000,700,,,,,,,75,,65,,,,,75,75,25,85,80,Investment,,,,Purchase,,,,🟢 Yes,,,,,,,,,,,,,,,,,,,,,,,,,,,,,https://golendingpros.com/non-qm-non-conforming-loans/#:~:text=View%20Non%2DQM%20DSCR%20Matrix,,https://logos.mtg.broker/lender-matrices/recgG0Y9kqNyB772H.pdf?v=attyOou3osr5Ie0BS,,source_extracted_not_human_verified
LendingPros,No Ratio DSCR | DSCR <0.75,dscr,Debt Service Coverage Ratio (DSCR),recejDfrCnB20G7Df,2026-08-05,2026-08-07,100000,2500000,700,,,,,,,70,65,60,,,,60,70,70,30,85,80,Investment,1 Unit (SFR); Condo (Non-Warrantable); Condo (Warrantable); 2 Units; 3-4 Units,1 Unit (SFR); Condo (Non-Warrantable); Condo (Warrantable); 2 Units; 3-4 Units,,Purchase; Refi (Cash Out); Refi (Rate Term),,,,🔴 No,,,,,,,,,,,,,,,,,,,,,,,🔴 No,🔴 No,🟢 Yes,🔴 No,,,"https://golendingpros.com/non-qm-non-conforming-loans/#:~:text=Non%2DQM%20Programs-,View%20Non%2DQM%20Matrix,-Get%20Approved",,https://logos.mtg.broker/lender-matrices/recejDfrCnB20G7Df.pdf?v=attuDZ8aqPDOfYZlS,,source_extracted_not_human_verified
LendingPros,Non-QM Closed-End Seconds,second_lien,2nd CES Mortgage (Standalone),rec6iNGYZytVE7vRV,2026-06-08,2026-08-07,75000,750000,660,,,660,50,45,,,,,85,,85,,85,85,15,85,80,Primary; 2nd Home; Investment,1 Unit (SFR),1 Unit (SFR),,Equity Loan,,,,,🔴 No,,,,,,,,,,,,,,,,,2nd Lien,,,,,🟢 Yes,🟡 Yes (With Restrictions. See Guidelines),,🔴 No,,,https://golendingpros.com/non-qm-closed-end-seconds/#:~:text=Click%20Here%20to%20Download%20the%20Eligibility%20Matrix,,https://logos.mtg.broker/lender-matrices/rec6iNGYZytVE7vRV.pdf?v=att7DqA8vNzar3L9x,,source_extracted_not_human_verified
LendingPros,Profit & Loss Program,pnl_only,P&L (Profit and Loss) Statement,recym8Gq1jCBRA02F,2026-08-05,2026-08-07,125000,2500000,660,,,,50,,,80,,75,80,,,,80,80,20,85,80,Primary; Investment,1 Unit (SFR); 2 Units; 3-4 Units; Condo (Warrantable),1 Unit (SFR); 2 Units; 3-4 Units; Condo (Warrantable),,Purchase; Refi (Rate Term); Refi (Cash Out),,,,,,,,,,,,,12,,Must be Prepared by the same licensed third-party tax preparer who prepared and filed the borrower's most recent business tax return,,False,confirms_tax_filing_only,,,,,,,,,,,,,,,https://golendingpros.com/non-qm-non-conforming-loans/,,https://logos.mtg.broker/lender-matrices/recym8Gq1jCBRA02F.pdf?v=attA3uYoigRUnZxzU,,source_extracted_not_human_verified
LendingPros,Select DSCR | DSCR 1.25+,dscr,Debt Service Coverage Ratio (DSCR),recAeSAoKg4ecT45H,2026-08-05,2026-08-07,250000,3000000,700,,,,,,1.25,75,75,70,,,,,75,75,25,85,80,Investment,1 Unit (SFR); Condo (Warrantable); PUD,1 Unit (SFR); Condo (Warrantable); PUD,,Purchase; Refi (Cash Out); Refi (Rate Term),,,,🔴 No,🔴 No,,,,,,,,,,,,,,,,,,,,,,🔴 No,🟡 Yes (With Restrictions. See Guidelines),🟢 Yes,🔴 No,,,"https://golendingpros.com/non-qm-non-conforming-loans/#:~:text=Non%2DQM%20Programs-,View%20Non%2DQM%20Matrix,-Get%20Approved",,https://logos.mtg.broker/lender-matrices/recAeSAoKg4ecT45H.pdf?v=attBlt9mgb7nTJ193,,source_extracted_not_human_verified
Lendz Financial,DSCR - Series Z,dscr,Debt Service Coverage Ratio (DSCR),rec3WaJLp6MSv8EdF,2026-06-02,2026-06-21,100000,2000000,660,,,660,,,0.75,80,75,75,,,,80,80,80,20,85,80,Investment,1 Unit (SFR); 2 Units; 3-4 Units; PUD; Townhome; Condo (Non-Warrantable); Condo (Warrantable); Condotel; Rural,1 Unit (SFR); 2 Units; 3-4 Units; PUD; Townhome; Condo (Non-Warrantable); Condo (Warrantable); Condotel; Rural,,Purchase; Refi (Cash Out); Refi (Rate Term),,,,,🟢 Yes,,,,,,,,,,,,,,,,,,,,,,🔴 No,🟢 Yes,,🟢 Yes,,,"https://lendzfinancial.com/wholesale/#:~:text=Specs-,Rate%20Sheets,Matrices,-Resources",,https://logos.mtg.broker/lender-matrices/rec3WaJLp6MSv8EdF.pdf?v=atta5K85kyybPvqGr,https://logos.mtg.broker/lender-guidelines/rec3WaJLp6MSv8EdF.pdf?v=attDPIxa7CpWrZwhM,source_extracted_not_human_verified
Loan Lock Prime,Expanded Prime Closed End 2nd Lien NOO,second_lien,2nd CES Mortgage (Standalone),recbHvSduRQBf5Dqp,2026-04-10,2026-07-27,50000,750000,660,,,660,50,,,,,,80,,80,,80,80,20,85,80,Investment,1 Unit (SFR); Condo (Warrantable); Modular; PUD; 2 Units; 3-4 Units,1 Unit (SFR); Condo (Warrantable); Modular; PUD; 2 Units; 3-4 Units,,Equity Loan,,,,,🔴 No,,,,,,,,,,,,,,,,,,,,,,🟢 Yes,,,🟢 Yes,,,https://loanlockprime.com/products/#:~:text=Expanded%20Prime%20Closed%20End%202nd%20Lien,,https://logos.mtg.broker/lender-matrices/recbHvSduRQBf5Dqp.pdf?v=attWCIwkf3xyzbNHM,,source_extracted_not_human_verified
Loan Lock Prime,Series V: Prime | Bank Statement,bank_statement,Bank Statements Loans,recpri5HPksoKFsyx,2026-03-02,2026-07-27,150000,4000000,620,620,640,620,50,55,,90,85,80,90,,,,90,90,10,85,80,Primary; Investment; 2nd Home,1 Unit (SFR); PUD; Townhome; 2 Units; 3-4 Units; Condotel; Condo (Warrantable); Condo (Non-Warrantable); Rural,1 Unit (SFR); PUD; Townhome; 2 Units; 3-4 Units; Condotel; Condo (Warrantable); Condo (Non-Warrantable); Rural,,Purchase; Refi (Cash Out); Refi (Rate Term),,,,,,,12 Month Business; 12 Month Personal; 24 Month Business; 24 Month Personal,Business; Personal,,50,10,,,,,,,,,,,,,,,,🟢 Yes,,🟢 Yes,🟢 Yes,,,https://loanlockprime.com/products/#:~:text=Series%20V-%20Prime,,https://logos.mtg.broker/lender-matrices/recpri5HPksoKFsyx.pdf?v=attx8EusKgpvmEtd1,,source_extracted_not_human_verified
LoanHouse,12-24 Months Bank Statements,bank_statement,Bank Statements Loans,recDawRqwHWXLPU7i,2026-04-14,2026-08-21,100000,4000000,600,,,,50,,,90,,80,90,,,,90,90,10,85,80,Primary; 2nd Home; Investment,,,,Purchase; Refi (Rate Term); Refi (Cash Out),,,,,,,,,,,,,,,,,,,,,,,,,,,,,,,,"Best case 90.00% purchase / 80.00% cash-out. 90.00% is reached three ways: Standard Prime Ascent (720, 700 or 680 FICO, loan <= $1,500,000, primary residence), VIP (720, 700 or 680 FICO, Bank Statement column, loan <= $1,500,000, owner occupied / second home) and Gold Core Non-QM (700+ FICO, loan <= $1,500,000). Sharp A+ reaches 90.00% only at 740 FICO and <= $1,000,000. Minimum 600 FICO comes from the Gold Core Non-QM grid (600+, loan <= $1,000,000, 80.00% purchase / 80.00% rate-term / 75.00% cash-out). Maximum DTI 50.00% (Gold Core: 45.00% if LTV > 85.00%, 50.01-55.00% allowed with restrictions). Florida overlay to watch: LoanHouse is Florida-based and several investor matrices cut Florida specifically. Gold caps a Florida condo at 75.00% and a Florida non-warrantable condo at 65.00% against 90.00% / 75.00% elsewhere. The Standard (Investor Solutions) matrices apply a CT, FL, IL, NJ, NY overlay limiting LTV/CLTV to 75.00% purchase and 70.00% refinance with a $2,000,000 loan cap.
",https://pos-prod3.loanhouse.us/price-loan-auto/3f2b4e27-3bfd-4f2a-89cd-b46d904012a6/show-header/yes,https://pos-prod3.loanhouse.us/price-loan-auto/3f2b4e27-3bfd-4f2a-89cd-b46d904012a6/show-header/yes,https://logos.mtg.broker/lender-matrices/recDawRqwHWXLPU7i.pdf?v=attWUrDRtBxQg10QH; https://v5.airtableusercontent.com/v3/u/56/56/1787371200000/hoDttdX9oVD6EZ1dTRP6mQ/U5F7-OlkuNy_9lKBnGH7J7jkMPIKdyrHZto83r3QVKtwONJdTuPXQhuXZtJsp9i5PN1Y9WkE3a23otXG-D40lbjgsUcCuoRR5x7Jir67TFoZNtmOSQdJ1wG71FL8ra3WTObLuGHyo1eTjcQPF5hFKjWm-KzU1aTpeMbQjeLy29AVjICDJuf4HFhy1_oVwD0o/HZ7mnARyLcIhpbMDFL3Zf04pzrY0yCpKVMcnP4bjyqA; https://v5.airtableusercontent.com/v3/u/56/56/1787371200000/CTooremEh584gs_ACX7Z9A/GmX8oIBOZ1xLcN9qixgjCiIzQJTCJEkw-jdS_ftSTjQ83rjPmAcp0pgv6Lx0n83f8LlrPAAjc6oqQ-Om0qS_CfiNNxqmk-vXWsB6ShIiQooqCYn8g2bEHoNNb-IuAEz0mPvPByn9ocOgMAzZJ_tAmZOYCP8a1Mrcvs_kGaeDAbrQBeF2CrI4gz-sVRSvMI7y/QDPjwDXGhiXR3K4mzlCnMVKQRk5cm99ZkyyfVs8TWyU; https://v5.airtableusercontent.com/v3/u/56/56/1787371200000/i9eM5sWxTBVstxeEyFXZow/wtlCfPzGTSn_Y_X4HrE-XBDcGSNcTcS9PYl5803_ZKDLIkHZhNu0leE0LI_b5aw-lODLgh_fMwYV5vUwLVRMLsq-zG74igNSic26e_tFT47EJ7lBd9MXSukY0nFsqmzjpB2QI3_eRgmbxjgo7GQCIFVmwvYmRm_VDexUYRt6XhrNvajUe0XgpMGKbESqmE6D/2vcudyGe0QNr3d2QHXwru6mbNi-nHy0v2o0AGzJDK-A; https://v5.airtableusercontent.com/v3/u/56/56/1787371200000/8rQCain9a_4Ywn8I0GCXvw/-u0gnOxy3bP4BSQQ31C1zAJzJ5mWM-rv588cuvneQMNJ9T622rMyVCmjmisvUvUzwKLfxFzO4uD7viMtugS2UXPoCJSrpQXgetMThhIlBQ5zDms3qYyTb2yiTw_6M4OjnWGaYIU7gm9KRqyOvsgZICpVbS8GqyN_ciy6cO_hsDGByROnRaVxnnna3vzlCmtg/X5tksg_XnLrkmBlLOBo72n4c6rivkn3qug2km-YS5J4; https://v5.airtableusercontent.com/v3/u/56/56/1787371200000/jCMzBZ-Oh-3YvRJgbOQ60Q/5lkC9oFgBF4JB0sK_3PwKM3YD2Punlo50rIoNBIbsXrb7LjMv9Tlvw_SojPgO7c82idcPPCnN3eenVnuZqwQ2PauqjpMIWvvf99nmcjb3Bc6WABgHLVHCmXe25myO6l_Xx5P4ClM24EHnWgcQ2nlZ3w7UzVNS0BzXSFBQAJDUvwMdDh0vbz1eWc4_yF-NF0j/NJiYf7TOLqTkmroHjZBYh5y8aa2x5hUKDhx9U_LLcaw; https://v5.airtableusercontent.com/v3/u/56/56/1787371200000/cRy6IzBncJuBGExlfUYP5A/R-N5YlBP1pqzywMI7St7pPSvQxD05RQDY36zZTeAKGDLfEdEeS5izqW6VGyuYozUX-MeITcxSu60IIJPRf604eStTy84-8mWL4aVmk66O4lh_ka9ALMGYnv9q80dTDXTtsHxEJsp7IR3HPvUVX7D5YyNmFe3slg1D622tEj-AQy57PNKbi_dE5GWqp6WQTjM/QKyjzvdGyJimViUyYY5IVm7QmmZJjZs2YI9QYd296hM; https://v5.airtableusercontent.com/v3/u/56/56/1787371200000/vUdHIV7xV67Aj5Qtow0Iww/_Ciskwvii_iH6hb50KFkfNbbcf_iFys2R4gwURkgE1sktH-2tRFvCOhIv7NS2U6dJcpUX68Lr1AGVwMhaAs-s07NypVQKZ0jz6iOOJ1aNmqyWK4-x3DJL_lwZ2JDixeruQ48cTySJt__w7p1wT0KE2GCyemdtcjFYPXDd1lKHBo/Yec9oEHHMrvt9P3k9ATU1LhE3-JdniHszwHS9rsZzuY; https://v5.airtableusercontent.com/v3/u/56/56/1787371200000/A1c30KBPiglibzy88BX4gQ/hgGJiCejoQxjwLppkaFn5o_UNEE7AknNxJiNUpzNNjxPnMSYn5fGWk77eIitncD0bocBx7OVrY5iU2cRRCuva3py8RvP0PgYC7qEXh5B9yr5okBv4l6p8YYWJHt6BKEz5eflflLAv2d1FUxEgfepGbgal4_Im26tEdSoaJdQUMO8KPEYm3riJ6aye0SMJVAr/V14RJfR6QQFv-zVqHqKA8GJWawCJ5tEpxslnhvgEj9s; https://v5.airtableusercontent.com/v3/u/56/56/1787371200000/bp5ZHHYhRYGXu0Pbz8ErCg/n5q5uht1I0S6gOO0RH5azprzlbrnb_gLl4wgQnzat6eQ2SdQscxbsK-MQfUKD61bvNBDkV9rx0kSNaTGXO3HZW4LTmg9gzc0QKTn93K6b34ANqqD8wN9scXS7rdCP3V3LiY5ajNOthsJGxw6d4bi4TIPGJMweJQSJ4vqv2viZWQk7RqdVuziubJbipjLnbf4/hLFmEykEx6ifLdggOhxmuU7Ct2u7Qo6rSM17pfMv_j4,https://logos.mtg.broker/lender-guidelines/recDawRqwHWXLPU7i.pdf?v=attkaAYVYsMUWQq9y,source_extracted_not_human_verified
LoanHouse,Asset Depletion,asset_depletion,Asset Depletion | Utilization,rec88KJPRHicnwIFe,2026-04-14,2026-08-21,100000,3000000,660,,,,50,,,85,,75,85,,,,85,85,15,85,80,Primary; 2nd Home; Investment,,,,Purchase; Refi (Rate Term); Refi (Cash Out),,,,,,,,,,,,,,,,,,,,,,,,,,,,,,,,"Best case 85.00% purchase. That single number comes from Sharp A+, whose Asset Depletion / Asset Qualifier line reads Max 85% LTV, Min 700 FICO, No Cash-Out, OO Only - so at 85.00% this is owner occupied, purchase or rate-term only, and needs a 700 FICO. For cash-out, VIP is the source: its combined WVOE / Asset Depletion column gives 80.00% purchase / 75.00% cash-out at 720 and 700 FICO and 75.00% / 70.00% at 680 and 660, owner occupied or second home. Non-owner occupied Asset Depletion on VIP is lower again at 75.00% / 70.00%. Minimum 660 FICO is the VIP floor for this column. Standard Prime Ascent groups Asset Utilization with P&L and Written VOE at 80.00% purchase. Florida overlay to watch: LoanHouse is Florida-based and several investor matrices cut Florida specifically. Gold caps a Florida condo at 75.00% and a Florida non-warrantable condo at 65.00% against 90.00% / 75.00% elsewhere. The Standard (Investor Solutions) matrices apply a CT, FL, IL, NJ, NY overlay limiting LTV/CLTV to 75.00% purchase and 70.00% refinance with a $2,000,000 loan cap.
",https://pos-prod3.loanhouse.us/price-loan-auto/3f2b4e27-3bfd-4f2a-89cd-b46d904012a6/show-header/yes,https://pos-prod3.loanhouse.us/price-loan-auto/3f2b4e27-3bfd-4f2a-89cd-b46d904012a6/show-header/yes,https://logos.mtg.broker/lender-matrices/rec88KJPRHicnwIFe.pdf?v=attz6Pmyrgq37ES2K; https://v5.airtableusercontent.com/v3/u/56/56/1787371200000/PIGusT30vxUx1S_NvrheXw/r2EozBOJ71UVH74lRxxYPP3CBkidS-pIJwFh5Mx9W5u9lKRD_PG1jt1lHAeeKPgJc_xqQ1Twq-FIZ7wVW3bbRZk5p7d4nncxQCFXsGgxuYpL9b-5S61PJb2pheBWqiZg-d4ECQDjK6MbqSFLVDiz60UjQoTV_GClrV0662RunFDPEmTbB7Jgg8XH3SL2mUu6/3DIYcPGnwIN3mDIQ6Hb0E5BPIEtxaiaJDuctSy4d3Wo; https://v5.airtableusercontent.com/v3/u/56/56/1787371200000/DcTmWenqfsY_aQxTaYfUsw/tSvPLwGQf2zakyUV8eG63l75ey79_ifn6l0VBt2ZM_ULRNR1wclQ7ZrwRzV83Xkw2qFjiE4666TAB3tY50qrwr0N9HsB-Wi2dk8pCS0j3_dzbqTKCkf-E0pYbRC3bTEo-veC8XTeDk1dJjbg39WwZzk1YQkkYMDLc_ZrDn5MJHqIGh5YU3OwjrbNiBx7cq-b/lSBJMx-ub04cb9Pm1mcjMXAre7IOYDn1iUqi7bMLUlY; https://v5.airtableusercontent.com/v3/u/56/56/1787371200000/TVeUrO5VeGFzHxz8vNKDYA/NNxwpCH09NRT7I8a0RM_-KWLSOv7L8mHTSP4MGbN8o5o16z6MV_0vkG43G_gQAScgvjGnJMiEUrbg-u9H_QEc-eSzw4mLU_70BNHI9kIFv7k9yHCVKW_EMcjrCTGk09SmizYRsKXFTJ34CeuX4WwxHHw8h_HDgxaBsRkXxl-w9IGbfcA9rKbWC077Vg7HB5d/x_gIqXWEn_Mo5ScwMlBfE9Q3n78dRLjYDJGaFwOXrMg; https://v5.airtableusercontent.com/v3/u/56/56/1787371200000/6b2OfTgeNWOB3u4oIaB1bw/N1ETxGEvvufHlJA9EZrVRqSXdhmAJ6XTHPI02EdF6qmEP87srovzbzNiCAkKKD4zKqoEIElpJ--O4irxBgUTWLA8u5NwDxzgRonJbC-VpDE_Vh3LnwA3PqGbtG3YF5IpwMagAOqjLGCgAmkh5G-s2EfN44gAmQhlcm2QvGhyRn8/e9eVbQhRnd4AFk-7RNuWfpiApkrrcMQJpALPyOqePdk,https://logos.mtg.broker/lender-guidelines/rec88KJPRHicnwIFe.pdf?v=attm7R7N7udpmekue,source_extracted_not_human_verified
LoanHouse,Asset Utilization,asset_depletion,Asset Depletion | Utilization,reclMQQp3ZqGTx03S,2026-04-14,2026-08-21,100000,3000000,660,,,,50,,,85,,75,85,,,,85,85,15,85,80,Primary; 2nd Home; Investment,,,,Purchase; Refi (Rate Term); Refi (Cash Out),,,,,,,,,,,,,,,,,,,,,,,,,,,,,,,,"Best case 85.00% purchase, from Sharp A+'s Asset Qualifier line: Max 85% LTV, Min 700 FICO, No Cash-Out, OO Only. Cash-out tops out at 75.00% on VIP's WVOE / Asset Depletion column (720 and 700 FICO, owner occupied or second home). Standard Prime Ascent prices Asset Utilization in the same column as P&L Only and Written VOE: 80.00% purchase at 720, 700 and 680 FICO up to $1,500,000 on a primary residence, with eligible assets divided by 84 to produce the monthly income stream. Minimum 660 FICO is the VIP floor. Note that Gold prices Asset Utilization far tighter, at 80.00% max LTV, 75.00% cash-out and a $2,000,000 loan cap, but Gold is not offered on the Asset Utilization tab of the pricer. Florida overlay to watch: LoanHouse is Florida-based and several investor matrices cut Florida specifically. Gold caps a Florida condo at 75.00% and a Florida non-warrantable condo at 65.00% against 90.00% / 75.00% elsewhere. The Standard (Investor Solutions) matrices apply a CT, FL, IL, NJ, NY overlay limiting LTV/CLTV to 75.00% purchase and 70.00% refinance with a $2,000,000 loan cap.
",https://pos-prod3.loanhouse.us/price-loan-auto/3f2b4e27-3bfd-4f2a-89cd-b46d904012a6/show-header/yes,https://pos-prod3.loanhouse.us/price-loan-auto/3f2b4e27-3bfd-4f2a-89cd-b46d904012a6/show-header/yes,https://logos.mtg.broker/lender-matrices/reclMQQp3ZqGTx03S.pdf?v=att1vM26mdNqh0iw5; https://v5.airtableusercontent.com/v3/u/56/56/1787371200000/brCmhIL9g6tvD_nUD6On9w/0Vdd5mls7XujI7R2uN0yVLGjiiy2HKU-aq3KWAeq-AptSWKb1sCtC2MRymsbPsI7_0SBAVuE_V88ZIwEx0ejsH_FenJWYtyZ_QBZFaPd-o8kwi7lOXpRSbddLLsOCYo_sgUEI-b8rGuSs203J20tHsZkRlZd4uPUF0wj12TBOwzv6lqaioDPwPRTssAbOYCd/Lx97QoUatzMDB-gAIJmX2KyB4Rf-zISEY4-0ds7EaoE; https://v5.airtableusercontent.com/v3/u/56/56/1787371200000/Xke2U5wYmfU-pfPzxjMaiw/7wWy3saQpW5NAm-tuZ8nfkj3Bku6w6zXbkm5IB6OcaYBPeziZt2htu3cNUUOD0KOBQDOJsj9vN5RJDqCWTWXwHICEwu9c9Ly2hn7oCHq9mQAyJYsJ_UGhL1CbTAvJTGTL5tKSjPA7elr6UiCtJEuGycxdE2AKeTZYf1VUNtHylCbSA49EzLwRpPbSc3hbEA5/iMfIeji5qAnqs7e1GF7u0l1JKo2c4-xpv8H7e7W4TWo; https://v5.airtableusercontent.com/v3/u/56/56/1787371200000/hSvSksh04H9Tgy253qBABQ/cLbW342RFOSg-o0BVaFiQA9FhepnrKrpxkocwPZPeNpx2GjOPSdCvX8DB_pfB7HUb48qQ44FuEoaHoZWEYzpxoiEmUMN7SwQADlRO7ChAT58_Q8ZVonn0pUR6SHOmL24IB2Bf6LRo46GW7Pju3ateYqOyYuZB6d6m5tdgYPE2LnbDZ4jV0Im4eZoO069CFfN/pgDlMY_pJcNglsBXFAIVN3k9-Z_44CgXSBJh_UFluW8; https://v5.airtableusercontent.com/v3/u/56/56/1787371200000/qvRLky9Qb2EYAhvQmlQeHA/Pq5eroe9bFDhtjcTGeeUuXscs2lUIkyyaVRsckvez0vfvsHdID1A60TJANBeKr9xcGsWSLCDTCioX2R_ZtBQha13zRMDdIBKFa8i4-NVs5qqErS9gnZh47z-kqDlkSBI1ek6T5CIG_F1o0aOq68oOsJSEdJC6-qt_wbaobXDQUw/Q_kJT_7hpEY--Kbm4m0c8bcChs210NCiIlVvmrAxydE,https://logos.mtg.broker/lender-guidelines/reclMQQp3ZqGTx03S.pdf?v=att3XlqfWHdwc8DNo,source_extracted_not_human_verified
LoanHouse,Closed End Seconds | DSCR,second_lien,Closed-End Second Lien,recbSCBNoutSHLXE4,,,,750000,660,,,,,,,80,,,80,,80,,80,80,20,85,80,Investment,,,,Equity Loan,,,,,,,,,,,,,,,,,,,,,,,,,,,,,,,,"Maximum CLTV grid from the Closed End Seconds marketing page, DSCR row: Owner Occupied N/A, Second Home N/A, Investor 80.00%. DSCR is the only tier of this program restricted to investment property. Home-page spec card gives the program-level headline of Min. FICO 660, up to 90% LTV, $750,000, 50.00% DTI; the 90% headline belongs to the Full Doc and Bank Statement tier and the 50% DTI does not apply to a DSCR qualification.
",https://pos-prod.loanhouse.us/auth,https://pos-prod3.loanhouse.us/price-loan-auto/3f2b4e27-3bfd-4f2a-89cd-b46d904012a6/show-header/yes,,https://logos.mtg.broker/lender-guidelines/recbSCBNoutSHLXE4.pdf?v=attsNkxwFNrFnXA9y,source_extracted_not_human_verified
LoanHouse,Closed End Seconds | Full Doc & Bank Statement,second_lien,Closed-End Second Lien,rec2JvpMZQd9phqTy,,,,750000,660,,,,50,,,90,,,90,80,80,,90,90,10,85,80,Primary; 2nd Home; Investment,,,,Equity Loan,,,,,,,,,,,,,,,,,,,,,,,,,,,,,,,,"Maximum CLTV grid from the Closed End Seconds marketing page, Full Doc and Bank Statement rows (identical): Owner Occupied 90.00%, Second Home 80.00%, Investor 80.00%. Home-page spec card: ""Min. FICO 660, Up to 90% LTV, loan amounts as high as $750,000 depending on LTV and FICO, 50.00% DTI."" The two sources agree.
",https://pos-prod.loanhouse.us/auth,https://pos-prod3.loanhouse.us/price-loan-auto/3f2b4e27-3bfd-4f2a-89cd-b46d904012a6/show-header/yes,,https://logos.mtg.broker/lender-guidelines/rec2JvpMZQd9phqTy.pdf?v=attQZAKd2WJqDDdxN,source_extracted_not_human_verified
LoanHouse,Closed End Seconds | P&L Only,second_lien,Closed-End Second Lien,recgT0aCzQy5SvtFH,,,,750000,660,,,,50,,,80,,,80,70,70,,80,80,20,85,80,Primary; 2nd Home; Investment,,,,Equity Loan,,,,,,,,,,,,,,,,,,,,,,,,,,,,,,,,"Maximum CLTV grid from the Closed End Seconds marketing page, P&L Only row: Owner Occupied 80.00%, Second Home 70.00%, Investor 70.00%. Home-page spec card gives the program-level headline of Min. FICO 660, up to 90% LTV, $750,000, 50.00% DTI; the 90% headline belongs to the Full Doc and Bank Statement tier, not to P&L Only.
",https://pos-prod.loanhouse.us/auth,https://pos-prod3.loanhouse.us/price-loan-auto/3f2b4e27-3bfd-4f2a-89cd-b46d904012a6/show-header/yes,,https://logos.mtg.broker/lender-guidelines/recgT0aCzQy5SvtFH.pdf?v=attL6VmkvyT9vZrZu,source_extracted_not_human_verified
LoanHouse,Closed End Seconds | WVOE,second_lien,Closed-End Second Lien,recGfrC47SB423Rd7,,,,750000,660,,,,50,,,85,,,85,75,75,,85,85,15,85,80,Primary; 2nd Home; Investment,,,,Equity Loan,,,,,,,,,,,,,,,,,,,,,,,,,,,,,,,,"Maximum CLTV grid from the Closed End Seconds marketing page, WVOE row: Owner Occupied 85.00%, Second Home 75.00%, Investor 75.00%. Home-page spec card gives the program-level headline of Min. FICO 660, up to 90% LTV, $750,000, 50.00% DTI; the 90% headline belongs to the Full Doc and Bank Statement tier, not to WVOE.
",https://pos-prod.loanhouse.us/auth,https://pos-prod3.loanhouse.us/price-loan-auto/3f2b4e27-3bfd-4f2a-89cd-b46d904012a6/show-header/yes,,https://logos.mtg.broker/lender-guidelines/recGfrC47SB423Rd7.pdf?v=att2tMrSI1jB1eY1I,source_extracted_not_human_verified
LoanHouse,DSCR 1-4 Units,dscr,Debt Service Coverage Ratio (DSCR),recg20Mt4t5tuY9ny,2026-06-09,2026-08-21,100000,4000000,620,,,,,,0.75,85,,80,85,,,80,85,85,15,85,80,Investment,1 Unit (SFR); 2 Units; 3-4 Units; PUD; Townhome; Condo (Warrantable); Condo (Non-Warrantable),1 Unit (SFR); 2 Units; 3-4 Units; PUD; Townhome; Condo (Warrantable); Condo (Non-Warrantable),,Purchase; Refi (Rate Term); Refi (Cash Out),,,,,,,,,,,,,,,,,,,,,,,,,,,,,,,,"Best case 85.00% purchase / 80.00% cash-out. Two matrices reach it: Gold's Core DSCR (ratio 1.0) column at 720+ FICO for loans <= $1,500,000, and VIP's DSCR column at 720 FICO for loans <= $1,000,000. Gold's DSCR matrix is the single most useful document on this record because it splits six investor programs side by side: Select DSCR (ratio 1.25, $250,000 minimum loan, 75.00% max), Core DSCR (ratio 1.0, 85.00% max), DSCR Fusion (DSCR plus asset utilization, 80.00% max), Sub1 DSCR (ratio 0.75 to under 1.0, 75.00% max), No Ratio DSCR (ratio under 0.75, 70.00% max) and Foreign National DSCR (75.00% max). Minimum 620 FICO is the floor on Gold's Select, Core, Fusion and Sub1 columns. Platinum DSCR caps at 80.00% and $2,500,000 with a 640 floor; Standard (Investor Solutions) DSCR and MMGA both reach 80.00% at 700 FICO. Note the Big Red DSCR matrix attached here is dated 07.21.2025 and is the one stale document in the set - do not quote from it. Florida overlay to watch: LoanHouse is Florida-based and several investor matrices cut Florida specifically. Gold caps a Florida condo at 75.00% and a Florida non-warrantable condo at 65.00% against 90.00% / 75.00% elsewhere. The Standard (Investor Solutions) matrices apply a CT, FL, IL, NJ, NY overlay limiting LTV/CLTV to 75.00% purchase and 70.00% refinance with a $2,000,000 loan cap.
",https://pos-prod3.loanhouse.us/price-loan-auto/3f2b4e27-3bfd-4f2a-89cd-b46d904012a6/show-header/yes,https://pos-prod3.loanhouse.us/price-loan-auto/3f2b4e27-3bfd-4f2a-89cd-b46d904012a6/show-header/yes,https://logos.mtg.broker/lender-matrices/recg20Mt4t5tuY9ny.pdf?v=attqiAiVXg7czELpI; https://v5.airtableusercontent.com/v3/u/56/56/1787371200000/07Z_28zYFy1TcfIFHXQccw/TCelhWRxweoj7hbxYY9HnuCTZVf9lvEL7IgkajElGoZ_B4nsG032sPV9OMH81yu2wvOFj2rk4BJcN657kcxNP6_d9ZKr3Rs4OLTywb413ZTM1aEQzOcQboNQPELDgPxdgKOOc056uBGPCDMPpcr7Tbumx0UqQqw66bQdX7byIT9FP5WALfZbKeQf6mFk9SLb8jeUYPWpG4kKEbjApO9Y5A/XWKizU3jtzKL2Lq-Dxi6gZOmNwAFJ0vmXys6IESmxjc; https://v5.airtableusercontent.com/v3/u/56/56/1787371200000/2E8Jl10tL4HYBl8LhrtWJA/-RkJU3kEJG8Km__AB_f8yVaOgLDZyLY9bs3ARbk3TMt5nNlOTmd4rkTFPoQeZKaw6fv9nIzq3jhx-HfKRMiuE42AEg1rWGqPo7XV_-mVJJfiqsZRLu9Vw9GxnMf6Pq_EKOKOrgDgyccEYFpLO9NyLMnpOBvElls8shF2EhH12jZU_PmDGcqnIfng7JHGp9gJ/mSoKtuCNKFPkiAqHBiAWrZZOa9SZH_cuWXIrKXsOTRg; https://v5.airtableusercontent.com/v3/u/56/56/1787371200000/GKz3EulqxBLEP5y3pirKMg/rojYgP6Ql7Df9lK9vDQVno41hgJ_hPYDmsSNkDu8MyuaapQdzCJuMRK-0cxN7kijtQjP8f7pLExUIr6HMFiHxt3FgE66e9_jQGzJ9uRqdgT6Nv2SYeTNLD6j-v48xLvYXGU6g9RRbS8EtKnbaoAwU5SYAdbjsB0OtxyMGWDaEtXFXfNV6C7Er_f01aX2ZWqo/PY3xHvZSKY_2lvee5cDKXnAO8AtaVpbpr9cG7omnDbo; https://v5.airtableusercontent.com/v3/u/56/56/1787371200000/uH6jugyBrSPTutbTITKWhA/hmyTz4XC4yAGdNFHmuLR37OaTM_q94rhUyHHKkrfLtByBWBLY14W1N8AKBiqCRGXpxHbtf13zxNf2OB_-ExZrn22IKLR-PN7LrXUFEtNrnFXhmrgv_Pev5sIkRSrp9LnN9IATM-bKd47unqfmYZahmbzPhZ6659hWlcAaUZQ1lpaZYMMV38tfRVDiqy9vUDI/BkMzliCKptM1kQB9WaOMi3gR_VmPMa719XUFYwgQB5Y; https://v5.airtableusercontent.com/v3/u/56/56/1787371200000/GIoGgT7sXi9jolV1M1-LCA/af_DfmfjeMbB-ekkYnEu5t_JAOg-ylnd52c-6bY7A3AgLHu-EeaYXzLrpGPNtjQwY17EtZLWhnQYvm4YPJStIrG_ZS0XYBQRPFOtCuh5WSMKVb45k36WiV0RlHE1h-2vFg7S_9MxL8ToGjazdKZvYVQ_V5HQRX2Pm3_-MqerJ0hUBzCRfUqQV1eaTZJQG27g/q5a51A2R7IKNRMMrw33DTLQkWahjzjfO-EZPkXBJeAA; https://v5.airtableusercontent.com/v3/u/56/56/1787371200000/VQcLbTUe7JFQqm6cXZQvyQ/wNSXipvu8O2hCH08fLFNQHLLYSd9pXKjzHL7Jm3xvoONInmWeLPcvfAQzBf0z_icnAS8MlmN6Zmz6lMw9xJ13FTx1rLa2GjZsV_nCiThjkPCc9FWVCAglWQPqmQZUUL_iE_afvN0bFS8wEwP-iWNZfaGQUgNKhZhcPkhx9a7r3k3N6mmutRcdmAtZkYU68Nr/r7WueLAW_te8sZRs0WbXSkmdTZalPWPAfSkWk8pMHtc; https://v5.airtableusercontent.com/v3/u/56/56/1787371200000/cDAHI-KN4BrY6n-Z1Cewpg/r1prJDDQdip7O48QWDg6xQC-4NNXa07_EOMLLoNqhLyT8lQaLsx3E4TXMLS3vjwuhlHoJvgQ5m0bMlXU4uqZOARnGRbfMr5UjIEZJGfwwFOOEGoMGPWo7lXfEpkg6cgcMbNOGrQB_bxbo3brRqyPG611rUIuJ_ZTtsGxRcc33tMZsXMmRq-rTqB5gjXsz7Sp/W1MvxQkhn8vSFtxtSEUea3PhK71qf0ICTFQjux6INX0; https://v5.airtableusercontent.com/v3/u/56/56/1787371200000/fQu30RoEt0PprF8mkYrDYA/KR9EWBmjGYv5wNpOe054oaOlkL-NQ7hODDf3Qhc0rTEX2lsVwYnDdvbpcJhJOyTCGqzX3HvJdnr8R5HH3reNXKjN6mdmTit9eUT4vImS1-4-_mrId_WeV8IJQ_XjvuV8j7FW4ooki3YAn-NpR5er1e9I53OyWYN3nfXKpU0brf0/WClNMVL-hqFhHqTQGtK7aWMea3x-Phz13a0XwseI7a8; https://v5.airtableusercontent.com/v3/u/56/56/1787371200000/5dWsXD72S2JmgiEOXtNJkw/_6zuL6yM6U5esO6Cv8TMjuAVYZWGtFgIx65UF_XQajoDEIFUeejyIC_xhPo7yAcOX4oGppRvxowCC-XFemlkf2yNTUHbVAHpwQ3HyxmxwR_hlJZ1H_At2UJF2kVFy1NIOUAB3mmcGi_nxUWM8I48PqzI3EOMmhTv7QAnQqmLF4bBNyYW37-L8aJOvE6bJnVG/OZRWH_CMJl9dlNvdlpEdbT_q4WGrEKQXwARYz764qfU; https://v5.airtableusercontent.com/v3/u/56/56/1787371200000/LBZQ7ovum8gr1Hy8EP9Xpg/v2Tp6i4xnneDq6c8CSmElgUU1kDN-TxePULlDNMykMkJWqQxTNE49uqzoaZ_wuyBJK1t1crF9SanpL8sYzXrQ4N0tEMN0NhMhkSw7X23Xt7cpXNboCCFkZoMKxW_hj-ru5C7WFGM1wl4nJjSC4mCWc6pWYqQZlaR0q0z82niYyBM8so_23-6Deu2ioe461sNcDRFA3yqw9rwY9ARHBjNeg/LZNL-wC-uejRu8-ePjBYYUPsCpwMlRjS5l3Lg-8G1co,https://logos.mtg.broker/lender-guidelines/recg20Mt4t5tuY9ny.pdf?v=att5MnsXIvwMk12sp,source_extracted_not_human_verified
LoanHouse,DSCR No Ratio,dscr; no_ratio,Debt Service Coverage Ratio (DSCR) - No Ratio,recDICUKQXUFXEw3O,2026-06-09,2026-08-21,100000,2500000,660,,,,,,,75,,65,75,,,,75,75,25,85,80,Investment,1 Unit (SFR); 2 Units; 3-4 Units; Townhome; Condo (Warrantable); Condo (Non-Warrantable),1 Unit (SFR); 2 Units; 3-4 Units; Townhome; Condo (Warrantable); Condo (Non-Warrantable),,Purchase; Refi (Rate Term); Refi (Cash Out),,,,,,,,,,,,,,,,,,,,,,,,,,,,,,,,"Best case 75.00% purchase and rate-term / 65.00% cash-out, from the OB DSCR Plus matrix's NO RATIO column at 740 FICO for loans <= $1,000,000. OB is also the source of the 660 FICO floor on this record (60.00% / 60.00% / 60.00% at <= $1,000,000). Gold's No Ratio DSCR column, which it defines as a ratio below 0.75 with no minimum ratio, is tighter: 70.00% / 65.00% / 60.00% at 720+ and 65.00% / 65.00% / 60.00% at 700+ for loans <= $1,000,000, and it is not populated below a 700 FICO. Both matrices require 0x30x12 housing and at least 36 months of credit event seasoning. The previous 640 FICO on this record is below the floor of either no-ratio grid. Florida overlay to watch: LoanHouse is Florida-based and several investor matrices cut Florida specifically. Gold caps a Florida condo at 75.00% and a Florida non-warrantable condo at 65.00% against 90.00% / 75.00% elsewhere. The Standard (Investor Solutions) matrices apply a CT, FL, IL, NJ, NY overlay limiting LTV/CLTV to 75.00% purchase and 70.00% refinance with a $2,000,000 loan cap.
",https://pos-prod3.loanhouse.us/price-loan-auto/3f2b4e27-3bfd-4f2a-89cd-b46d904012a6/show-header/yes,https://pos-prod3.loanhouse.us/price-loan-auto/3f2b4e27-3bfd-4f2a-89cd-b46d904012a6/show-header/yes,https://logos.mtg.broker/lender-matrices/recDICUKQXUFXEw3O.pdf?v=attMrK2UZVNLyljGG; https://v5.airtableusercontent.com/v3/u/56/56/1787371200000/vC46vXVgG1udztw8_8Kw2g/cqtFmhRNvGfNYtC3qRO4VHodN1BTvXazTVScxb68Vw-UjOb5UptqPXMSjiOJ_-8sHfRv4xm2iiqk4Q4uVbVygvBUYeZtgsi743Q8klBOpuXAqhp-kkZXDNmbbxakfGXRfUZgR63HBp3SD-sJgdZXEXoidwGT7KWaCvYhpy2ZDc0Zta7NJSlgsVuja8qIVB3C/GqvAvxn0tPCKshCdurHd3S0FhErWOx1URHmeoIn-At4,https://logos.mtg.broker/lender-guidelines/recDICUKQXUFXEw3O.pdf?v=attfwtDciUBzBTAK6,source_extracted_not_human_verified
LoanHouse,Gold | DSCR,dscr,Debt Service Coverage Ratio (DSCR),rec8bxrX2zDuZHa4b,2026-06-09,2026-08-22,100000,3500000,620,,,,,,,85,,80,85,,,,85,85,15,85,80,Investment,,,,Purchase; Refi (Rate Term); Refi (Cash Out),,,,,,,,,,,,,,,,,,,,,,,,,,,,,,,,,https://pos-prod3.loanhouse.us/price-loan-auto/3f2b4e27-3bfd-4f2a-89cd-b46d904012a6/show-header/yes,https://pos-prod3.loanhouse.us/price-loan-auto/3f2b4e27-3bfd-4f2a-89cd-b46d904012a6/show-header/yes,,,source_extracted_not_human_verified
LoanHouse,ITIN Bank Statements,itin,ITIN,recnfpuShupB7lpsZ,2026-02-10,2026-08-21,125000,1500000,660,,,,50,,,85,,65,85,,,,85,85,15,85,80,Primary; 2nd Home; Investment,,,,,,,,🟢 Yes,,,,,,,,,,,,,,,,,,,,,,,,,,,,"Gold is the only LoanHouse program that prices ITIN outside of DSCR, and its Core Non-QM ITIN overlay is explicit: 660 minimum FICO, 85.00% max LTV, 80.00% max LTV for non-owner occupied, 65.00% max LTV for cash-out, 0x30x12 housing, and Full Doc & 12 mos Bank Stmt only for documentation. The loan amount is tiered against the LTV: above 80.00% LTV the maximum loan is $1,000,000, otherwise $1,500,000. ITIN is not available at all on Gold's Select Non-QM side. The previous No Minimum Required FICO on this record is contradicted by the matrix, which sets a hard 660 floor. For an ITIN borrower on an investment property, the separate MMGA ITIN DSCR matrix applies instead, and Gold's own DSCR matrix allows ITIN only on its Core DSCR column at 700 minimum FICO, $1,500,000 maximum, 75.00% max LTV and 65.00% cash-out. This record is the bank statement path. Gold allows exactly 12 months of bank statements for an ITIN borrower, not the 24-month option available to other alt-doc borrowers, and the caps are the same as the full documentation path. The previous 78.00% max LTV on this record was a marketing-page figure and is superseded by the matrix's 85.00%. Florida overlay to watch: LoanHouse is Florida-based and several investor matrices cut Florida specifically. Gold caps a Florida condo at 75.00% and a Florida non-warrantable condo at 65.00% against 90.00% / 75.00% elsewhere. The Standard (Investor Solutions) matrices apply a CT, FL, IL, NJ, NY overlay limiting LTV/CLTV to 75.00% purchase and 70.00% refinance with a $2,000,000 loan cap.
",https://pos-prod3.loanhouse.us/price-loan-auto/3f2b4e27-3bfd-4f2a-89cd-b46d904012a6/show-header/yes,https://pos-prod3.loanhouse.us/price-loan-auto/3f2b4e27-3bfd-4f2a-89cd-b46d904012a6/show-header/yes,https://logos.mtg.broker/lender-matrices/recnfpuShupB7lpsZ.pdf?v=attuCtNWgES7UpX7J,https://logos.mtg.broker/lender-guidelines/recnfpuShupB7lpsZ.pdf?v=attn0WGJn0Nu5LA30,source_extracted_not_human_verified
LoanHouse,ITIN Full Doc,itin,ITIN,recRFiNxMQifxwtIN,2026-02-10,2026-08-21,125000,1500000,660,,,,50,,,85,,65,85,,,,85,85,15,85,80,Primary; 2nd Home; Investment,,,,,,,,🟢 Yes,,,,,,,,,,,,,,,,,,,,,,,,,,,,"Gold is the only LoanHouse program that prices ITIN outside of DSCR, and its Core Non-QM ITIN overlay is explicit: 660 minimum FICO, 85.00% max LTV, 80.00% max LTV for non-owner occupied, 65.00% max LTV for cash-out, 0x30x12 housing, and Full Doc & 12 mos Bank Stmt only for documentation. The loan amount is tiered against the LTV: above 80.00% LTV the maximum loan is $1,000,000, otherwise $1,500,000. ITIN is not available at all on Gold's Select Non-QM side. The previous No Minimum Required FICO on this record is contradicted by the matrix, which sets a hard 660 floor. For an ITIN borrower on an investment property, the separate MMGA ITIN DSCR matrix applies instead, and Gold's own DSCR matrix allows ITIN only on its Core DSCR column at 700 minimum FICO, $1,500,000 maximum, 75.00% max LTV and 65.00% cash-out. This record is the full documentation path, which the matrix names first. Florida overlay to watch: LoanHouse is Florida-based and several investor matrices cut Florida specifically. Gold caps a Florida condo at 75.00% and a Florida non-warrantable condo at 65.00% against 90.00% / 75.00% elsewhere. The Standard (Investor Solutions) matrices apply a CT, FL, IL, NJ, NY overlay limiting LTV/CLTV to 75.00% purchase and 70.00% refinance with a $2,000,000 loan cap.
",https://pos-prod3.loanhouse.us/price-loan-auto/3f2b4e27-3bfd-4f2a-89cd-b46d904012a6/show-header/yes,https://pos-prod3.loanhouse.us/price-loan-auto/3f2b4e27-3bfd-4f2a-89cd-b46d904012a6/show-header/yes,https://logos.mtg.broker/lender-matrices/recRFiNxMQifxwtIN.pdf?v=att509TGC8VmMto0R,https://logos.mtg.broker/lender-guidelines/recRFiNxMQifxwtIN.pdf?v=attwW6n0QNxPa1SWc,source_extracted_not_human_verified
LoanHouse,P&L Only,pnl_only,P&L (Profit and Loss) Statement,recSLtrEBZWGXpAcg,2026-04-14,2026-08-21,100000,3000000,660,,,,50,,,85,,80,85,,,,85,85,15,85,80,Primary; 2nd Home; Investment,,,,Purchase; Refi (Rate Term); Refi (Cash Out),,,,,,,,,,,,,,,,,False,confirms_tax_filing_only,,,,,,,,,,,,,,"Best case 85.00% purchase / 80.00% cash-out, from VIP's P&L Only column at 720 FICO, loan <= $1,000,000, owner occupied or second home. VIP then steps to 80.00% / 75.00% at 700, 80.00% / 70.00% at 680 and 75.00% / 70.00% at 660, which is the FICO floor for this documentation type. Platinum requires two months of bank statements with the P&L and caps at 80.00% purchase / 70.00% refinance with a 660 minimum FICO. Standard Prime Ascent's P&L Statement Only column reaches 80.00% purchase at 720, 700 and 680 FICO and additionally requires max 1x30x12 housing and at least 36 months of credit event seasoning. Sharp A+ is tightest at 75.00% max LTV and 660 minimum FICO on a 12-month CPA-prepared P&L. The previous 700 FICO / 75.00% values came from the marketing page. Florida overlay to watch: LoanHouse is Florida-based and several investor matrices cut Florida specifically. Gold caps a Florida condo at 75.00% and a Florida non-warrantable condo at 65.00% against 90.00% / 75.00% elsewhere. The Standard (Investor Solutions) matrices apply a CT, FL, IL, NJ, NY overlay limiting LTV/CLTV to 75.00% purchase and 70.00% refinance with a $2,000,000 loan cap.
",https://pos-prod3.loanhouse.us/price-loan-auto/3f2b4e27-3bfd-4f2a-89cd-b46d904012a6/show-header/yes,https://pos-prod3.loanhouse.us/price-loan-auto/3f2b4e27-3bfd-4f2a-89cd-b46d904012a6/show-header/yes,https://logos.mtg.broker/lender-matrices/recSLtrEBZWGXpAcg.pdf?v=attoDzPTfiawxrro0; https://v5.airtableusercontent.com/v3/u/56/56/1787371200000/ZQH9GRT8vInAf8jjS-AZ5g/_X3f1sznPV1gmVAspGHXzlM5iNm7kkuK_lMWy7KdoGxWdnbRWzskF9sxVw6es_OqzhWWkK_Rk6tQH-SuxC5I_Lj6sNpbUsNzP33jL8lcByMstYGnDsblkkQy3pDGVf0QEkXgAW0CX8-unloZpWLle6lmY9uA1Xm-BLEGKuqu3soPKnMxgACbhG9lH8r4aXHD/oKbyoYQoGfBs1DfrEDeug5W4wU94v8geVeBCRpE6FEY; https://v5.airtableusercontent.com/v3/u/56/56/1787371200000/c62TiJcRQKwe2V5DZmJoww/YGde-spbPL02R9Tiryfiv1lFn85kdcu06vC7M3tQ2qS16HQ0jxmARUJF_ccQogaQhlZsSbjxBF9JPkC7-iPsvDYf1jMRTRgCf6sx61Ldiz89W5dPAuUn2kMXsVwRDDnIxduN2-IqKs81vLjLdUoFt10bsKt0dSUhDKhHan8Qgjgx6Vdw2Vn6WP10OxmdGD_f/H-cmajtqsbnreZOhrEGbsC7tDrNW97kxnDq7yQngfuE; https://v5.airtableusercontent.com/v3/u/56/56/1787371200000/eX3jFdz46Ldg47RVoR3Yow/UquxLKjBar6bNPrm0jN1p8eTYHQXsZ2tYhVKuy3f-r3A2REilxqu9SqHbSu7FHtVFtLUtJo4biyk5TKfRSX42G1N7vBkYXCLasHiJCEC7O9GlwljoXz5G9bASo3jVsZufu4g13lkBli-l0Qg25o61k27VVWn5jZQiB0vzBJYBDQsIiWDrwSpoLWs2HHkZ1Yx/Wi2w3fc4MoADUjAaq9yoneOd1QMo4Qg2hi6nAi9oEvM; https://v5.airtableusercontent.com/v3/u/56/56/1787371200000/ylhb3V6f6YclFyMb0C_-3A/nts-i0zKknmHe3i98rpH3ogbSon1zebLnbd9StqTlleA789ccnKSekZo5VibW9SAZwRhfZEZ6JCRNFqFB6swim163gj_ASiDmTvZXAZLayz4wWcdR66UsfC7hk3mi9kTElSzZFN9nFB4knOafAnvTmnYZkh-d7hHZ5Pk-E87X2mfl3-QCAbfSV18AjS-1nAn/23jRjgj2NmaawiJ718iiE7xkUBJNqxGtRi10KAKjF6E; https://v5.airtableusercontent.com/v3/u/56/56/1787371200000/qw49bEY0zqBeMis89o_aoA/lRRkwc2bQ-84FN0T-Ab8Qv5_FNDj34GfNa07dQkd9FMGFT5PD9jHvf3EGPNhjqhxdiVchQH4jmVpfDDH66Rsjr9-oQq8I-b89WidthtC0OZWKSNou5I9iC0L2hAIwZIGzI1xbsUSz8RBVEj0mmxhKtgwnuiafJytTosht-2mS2p_qz2YKoH4ZE1ZzIDluOUM/oRyW7UImjg0jiWvjS-FfF13FfJB_IJlysWFUtEwQWOs; https://v5.airtableusercontent.com/v3/u/56/56/1787371200000/gVcUiEXltfb-PIhouyDitg/Cig6JMM9fy8puE-YXrUhtDx8rRy06uHM5lwBqwJD7jRlQtTQZOAXOeeLsfHdtQNQ78PNmLKt-Bz06z3B0M3p5fsZVrctk_0dI2lIuwxxyYvtVxgoD6nNdiKgtwh3QidwmahwU1s_JQlkuzEfa4FJXmP2vOOMdvZ48b26pAs8LJtmw3amKTZiiD2OGk2XlwMv/_7XLjRtaCSldUwOjA5TrCkjhPfInTYywQPLyagKViGw; https://v5.airtableusercontent.com/v3/u/56/56/1787371200000/JU2YoKWLh_-61CdfirAw_A/C_b6De5BlD1skyk_Hhd-s2F0A_6DTBsuWFXg543VdRjNbhIVjm2Zg43-LdOeL05KsA4ZJgRSW6czdI3hcMPWkjhf3b37IB7onnMz7ttaP-CHC45IWh1IJ9VlVSJ3XAz5f7mLjX2RUa0cpCN_wmLsE4cfF6jFikoPYC1qLm62_X1y0t7-t1Eyh635x067LPpO/1U82B8lNxu8t_R1cftq9oDyVeguZhEzFBeWSakT0WWs; https://v5.airtableusercontent.com/v3/u/56/56/1787371200000/-kg6-ZrCJK5qB6U5fc9uxA/7gcGRCO86c_i0_A5BwqcGH8X_RDEwl0RQXVYDZj8jAsSv-VydP_V9K99oS6Y2dV8EdIlCJjOttMrsrjAreKiF4Ook_5_xO7itwiCBK84-A_1IMPxs7NjLOn2uiTOw-fhtOPkbNLH5A3qbENs6WMnM7jFgkFGW6IFGhjShMVWdfc/Tf75pI_vLEMNQBDP8lbn7rU17pZvxIIB3sMl91CXK_g,https://logos.mtg.broker/lender-guidelines/recSLtrEBZWGXpAcg.pdf?v=att7yzMfRRgN1hpZS,source_extracted_not_human_verified
LoanHouse,P&L with 3 Months Bank Statements,pnl_only,P&L (Profit and Loss) Statement,recIV1VQSLAI1eDcb,2026-04-14,2026-08-21,100000,4000000,600,,,,50,,,90,,80,90,,,,90,90,10,85,80,Primary; 2nd Home; Investment,,,,Purchase; Refi (Rate Term); Refi (Cash Out),,,,,,,,,,,,,,,,,False,confirms_tax_filing_only,,,,,,,,,,,,,,"This documentation type prices BETTER than P&L Only because the bank statements support the P&L. Gold lists P&L w/3 mos Bank Stmts as a Core Non-QM alt-doc type and, unlike One Year Self-Employed, Asset Utilization, 1099 Only, WVOE Only, ITIN and DACA, it carries NO restricting overlay in Gold's Additional Criteria table. It therefore runs on the full Core Non-QM grid: 90.00% purchase / 85.00% rate-term / 80.00% cash-out at 700+ FICO up to $1,500,000, down to a 600 FICO floor at 80.00% / 80.00% / 75.00% for loans <= $1,000,000. The closest comparison elsewhere is Standard Prime Ascent's P&L Statement with Two Months Bank Statements column at 80.00% purchase, and Platinum's P&L with two months of bank statements at 80.00% purchase / 70.00% refinance. The previous 700 FICO / 75.00% values came from the marketing page. Florida overlay to watch: LoanHouse is Florida-based and several investor matrices cut Florida specifically. Gold caps a Florida condo at 75.00% and a Florida non-warrantable condo at 65.00% against 90.00% / 75.00% elsewhere. The Standard (Investor Solutions) matrices apply a CT, FL, IL, NJ, NY overlay limiting LTV/CLTV to 75.00% purchase and 70.00% refinance with a $2,000,000 loan cap.
",https://pos-prod3.loanhouse.us/price-loan-auto/3f2b4e27-3bfd-4f2a-89cd-b46d904012a6/show-header/yes,https://pos-prod3.loanhouse.us/price-loan-auto/3f2b4e27-3bfd-4f2a-89cd-b46d904012a6/show-header/yes,https://logos.mtg.broker/lender-matrices/recIV1VQSLAI1eDcb.pdf?v=attiEVyHa5vzcYFIc; https://v5.airtableusercontent.com/v3/u/56/56/1787371200000/2jXSuN9yx-IWzaAkJYjPJg/zRj1OE_T0sj-IcogC_EmAAP8YUlj3ceOPlHYPvkj76Uhrh2jS3kAYBuNm-SltB0bKu2Jka8HwmsGnUCZf-38DtMfZ3qypeCv5rsD0cOkJg4Jb-wa73NBZ6o1OpW9NZ2hUCds-H8VqgV_jUP6Kx_8u6NZY6ABBtVUd02k6n5Ikm6PjwI9-HY5i-2Vp-CnAaL3/zdQAahqlaVnbPvHvWCKA4S4XJR3ZotOhFQXwJgU2nNo; https://v5.airtableusercontent.com/v3/u/56/56/1787371200000/VDXrr0W7OOv_5IE_FeqKcg/tCVnTaFaiLsYVh71JeaD8wW9Fz1WcIdwbIg623ZcolqoWGw6ESO0eHR8N0UMERI0JZodxte3enepbzfhTWTzmsiRMpCdKYsBL7GJYUi3_YYabn7OEH7-dpINIG6D_qII-gFUX_Kq3C62riBGk1n28hOKylfrVHZeZBPbIQVx28c-Ipxk99xJ-IfH-WsqYZPz/cS6yj03MZQKWTWveg-vCVPmfGjVoPAmAptaQCWoQCOU; https://v5.airtableusercontent.com/v3/u/56/56/1787371200000/TIyAOiW2PmDqSXwPFDkJYg/-fGKMRLynOkRzhoTpNX92YJVQGJ0hqIEwmA3v7etupqRb27_xMb0BZxkKswJwoiEK2hXUSX0W4-xM5DI6u4JzZfe_xKDokInjCQcyKlCPBxLTcPy1mndqVZ4swbDtqw45z5WwAGz_AvrZg3YhMNQdcp3uu8b__SlZEw9uPlQso8djc8W0_vTt_R3jEbwSLGw/gI1v8SwnP8RY6VUsL1ymR56bNpe78pbJusBiMpTbY58; https://v5.airtableusercontent.com/v3/u/56/56/1787371200000/X9NOVkQJ47Mrz9_4HWfN4A/4qcpKx83e0EkbU7rlGgMJtoA-CMXS_GMYDeaT2NGxwDHgvp0vTMxeeQbquz5O0I0ENRq1TJ2ZRdOndn2fzkBiRgMKAadH1ZqKl0FgEF6QUsEn-TH8GmEwB8txDxSc1KG2KMHXziNNB1UJiaNw_W09WDPoYXHVf5zLiaynTD6GoVjCdtxI49TSYWtqaD-F9xy/zAN6UjUrrcZHjYQHWsr6cZmdwBePg7ctSWcWuMTEg2w; https://v5.airtableusercontent.com/v3/u/56/56/1787371200000/7kT_pjgB99pj4bpSUM1QcA/9CoOvsAFo3e1RrWYR-wumjEJYIQLb8KsI7V5QNsvS01-cbJp7t4-unBpYhHzt_bS5SXuFEG6qjhy-bbSnU5sE6n1-49gQzMZyGawUTBkj_rCMSmB-kDg57pBF6Os_a4zF2f27Cz-WOmq4i2opJGpv92ogSGFTlWii7Y8_U2APJ0o0rLxqJM87D9P11banww0/PEU89euwF94GOI8M40bMyEYc9h1_HMCjIYLLGgnqNC4; https://v5.airtableusercontent.com/v3/u/56/56/1787371200000/cc7J3p0VRZ0ftsjjwCz0Og/mU2EY6DK_kkEM05H_WKkTUpra7dJWY7rayhzh8X9yG4JTNKc0hlwhReTgiVuwa5LZ6ha2btXkSzl358AzGlmo7pUwzKVzoytBLXKxCeSMJk390sM7kIv_TzC5LdlA37tqfqWNVlPf7U4IzZZ6x0hkNY-Rr5wgQxq6hX6GgUnSsc7UVhB1Nd4wZbwjX0_86t1/k-qHZYM_d42DQ9VWw21ARImw6YdB5a0-pZz9seKxE6Q; https://v5.airtableusercontent.com/v3/u/56/56/1787371200000/x8Y6pV3flstDfmYY_9HhGA/lMqJmkTzBXBsDnlt1Uz5qVtwPuKJlU6EW59Vy0rK6UH508T01YbWQlnJcujdFCdqMtsibdxuYLWcPclr2HqELBK3hG8Jp6xkJ0HqvllosKzk0HtzI4lROkqVr1deULIETIaluz7vUjcY8IMZyRFSj9F-lREcXlY4htHP_NJcj44mHSkPBHxs4pfPYsh9TIHc/VdNc64O81fcbfYt-NK_BOV4v7s1iz3VXIseL2whVzGI; https://v5.airtableusercontent.com/v3/u/56/56/1787371200000/XNbAXxkNiP_OsVnVa76Ynw/NE3e6jTsdFE35CfxAaiH3jsIXBvEY6HNmbLCWnrqWQ0nLZJA0mGk0TKAZeb5yp-aCXs7Oa7pC_qm5C81KACmYr_6go2x4oOtUXwHgl4BYDuQDjbjvHSZXyLakwIf_dDcDfYdBkscOzwOgFmdmJERVud6aqer7gBqeiwwfD-LO0A/PJGg8VUmWaUBprDbxvu-NjUAB4eycg2Ta4GcsDEnmgI,https://logos.mtg.broker/lender-guidelines/recIV1VQSLAI1eDcb.pdf?v=attPvyDZYlP4zVMPn,source_extracted_not_human_verified
LoanHouse,Standard Plus | Investor Solutions DSCR Plus,dscr,Debt Service Coverage Ratio (DSCR),recXOUCSX882dQs1q,2026-03-09,2026-08-22,100000,2500000,680,,,,,,,80,,75,80,,,,80,80,20,85,80,Investment,,,,Purchase; Refi (Rate Term); Refi (Cash Out),,,,,,,,,,,,,,,,,,,,,,,,,,,,,,,,,https://pos-prod3.loanhouse.us/price-loan-auto/3f2b4e27-3bfd-4f2a-89cd-b46d904012a6/show-header/yes,https://pos-prod3.loanhouse.us/price-loan-auto/3f2b4e27-3bfd-4f2a-89cd-b46d904012a6/show-header/yes,,,source_extracted_not_human_verified
LoanHouse,Standard | Investor Solutions DSCR,dscr,Debt Service Coverage Ratio (DSCR),recJh3go25QnfJZn1,2026-03-09,2026-08-22,100000,3500000,640,,,,,,,80,,75,80,,,,80,80,20,85,80,Investment,,,,Purchase; Refi (Rate Term); Refi (Cash Out),,,,,,,,,,,,,,,,,,,,,,,,,,,,,,,,,https://pos-prod3.loanhouse.us/price-loan-auto/3f2b4e27-3bfd-4f2a-89cd-b46d904012a6/show-header/yes,https://pos-prod3.loanhouse.us/price-loan-auto/3f2b4e27-3bfd-4f2a-89cd-b46d904012a6/show-header/yes,,,source_extracted_not_human_verified
LoanHouse,VIP | DSCR,dscr,Debt Service Coverage Ratio (DSCR),recJ3HTKNWlfRgfC9,2026-04-14,2026-08-22,100000,4000000,640,,,,,,,85,,80,85,,,,85,85,15,85,80,Investment,,,,Purchase; Refi (Rate Term); Refi (Cash Out),,,,,,,,,,,,,,,,,,,,,,,,,,,,,,,,,https://pos-prod3.loanhouse.us/price-loan-auto/3f2b4e27-3bfd-4f2a-89cd-b46d904012a6/show-header/yes,https://pos-prod3.loanhouse.us/price-loan-auto/3f2b4e27-3bfd-4f2a-89cd-b46d904012a6/show-header/yes,,,source_extracted_not_human_verified
Lynk Capital,Rental | DSCR,dscr,Debt Service Coverage Ratio (DSCR),recWryr67ptwzfk4j,,2026-08-18,,,,,,,,,,80,,,,,,,80,80,20,85,80,,1 Unit (SFR); 2 Units; 3-4 Units; Multi-Unit (5-10); Condo (Warrantable),1 Unit (SFR); 2 Units; 3-4 Units; Condo (Warrantable),Excluded from requested residential scope: Multi-Unit (5-10),,,,,,,,,,,,,,,,,,,,,,,,,,,,,,,,,,https://www.lynkmortgage.com/rental-loans,,,,source_extracted_not_human_verified
MK Lending Corp,EZ - Bank Statement,bank_statement,Bank Statements Loans,rec6XeGM0MkIchMuC,2026-01-23,2026-08-05,,2000000,680,,,,38,43,,75,75,,,,,,75,75,25,85,80,Primary; 2nd Home; Investment,,,,Purchase; Refi (Rate Term),,,,,🔴 No,,,,,,,,,,,,,,,,,,,,,,,,🟢 Yes,,,,https://mklending.com/matrix#:~:text=Stated%20EZ%20and%203Mo%2C%206Mo%20Bank%20Stmt%20EZ%20v2.24.25.pdf,,https://logos.mtg.broker/lender-matrices/rec6XeGM0MkIchMuC.pdf?v=attA1UOGVQ9P6wkx3,,source_extracted_not_human_verified
MK Lending Corp,EZ - P&L,pnl_only,P&L (Profit and Loss) Statement,recTVBn1LTG2Eeasm,2026-01-23,2026-08-05,,2000000,680,,,,38,,,75,75,75,75,,,,75,75,25,85,80,Primary; 2nd Home; Investment,1 Unit (SFR); Townhome; 2 Units; 3-4 Units; Condo (Warrantable); PUD,1 Unit (SFR); Townhome; 2 Units; 3-4 Units; Condo (Warrantable); PUD,,Purchase; Refi (Rate Term); Refi (Cash Out),,,,,🟢 Yes,,,,,,,,,,,,False,confirms_tax_filing_only,,,,,,,,,,,🟢 Yes,,,,"https://mklending.com/matrix#:~:text=Download%20PDF-,EZ%20v6.12.24.pdf,-07%2D15%2D2024",,https://logos.mtg.broker/lender-matrices/recTVBn1LTG2Eeasm.pdf?v=attxLk3lqgjY6Yaca,,source_extracted_not_human_verified
MK Lending Corp,HELOAN 1 | Standalone 2nd TD,heloc,HELOC (Standalone),recm1Ox02V3hEd5fY,2026-07-22,2026-08-05,100000,750000,660,,,,50,45,,,,,90,80,80,,90,90,10,85,80,Primary; Investment; 2nd Home,1 Unit (SFR),1 Unit (SFR),,Equity Loan,,,,,🔴 No,,,,,,,,,,,,,,,,,2nd Lien,,,,,,,,🟡 YES for Primary only. NO for 2nd and Investment,,,https://mklending.com/matrix,,https://logos.mtg.broker/lender-matrices/recm1Ox02V3hEd5fY.pdf?v=att1jXy3lF3LVkSrr,,source_extracted_not_human_verified
MK Lending Corp,Plus - P&L,pnl_only,P&L (Profit and Loss) Statement,rec6rGtmY1EQBiQ4g,2026-04-01,2026-08-05,150000,2500000,660,,,,50,,,,,,80,,,,80,80,20,85,80,Primary; 2nd Home; Investment,,,,Purchase; Refi (Rate Term); Refi (Cash Out),,,,🔴 No,,,,,,,,,,,,,False,confirms_tax_filing_only,,,,,,,,,🟢 Yes,,🟢 Yes,🟢 Yes,,,https://mklending.com/matrix#:~:text=PL%20Plus%20and%20VOE%20Plus%20v03.17.25.pdf,,https://logos.mtg.broker/lender-matrices/rec6rGtmY1EQBiQ4g.pdf?v=attJ1IgEu5UdtAE2k,,source_extracted_not_human_verified
MLB Wholesale Mortgage,DSCR | Core,dscr,Debt Service Coverage Ratio (DSCR),recQtrHflA3XuK2Bt,2026-05-20,2026-05-31,150000,3000000,640,,,,,,,85,,,,,,85,85,85,15,85,80,Investment,1 Unit (SFR); 2 Units; 3-4 Units; Condo (Non-Warrantable); Condo (Warrantable); PUD; Rural,1 Unit (SFR); 2 Units; 3-4 Units; Condo (Non-Warrantable); Condo (Warrantable); PUD; Rural,,Purchase,,,,,,,,,,,,,,,,,,,,,,,,,,,🟢 Yes,🟢 Yes,,🔴 No,,,https://www.mlbwholesale.com/non-qm,,https://logos.mtg.broker/lender-matrices/recQtrHflA3XuK2Bt.pdf?v=attG2QTas0ygSOXQD,,source_extracted_not_human_verified
MLB Wholesale Mortgage,P&L (Profit and Loss) Statement,pnl_only,P&L (Profit and Loss) Statement,rec1yD6e44GLwdrG8,,,,,,,,,,,,85,,,,,,,85,85,15,85,80,Primary,,,,Purchase,,,,,,,,,,,,,,2,,,False,confirms_tax_filing_only,,,,,,,,,,,,,,"80% LTV if P&L prepared by a licensed tax preparer and not a CPA
",,,,,source_extracted_not_human_verified
MortgageOne TPO,CDFI Pathway,no_ratio,No Income | No Ratio (CDFI),recJsxhBV8tvM8Gwo,2026-03-10,2026-07-30,100000,2500000,620,620,620,,,,,80,,75,,,,,80,80,20,85,80,Primary,1 Unit (SFR); SFR + 1ADU; 2 Units; 3-4 Units; Condo (Warrantable); Condo (Non-Warrantable); PUD; Modular; Log Homes; Barndominium,1 Unit (SFR); SFR + 1ADU; 2 Units; 3-4 Units; Condo (Warrantable); Condo (Non-Warrantable); PUD; Modular,Excluded from requested residential scope: Log Homes; Barndominium,Purchase; Refi (Rate Term); Refi (Cash Out),,,,,,,,,,,,,,,,,,,,,,,,,,,🟢 Yes,,,,,,https://m1tpo.com/LoanPrograms,,https://logos.mtg.broker/lender-matrices/recJsxhBV8tvM8Gwo.pdf?v=attSrlJH0Ng2nyKHn,,source_extracted_not_human_verified
MortgageOne TPO,Closed End Second (CES),second_lien,2nd CES Mortgage (Standalone),recwqxA0VDRDuDlxi,2026-02-17,2026-07-30,50000,500000,680,,,,50,,,85,,85,,,,,85,85,15,85,80,Primary; 2nd Home; Investment,1 Unit (SFR); 2 Units; 3-4 Units; Condo (Warrantable),1 Unit (SFR); 2 Units; 3-4 Units; Condo (Warrantable),,Purchase; Refi (Rate Term); Refi (Cash Out),,,,,,,,,,,,,,,,,,,,,,,,,,,,,,,,,https://m1tpo.com/LoanPrograms,,https://logos.mtg.broker/lender-matrices/recwqxA0VDRDuDlxi.pdf?v=att7V6lIinaHWboxF,,source_extracted_not_human_verified
MortgageOne TPO,DSCR Plus,dscr,Debt Service Coverage Ratio (DSCR),rec071E2DB2BZuqIs,2026-05-07,2026-07-30,100000,3000000,660,,,,,,,80,80,75,80,,,,80,80,20,85,80,Investment,1 Unit (SFR); 2 Units; 3-4 Units; Condo (Warrantable); Condo (Non-Warrantable),1 Unit (SFR); 2 Units; 3-4 Units; Condo (Warrantable); Condo (Non-Warrantable),,Purchase; Refi (Rate Term); Refi (Cash Out),,,,,,,,,,,,,,,,,,,,,,,,,,,,,,,,,https://m1tpo.com/LoanPrograms,,https://logos.mtg.broker/lender-matrices/rec071E2DB2BZuqIs.pdf?v=att3uBBgDU0pSQ4A1,,source_extracted_not_human_verified
MortgageOne TPO,DSCR Plus | No Ratio,dscr; no_ratio,Debt Service Coverage Ratio (DSCR) - No Ratio,recyJKEV0dyL6k0K4,2026-05-07,2026-07-30,100000,2000000,660,,,,,,,75,75,65,,,,,75,75,25,85,80,Investment,1 Unit (SFR); 2 Units; 3-4 Units; Condo (Warrantable); Condo (Non-Warrantable),1 Unit (SFR); 2 Units; 3-4 Units; Condo (Warrantable); Condo (Non-Warrantable),,Purchase; Refi (Rate Term); Refi (Cash Out),,,,,,,,,,,,,,,,,,,,,,,,,,,,,,,,,https://m1tpo.com/LoanPrograms,,https://logos.mtg.broker/lender-matrices/recyJKEV0dyL6k0K4.pdf?v=attMePtUlTbVtUqOo,,source_extracted_not_human_verified
MortgageOne TPO,GLOW Expanded Prime Plus | Asset Depletion,asset_depletion,Asset Depletion | Utilization,recoGAWwKbjQfIkNS,2026-02-17,2026-07-30,150000,3500000,700,,,,55,,,85,,,,,,,85,85,15,85,80,Primary,1 Unit (SFR); 2 Units; 3-4 Units; Condo (Warrantable); Condo (Non-Warrantable); Co-ops,1 Unit (SFR); 2 Units; 3-4 Units; Condo (Warrantable); Condo (Non-Warrantable),Excluded from requested residential scope: Co-ops,Purchase; Refi (Rate Term),,,,,,,,,,,,,,,,,,,,,,,,,,,,,,,,,https://m1tpo.com/LoanPrograms,,https://logos.mtg.broker/lender-matrices/recoGAWwKbjQfIkNS.pdf?v=attjyGMNKuZRGEHux,,source_extracted_not_human_verified
MortgageOne TPO,GLOW Expanded Prime Plus | Bank Statement,bank_statement,Bank Statements Loans,recpshmHuOLdEDfzu,2026-02-17,2026-07-30,150000,3500000,660,,,,55,,,90,80,80,80,,,,90,90,10,85,80,Primary; 2nd Home; Investment,1 Unit (SFR); 2 Units; 3-4 Units; Condo (Warrantable); Condo (Non-Warrantable); Co-ops,1 Unit (SFR); 2 Units; 3-4 Units; Condo (Warrantable); Condo (Non-Warrantable),Excluded from requested residential scope: Co-ops,Purchase; Refi (Rate Term); Refi (Cash Out),,,,,,,,,,,,,,,,,,,,,,,,,,,,,,,,,https://m1tpo.com/LoanPrograms,,https://logos.mtg.broker/lender-matrices/recpshmHuOLdEDfzu.pdf?v=att9sPqcOLSDpYWB8,,source_extracted_not_human_verified
MortgageOne TPO,GLOW Expanded Prime Plus | P&L,pnl_only,P&L (Profit and Loss) Statement,recOwf5ynlOb96lIO,2026-02-17,2026-07-30,150000,3500000,660,,,,55,,,80,90,80,90,,,,90,90,10,85,80,Primary; 2nd Home; Investment,1 Unit (SFR); 2 Units; 3-4 Units; Condo (Warrantable); Condo (Non-Warrantable); Co-ops,1 Unit (SFR); 2 Units; 3-4 Units; Condo (Warrantable); Condo (Non-Warrantable),Excluded from requested residential scope: Co-ops,Purchase; Refi (Rate Term); Refi (Cash Out),,,,,,,,,,,,,,,,,False,confirms_tax_filing_only,,,,,,,,,,,,,,,https://m1tpo.com/LoanPrograms,,https://logos.mtg.broker/lender-matrices/recOwf5ynlOb96lIO.pdf?v=attZ8mfv83qEwCQV6,,source_extracted_not_human_verified
MortgageOne TPO,GLOW Sharp A+ | Asset Depletion,asset_depletion,Asset Depletion | Utilization,rec7q7Etmf7cVXaWp,2026-02-17,2026-07-30,150000,3000000,700,,,,50,,,85,,,,,,,85,85,15,85,80,Primary,1 Unit (SFR); 2 Units; 3-4 Units; Condo (Warrantable); Condo (Non-Warrantable); Co-ops,1 Unit (SFR); 2 Units; 3-4 Units; Condo (Warrantable); Condo (Non-Warrantable),Excluded from requested residential scope: Co-ops,Purchase; Refi (Rate Term),,,,,,,,,,,,,,,,,,,,,,,,,,,,,,,,,https://m1tpo.com/LoanPrograms,,https://logos.mtg.broker/lender-matrices/rec7q7Etmf7cVXaWp.pdf?v=attIR3OaWZGKHZih9,,source_extracted_not_human_verified
MortgageOne TPO,GLOW Sharp A+ | Bank Statement,bank_statement,Bank Statements Loans,rec7Vkyn2HArUMv4B,2026-02-17,2026-07-30,150000,3000000,660,,,,50,,,90,75,75,,,,,90,90,10,85,80,Primary; 2nd Home; Investment,1 Unit (SFR); 2 Units; 3-4 Units; Condo (Warrantable); Condo (Non-Warrantable); Co-ops,1 Unit (SFR); 2 Units; 3-4 Units; Condo (Warrantable); Condo (Non-Warrantable),Excluded from requested residential scope: Co-ops,Purchase; Refi (Rate Term); Refi (Cash Out),,,,,,,,,,,,,,,,,,,,,,,,,,,,,,,,,https://m1tpo.com/LoanPrograms,,https://logos.mtg.broker/lender-matrices/rec7Vkyn2HArUMv4B.pdf?v=att5eZ9k3EWFRnBKB,,source_extracted_not_human_verified
MortgageOne TPO,GLOW Sharp A+ | P&L,pnl_only,P&L (Profit and Loss) Statement,recTqUv3q3H9a0v6b,2026-02-17,2026-07-30,150000,3000000,660,,,,50,,,75,90,75,,,,,90,90,10,85,80,Primary; 2nd Home; Investment,1 Unit (SFR); 2 Units; 3-4 Units; Condo (Warrantable); Condo (Non-Warrantable); Co-ops,1 Unit (SFR); 2 Units; 3-4 Units; Condo (Warrantable); Condo (Non-Warrantable),Excluded from requested residential scope: Co-ops,Purchase; Refi (Rate Term); Refi (Cash Out),,,,,,,,,,,,,,,,,False,confirms_tax_filing_only,,,,,,,,,,,,,,,https://m1tpo.com/LoanPrograms,,https://logos.mtg.broker/lender-matrices/recTqUv3q3H9a0v6b.pdf?v=att6KOIL4HVkswMQs,,source_extracted_not_human_verified
MortgageOne TPO,GLOW Sharp A- | Bank Statement,bank_statement,Bank Statements Loans,recuGgeCF6wYW2nsn,2026-02-17,2026-07-30,150000,2000000,660,,,,45,,,85,85,75,,,,,85,85,15,85,80,Primary; 2nd Home; Investment,1 Unit (SFR); 2 Units; 3-4 Units; Condo (Warrantable); Condo (Non-Warrantable); Co-ops,1 Unit (SFR); 2 Units; 3-4 Units; Condo (Warrantable); Condo (Non-Warrantable),Excluded from requested residential scope: Co-ops,Purchase; Refi (Rate Term); Refi (Cash Out),,,,,,,,,,,,,,,,,,,,,,,,,,,,,,,,,https://m1tpo.com/LoanPrograms,,https://logos.mtg.broker/lender-matrices/recuGgeCF6wYW2nsn.pdf?v=attytwoM3cqM4Vpax,,source_extracted_not_human_verified
NewPoint Mortgage,Denali 2nd Lien | Business Bank Statement,second_lien,Closed-End Second Lien,recT4GwR98EIEdut6,2026-08-03,2026-08-10,150000,1000000,700,,,,50,,,,,,80,,,,80,80,20,85,80,Primary; 2nd Home; Investment,1 Unit (SFR); PUD; Townhome; Condo (Warrantable); 2 Units; 3-4 Units,1 Unit (SFR); PUD; Townhome; Condo (Warrantable); 2 Units; 3-4 Units,,Purchase; Refi (Rate Term); Refi (Cash Out),,,,No,No,,,,,,,,,,,,,,,,,,,,,,,,,,,,https://newpointmortgage.com/broker-resources/matrices/,,https://logos.mtg.broker/lender-matrices/recT4GwR98EIEdut6.pdf?v=attOmGjaLLVa4BCn7,,source_extracted_not_human_verified
NewPoint Mortgage,Denali 2nd Lien | DSCR,second_lien,Closed-End Second Lien,recAwf9f89eTRdY7N,2026-08-03,2026-08-10,150000,1000000,700,,,,,,1,,,,75,,,,75,75,25,85,80,Investment,1 Unit (SFR); PUD; Townhome; 2 Units; 3-4 Units,1 Unit (SFR); PUD; Townhome; 2 Units; 3-4 Units,,Refi (Rate Term); Refi (Cash Out),,,,No,No,,,,,,,,,,,,,,,,,,,,,,,,,,,,https://newpointmortgage.com/broker-resources/matrices/,,https://logos.mtg.broker/lender-matrices/recAwf9f89eTRdY7N.pdf?v=att4YbPApGOdEaF1w,,source_extracted_not_human_verified
NewPoint Mortgage,"Denali 2nd Lien | Full Doc, Bank Statement, 1099, P&L & Asset",second_lien,Closed-End Second Lien,reczTfvCwjK6H3WwG,2026-08-03,2026-08-10,150000,1000000,700,,,,50,,,,,,85,,,,85,85,15,85,80,Primary; 2nd Home; Investment,1 Unit (SFR); PUD; Townhome; Condo (Warrantable); 2 Units; 3-4 Units,1 Unit (SFR); PUD; Townhome; Condo (Warrantable); 2 Units; 3-4 Units,,Purchase; Refi (Rate Term); Refi (Cash Out),,,,No,No,,,,,,,,,,,,,,,,,,,,,,,,,,,,https://newpointmortgage.com/broker-resources/matrices/,,https://logos.mtg.broker/lender-matrices/reczTfvCwjK6H3WwG.pdf?v=attBTStsxZFED4zNM,,source_extracted_not_human_verified
NewPoint Mortgage,Denali DSCR Prime Plus,dscr,Debt Service Coverage Ratio (DSCR),rec10MNbejNzTE9vd,2026-08-03,2026-08-10,,2000000,720,,,,,,1,80,80,75,,,,,80,80,20,85,80,Investment,1 Unit (SFR); PUD; Townhome; Condo (Warrantable); 2 Units; 3-4 Units,1 Unit (SFR); PUD; Townhome; Condo (Warrantable); 2 Units; 3-4 Units,,Purchase; Refi (Rate Term); Refi (Cash Out),,,,No,No,,,,,,,,,,,,,,,,,,,,,,,,,,,,https://newpointmortgage.com/broker-resources/matrices/,,https://logos.mtg.broker/lender-matrices/rec10MNbejNzTE9vd.pdf?v=attDhZo1xihSliCMY,,source_extracted_not_human_verified
NewPoint Mortgage,Denali Investor DSCR,dscr,Debt Service Coverage Ratio (DSCR),rec93q0M5YXRdCPCJ,2026-08-03,2026-08-10,,3000000,660,,,660,,,0.75,85,80,75,,,,,85,85,15,85,80,Investment,1 Unit (SFR); PUD; 2 Units; 3-4 Units; Condo (Warrantable); Condo (Non-Warrantable); Condotel,1 Unit (SFR); PUD; 2 Units; 3-4 Units; Condo (Warrantable); Condo (Non-Warrantable); Condotel,,Purchase; Refi (Rate Term); Refi (Cash Out),,,,No,No,,,,,,,,,,,,,,,,,,,,,,,Yes,,,,,https://newpointmortgage.com/broker-resources/matrices/,,https://logos.mtg.broker/lender-matrices/rec93q0M5YXRdCPCJ.pdf?v=attWNoMxSJzN1mAzl,,source_extracted_not_human_verified
NewPoint Mortgage,Denali Investor DSCR no Ratio,dscr; no_ratio,Debt Service Coverage Ratio (DSCR) - No Ratio,recEBLM82Fu7ElCyP,2026-08-03,2026-08-10,,1500000,700,,,,,,,75,75,65,,,,,75,75,25,85,80,Investment,1 Unit (SFR); PUD; 2 Units; 3-4 Units; Condo (Warrantable); Condo (Non-Warrantable),1 Unit (SFR); PUD; 2 Units; 3-4 Units; Condo (Warrantable); Condo (Non-Warrantable),,Purchase; Refi (Rate Term); Refi (Cash Out),,,,No,No,,,,,,,,,,,,,,,,,,,,,,,,,,,,https://newpointmortgage.com/broker-resources/matrices/,,https://logos.mtg.broker/lender-matrices/recEBLM82Fu7ElCyP.pdf?v=attidgIthGb3a6Ren,,source_extracted_not_human_verified
NewPoint Mortgage,Denali ITIN | Bank Statement & 1099,itin,ITIN,recH6XOfSnAfyyP08,2026-08-03,2026-08-10,,2500000,660,,,,,,,80,80,80,,,,,80,80,20,85,80,Primary; 2nd Home; Investment,1 Unit (SFR); PUD; Townhome; Condo (Warrantable); Condo (Non-Warrantable); 2 Units; 3-4 Units,1 Unit (SFR); PUD; Townhome; Condo (Warrantable); Condo (Non-Warrantable); 2 Units; 3-4 Units,,Purchase; Refi (Rate Term); Refi (Cash Out),,,,Yes,No,,,,,,,,,,,,,,,,,,,,,,,,,,,,https://newpointmortgage.com/broker-resources/matrices/,,https://logos.mtg.broker/lender-matrices/recH6XOfSnAfyyP08.pdf?v=atteN6kmVKXHwevUT,,source_extracted_not_human_verified
NewPoint Mortgage,Denali ITIN | Full Doc & Asset Utilization,itin,ITIN,recf98MD5MEdlkhMO,2026-08-03,2026-08-12,,2500000,660,,,,,,,85,85,80,,,,,85,85,15,85,80,Primary; 2nd Home; Investment,1 Unit (SFR); PUD; Townhome; Condo (Warrantable); Condo (Non-Warrantable); 2 Units; 3-4 Units,1 Unit (SFR); PUD; Townhome; Condo (Warrantable); Condo (Non-Warrantable); 2 Units; 3-4 Units,,Purchase; Refi (Rate Term); Refi (Cash Out),,,,Yes,No,,,,,,,,,,,,,,,,,,,,,,,,,,,,https://newpointmortgage.com/broker-resources/matrices/,,https://logos.mtg.broker/lender-matrices/recf98MD5MEdlkhMO.pdf?v=attuwvehJaSxhZgvs,,source_extracted_not_human_verified
NewPoint Mortgage,Everest 2nd Lien Plus | Full Doc,second_lien,Closed-End Second Lien,recRWOJQ5zWBpeMEN,2026-07-07,2026-07-17,,500000,680,,,,,,,,,,90,,,,90,90,10,85,80,Primary; 2nd Home; Investment,1 Unit (SFR); PUD; Townhome; 2 Units; 3-4 Units; Condo (Warrantable),1 Unit (SFR); PUD; Townhome; 2 Units; 3-4 Units; Condo (Warrantable),,Refi (Rate Term); Refi (Cash Out),,,,No,No,,,,,,,,,,,,,,,,,,,,,,,,,,,,https://newpointmortgage.com/broker-resources/matrices/,,https://logos.mtg.broker/lender-matrices/recRWOJQ5zWBpeMEN.pdf?v=att46GVkhtpFMBwN1,,source_extracted_not_human_verified
NewPoint Mortgage,Everest 2nd Lien | Asset Utilization,second_lien,Closed-End Second Lien,recfvaQmwamWXeeEZ,2026-07-07,2026-07-17,,1000000,660,,,,,,,,,,80,,,,80,80,20,85,80,Primary,1 Unit (SFR); PUD; Townhome,1 Unit (SFR); PUD; Townhome,,Refi (Rate Term); Refi (Cash Out),,,,No,No,,,,,,,,,,,,,,,,,,,,,,,,,,,,https://newpointmortgage.com/broker-resources/matrices/,,https://logos.mtg.broker/lender-matrices/recfvaQmwamWXeeEZ.pdf?v=attu0foAwFQQojt20,,source_extracted_not_human_verified
NewPoint Mortgage,Everest 2nd Lien | Full Doc & Bank Statement,second_lien,Closed-End Second Lien,recHf2UjwfaE2h1Gt,2026-07-07,2026-07-17,,1000000,660,,,,,,,,,,90,,,,90,90,10,85,80,Primary; 2nd Home; Investment,1 Unit (SFR); PUD; Townhome; 2 Units; 3-4 Units; Condo (Warrantable); Condo (Non-Warrantable),1 Unit (SFR); PUD; Townhome; 2 Units; 3-4 Units; Condo (Warrantable); Condo (Non-Warrantable),,Refi (Rate Term); Refi (Cash Out),,,,No,No,,,,,,,,,,,,,,,,,,,,,,,,,,,,https://newpointmortgage.com/broker-resources/matrices/,,https://logos.mtg.broker/lender-matrices/recHf2UjwfaE2h1Gt.pdf?v=att693j1LGDCOKoWP,,source_extracted_not_human_verified
NewPoint Mortgage,Everest 2nd Lien | P&L Only,second_lien,Closed-End Second Lien,recOI9dXXFTn5yEXr,2026-07-07,2026-07-17,,750000,660,,,,,,,,,,80,,,,80,80,20,85,80,Primary; 2nd Home; Investment,1 Unit (SFR); PUD; Townhome; 2 Units; 3-4 Units,1 Unit (SFR); PUD; Townhome; 2 Units; 3-4 Units,,Refi (Rate Term); Refi (Cash Out),,,,No,No,,,,,,,,,,,,,,,,,,,,,,,,,,,,https://newpointmortgage.com/broker-resources/matrices/,,https://logos.mtg.broker/lender-matrices/recOI9dXXFTn5yEXr.pdf?v=attPYp1V4pWCmi0KN,,source_extracted_not_human_verified
NewPoint Mortgage,Everest DSCR,dscr,Debt Service Coverage Ratio (DSCR),rec31CiGzEV1UX1gS,2026-07-07,2026-07-17,,2500000,640,,,,,,0.75,80,80,80,,,,,80,80,20,85,80,Investment,1 Unit (SFR); PUD; Townhome; Condo (Warrantable); Condo (Non-Warrantable); 2 Units; 3-4 Units; Rural,1 Unit (SFR); PUD; Townhome; Condo (Warrantable); Condo (Non-Warrantable); 2 Units; 3-4 Units; Rural,,Purchase; Refi (Rate Term); Refi (Cash Out),,,,No,Yes,,,,,,,,,,,,,,,,,,,,,,,,,,,,https://newpointmortgage.com/broker-resources/matrices/,,https://logos.mtg.broker/lender-matrices/rec31CiGzEV1UX1gS.pdf?v=att9Z4zvUtaS37XLh,,source_extracted_not_human_verified
NewPoint Mortgage,Everest DSCR 2nd Lien,second_lien,Closed-End Second Lien,recE2ehp7F4qF2XfI,2026-07-07,2026-07-17,,500000,680,,,,,,1,,,,80,,,,80,80,20,85,80,Investment,1 Unit (SFR); PUD; Townhome; 2 Units; 3-4 Units,1 Unit (SFR); PUD; Townhome; 2 Units; 3-4 Units,,Refi (Rate Term); Refi (Cash Out),,,,No,No,,,,,,,,,,,,,,,,,,,,,,,,,,,,https://newpointmortgage.com/broker-resources/matrices/,,https://logos.mtg.broker/lender-matrices/recE2ehp7F4qF2XfI.pdf?v=attjGYOtwS5SvjYSm,,source_extracted_not_human_verified
NewPoint Mortgage,"Everest ITIN | Full Doc, Bank Statement & 1099",itin,ITIN,receOfU607vMIcxLF,2026-07-07,2026-08-10,,1500000,680,,,,,,,80,80,65,,,,,80,80,20,85,80,Primary; 2nd Home; Investment,1 Unit (SFR); PUD; Townhome; Condo (Warrantable); Condo (Non-Warrantable); 2 Units; 3-4 Units,1 Unit (SFR); PUD; Townhome; Condo (Warrantable); Condo (Non-Warrantable); 2 Units; 3-4 Units,,Purchase; Refi (Rate Term); Refi (Cash Out),,,,Yes,No,,,,,,,,,,,,,,,,,,,,,,,,,,,,https://newpointmortgage.com/broker-resources/matrices/,,https://logos.mtg.broker/lender-matrices/receOfU607vMIcxLF.pdf?v=attBvfjO40jV2R4OR,,source_extracted_not_human_verified
NewPoint Mortgage,Everest ITIN | P&L + 2mo Bank Statements,itin,ITIN,reco06vQGkBDaFn4L,2026-07-07,2026-07-17,,1500000,680,,,,,,,80,75,65,,,,,80,80,20,85,80,Primary; 2nd Home; Investment,1 Unit (SFR); PUD; Townhome; Condo (Warrantable); Condo (Non-Warrantable); 2 Units; 3-4 Units,1 Unit (SFR); PUD; Townhome; Condo (Warrantable); Condo (Non-Warrantable); 2 Units; 3-4 Units,,Purchase; Refi (Rate Term); Refi (Cash Out),,,,Yes,No,,,,,,,,,,,,,,,,,,,,,,,,,,,,https://newpointmortgage.com/broker-resources/matrices/,,https://logos.mtg.broker/lender-matrices/reco06vQGkBDaFn4L.pdf?v=attk0QhZvS2wiEj2y,,source_extracted_not_human_verified
NewPoint Mortgage,Summit Closed End 2nd Lien | Bank Statement & 1099,second_lien,Closed-End Second Lien,recKmKdFDXaFGbuTU,2026-03-09,2026-07-17,,750000,680,,,,,,,,,,85,,,,85,85,15,85,80,Primary; 2nd Home; Investment,1 Unit (SFR); 2 Units; 3-4 Units; Condo (Warrantable),1 Unit (SFR); 2 Units; 3-4 Units; Condo (Warrantable),,Purchase; Refi (Cash Out),,,,No,No,,,,,,,,,,,,,,,,,,,,,,,,,,,,https://newpointmortgage.com/broker-resources/matrices/,,https://logos.mtg.broker/lender-matrices/recKmKdFDXaFGbuTU.pdf?v=attJBoG6zkOmR7Ecb,,source_extracted_not_human_verified
NewPoint Mortgage,Summit Closed End 2nd Lien | Standard Doc,second_lien,Closed-End Second Lien,reck8JZHhKroZWN4Z,2026-03-09,2026-07-17,,750000,680,,,,,,,,,,90,,,,90,90,10,85,80,Primary; 2nd Home; Investment,1 Unit (SFR); 2 Units; 3-4 Units; Condo (Warrantable),1 Unit (SFR); 2 Units; 3-4 Units; Condo (Warrantable),,Purchase; Refi (Cash Out),,,,No,No,,,,,,,,,,,,,,,,,,,,,,,,,,,,https://newpointmortgage.com/broker-resources/matrices/,,https://logos.mtg.broker/lender-matrices/reck8JZHhKroZWN4Z.pdf?v=attl4saUqKfbajbVh,,source_extracted_not_human_verified
NewPoint Mortgage,Summit Closed End 2nd Lien | WVOE & P&L,second_lien,Closed-End Second Lien,recImDWnwObXSFYWV,2026-03-09,2026-07-17,,750000,680,,,,,,,,,,80,,,,80,80,20,85,80,Primary; 2nd Home; Investment,1 Unit (SFR); 2 Units; 3-4 Units; Condo (Warrantable),1 Unit (SFR); 2 Units; 3-4 Units; Condo (Warrantable),,Purchase; Refi (Cash Out),,,,No,No,,,,,,,,,,,,,,,,,,,,,,,,,,,,https://newpointmortgage.com/broker-resources/matrices/,,https://logos.mtg.broker/lender-matrices/recImDWnwObXSFYWV.pdf?v=attZx9sBnUYm6A7V9,,source_extracted_not_human_verified
NewPoint Mortgage,Summit HELOC | Bank Statement,heloc,HELOC (Standalone),recRrlSOqr5sthqO7,2026-03-09,2026-07-17,,500000,700,,,,,,,,,,80,,,,80,80,20,85,80,Primary; 2nd Home; Investment,1 Unit (SFR); 2 Units; 3-4 Units; Condo (Warrantable),1 Unit (SFR); 2 Units; 3-4 Units; Condo (Warrantable),,Equity Loan; Refi (Cash Out),,,,No,No,,,,,,,,,,,,,,,,,,,,,,,,,,,,https://newpointmortgage.com/broker-resources/matrices/,,https://logos.mtg.broker/lender-matrices/recRrlSOqr5sthqO7.pdf?v=attVIcg3yluwiqvXc,,source_extracted_not_human_verified
NewPoint Mortgage,Summit HELOC | Standard Doc,heloc,HELOC (Standalone),rechh0OQWbiP70Fs7,2026-03-09,2026-07-17,,500000,680,,,,,,,,,,90,,,,90,90,10,85,80,Primary; 2nd Home; Investment,1 Unit (SFR); 2 Units; 3-4 Units; Condo (Warrantable),1 Unit (SFR); 2 Units; 3-4 Units; Condo (Warrantable),,Equity Loan; Refi (Cash Out),,,,No,No,,,,,,,,,,,,,,,,,,,,,,,,,,,,https://newpointmortgage.com/broker-resources/matrices/,,https://logos.mtg.broker/lender-matrices/rechh0OQWbiP70Fs7.pdf?v=attVjNOjA89jwcqPX,,source_extracted_not_human_verified
NewPoint Mortgage,Summit Investor DSCR,dscr,Debt Service Coverage Ratio (DSCR),recXvc3zPAAYFLjp1,2026-03-09,2026-07-17,,3500000,640,,,,,,,80,75,75,,,,,80,80,20,85,80,Investment,1 Unit (SFR); 2 Units; 3-4 Units; Condo (Warrantable); Condotel; Rural,1 Unit (SFR); 2 Units; 3-4 Units; Condo (Warrantable); Condotel; Rural,,Purchase; Refi (Rate Term); Refi (Cash Out),,,,No,No,,,,,,,,,,,,,,,,,,,,,,,,,,,,https://newpointmortgage.com/broker-resources/matrices/,,https://logos.mtg.broker/lender-matrices/recXvc3zPAAYFLjp1.pdf?v=attFxT63hB1RDo1Is,,source_extracted_not_human_verified
Nextres,Aquamarine DSCR,dscr,Debt Service Coverage Ratio (DSCR),recKVCtsUXToXVLuU,2026-06-21,2026-07-31,100000,3500000,640,,,,,,,80,75,75,,,,75,80,80,20,85,80,Investment,1 Unit (SFR); Condotel; 2 Units; 3-4 Units; PUD; Condo (Warrantable); Condo (Non-Warrantable); Modular,1 Unit (SFR); Condotel; 2 Units; 3-4 Units; PUD; Condo (Warrantable); Condo (Non-Warrantable); Modular,,Purchase; Refi (Rate Term); Refi (Cash Out),,,,🟢 Yes,,,,,,,,,,,,,,,,No Seasoning Required,,,,,,,🔴 No,🟢 Yes,,,,,https://commercial.nextres.com/guidelineOverlay/177,,https://logos.mtg.broker/lender-matrices/recKVCtsUXToXVLuU.pdf?v=attxeDgiBKoNuLIHC,https://logos.mtg.broker/lender-guidelines/recKVCtsUXToXVLuU.pdf?v=attOvRteloV13UE0g,source_extracted_not_human_verified
Nextres,Brilliant DSCR,5_8_unit_dscr; dscr,Debt Service Coverage Ratio (DSCR),recWy5w8lPM12TSk7,2026-06-21,2026-07-31,100000,3500000,550,,,,,,,85,,75,,,,85,85,85,15,85,80,Investment,1 Unit (SFR); 2 Units; 3-4 Units; Multi-Unit (5-24); Manufactured Homes; Condo (Non-Warrantable); Condotel; PUD; Condo (Warrantable); Modular; Multi-Unit (5-8),1 Unit (SFR); 2 Units; 3-4 Units; Manufactured Homes; Condo (Non-Warrantable); Condotel; PUD; Condo (Warrantable); Modular; Multi-Unit (5-8),Excluded from requested residential scope: Multi-Unit (5-24),Purchase; Refi (Rate Term); Refi (Cash Out),,,,,,,,,,,,,,,,,,,,,,,,,,,🟡 Yes. With Restrictions (See Matrix),🟡 Yes (With Restrictions. See Guidelines),,,,,https://commercial.nextres.com/guidelineOverlay/177,,https://logos.mtg.broker/lender-matrices/recWy5w8lPM12TSk7.pdf?v=att5MedApJOlz9Zgy,https://logos.mtg.broker/lender-guidelines/recWy5w8lPM12TSk7.pdf?v=att4ARVcCCPc6xNZi,source_extracted_not_human_verified
Nextres,Emerald DSCR,dscr,Debt Service Coverage Ratio (DSCR),recKcxfpK5rKJw6aK,2026-06-21,2026-07-31,100000,3000000,600,,600,,,,,85,80,75,85,,,80,85,85,15,85,80,Investment,1 Unit (SFR); PUD; Condo (Warrantable); Condo (Non-Warrantable); Modular; Manufactured Home (Double-Wide); Manufactured Home (Multi-Wide); Condotel; 2 Units; 3-4 Units; Townhome,1 Unit (SFR); PUD; Condo (Warrantable); Condo (Non-Warrantable); Modular; Manufactured Home (Double-Wide); Manufactured Home (Multi-Wide); Condotel; 2 Units; 3-4 Units; Townhome,,Purchase; Refi (Rate Term); Refi (Cash Out),Alabama (AL); Arkansas (AR); Arizona (AZ); California (CA); Colorado (CO); Connecticut (CT); District of Columbia (DC); Delaware (DE); Florida (FL); Georgia (GA); Hawaii (HI); Iowa (IA); Idaho (ID); Illinois (IL); Indiana (IN); Kansas (KS); Kentucky (KY); Louisiana (LA); Massachusetts (MA); Maryland (MD); Maine (ME); Michigan (MI); Minnesota (MN); Missouri (MO); Mississippi (MS); Montana (MT); North Carolina (NC); Nebraska (NE); New Hampshire (NH); New Jersey (NJ); New Mexico (NM); Nevada (NV); New York (NY); Ohio (OH); Oklahoma (OK); Oregon (OR); Pennsylvania (PA); Rhode Island (RI); South Carolina (SC); Tennessee (TN); Texas (TX); Utah (UT); Virginia (VA); US Virgin Islands (VI); Vermont (VT); Washington (WA); Wisconsin (WI); West Virginia (WV); Wyoming (WY),Alaska (AK); North Dakota (ND); South Dakota (SD),"INELIGIBLE STATES: AK, ND, SD. INELIGIBLE TERRITORIES: Puerto Rico, Guam, American Samoa, Northern Mariana Islands, U.S. Virgin Islands. FLORIDA: Citizens of China NOT ELIGIBLE in Florida only. Grove Resort & Waterpark condominium complex (Orlando, FL) capped at 60% LTV. NY: CEMA transactions allowed; <$200K loan capped at 80% CLTV Purchase / 75% Refi.
",🟢 Yes,"🟡 Yes, with FICO",,,,,,,,,,,,,,,,,,,,,,🟡 Yes. With Restrictions (See Matrix),🟢 Yes,🟡 Allowed. Borrower must contribute 10% own funds,🟢 Yes,,"No DTI calculation — DSCR product. LTV varies by FICO × DSCR × Loan Amount × Purpose (see matrix grid). Non-Warrantable Condo: max 75% LTV (max 60% if Grove Resort, Orlando FL). DSCR <1: max 75% LTV (Purchase), 70% (R&T), 65% (Cash-Out). LTV >80% requires DSCR ≥1.2 AND limited to SFR / Warrantable Condo OUTSIDE Florida / Townhome / PUD. Declining market = 5% LTV reduction. Forbearance / Loan Modification <6 months = 10% LTV reduction.
",https://commercial.nextres.com/guidelineOverlay/177,,https://logos.mtg.broker/lender-matrices/recKcxfpK5rKJw6aK.pdf?v=attOGa7qgyYYHHOZL,https://logos.mtg.broker/lender-guidelines/recKcxfpK5rKJw6aK.pdf?v=attkO4UzrjvzOmiSS,source_extracted_not_human_verified
Nextres,Jade Equity Solutions | DSCR 2nd Equity Loan,second_lien,2nd CES Mortgage (Standalone),recnJ7nRfXM3JWsu2,2026-06-21,2026-07-31,75000,750000,680,,680,,,,,,,80,,,80,,80,80,20,85,80,Investment,1 Unit (SFR); Townhome; SFR + 1ADU; 2 Units; 3-4 Units; PUD; Condo (Warrantable); Leaseholds,1 Unit (SFR); Townhome; SFR + 1ADU; 2 Units; 3-4 Units; PUD; Condo (Warrantable),Excluded from requested residential scope: Leaseholds,Purchase; Refi (Rate Term); Refi (Cash Out); Equity Loan,,,,,,,,,,,,,,,,,,,,,,,,,,,,,,🔴 No,,,https://commercial.nextres.com/guidelineOverlay/177,https://commercial.nextres.com/resources#:~:text=The%20Residential%20DSCR%20Collection,https://logos.mtg.broker/lender-matrices/recnJ7nRfXM3JWsu2.pdf?v=attNKOjpgHWbRfIzB,https://logos.mtg.broker/lender-guidelines/recnJ7nRfXM3JWsu2.pdf?v=atteinOB6B9C3MC22,source_extracted_not_human_verified
Nextres,Optimal Blanket Cross Collateral | DSCR,dscr,Debt Service Coverage Ratio (DSCR),recJJ7KzYhp5BTiHl,2026-06-21,2026-07-31,400000,4000000,660,,,,,,,80,,75,,,,75,80,80,20,85,80,Investment,1 Unit (SFR); SFR + 1ADU; PUD; 2 Units; 3-4 Units; Condo (Warrantable); Condo (Non-Warrantable); Condotel; Modular; Leaseholds; Mixed-Use; Manufactured Home (Multi-Wide); Industrial; Self-Storage; Office; Retail; Warehouse; Automotive; Multi-Unit (5+),1 Unit (SFR); SFR + 1ADU; PUD; 2 Units; 3-4 Units; Condo (Warrantable); Condo (Non-Warrantable); Condotel; Modular; Manufactured Home (Multi-Wide),Excluded from requested residential scope: Leaseholds; Mixed-Use; Industrial; Self-Storage; Office; Retail; Warehouse; Automotive; Multi-Unit (5+),Purchase; Refi (Rate Term); Refi (Cash Out),,,,,,,,,,,,,,,,,,,,,,,,,,,🟡 Yes. With Restrictions (See Matrix),🟡 Yes (With Restrictions. See Guidelines),,,,,https://commercial.nextres.com/guidelineOverlay/177,,https://logos.mtg.broker/lender-matrices/recJJ7KzYhp5BTiHl.pdf?v=attKob78nDp4aOSyV,https://logos.mtg.broker/lender-guidelines/recJJ7KzYhp5BTiHl.pdf?v=att2UnimCfh3O7UIW,source_extracted_not_human_verified
Nextres,Optimal DSCR - Foreign National,dscr,Debt Service Coverage Ratio (DSCR),recurZVje7UDLNO7C,2026-06-21,2026-07-31,150000,2500000,,,,,,,,75,,70,,,,70,75,75,25,85,80,Investment,1 Unit (SFR); SFR + 1ADU; PUD; 2 Units; 3-4 Units; Condo (Warrantable); Condo (Non-Warrantable); Condotel; Modular; Leaseholds; Rural,1 Unit (SFR); SFR + 1ADU; PUD; 2 Units; 3-4 Units; Condo (Warrantable); Condo (Non-Warrantable); Condotel; Modular; Rural,Excluded from requested residential scope: Leaseholds,Purchase; Refi (Rate Term); Refi (Cash Out),,,,,,,,,,,,,,,,,,,,,,,,,,,🟡 Yes. With Restrictions (See Matrix),🟡 Yes (With Restrictions. See Guidelines),,,,,https://commercial.nextres.com/guidelineOverlay/177,,https://logos.mtg.broker/lender-matrices/recurZVje7UDLNO7C.pdf?v=attOZg3DL3Ij4x59B,https://logos.mtg.broker/lender-guidelines/recurZVje7UDLNO7C.pdf?v=atty6tZcFFrGqn3fj,source_extracted_not_human_verified
Nextres,Pearl DSCR,dscr,Debt Service Coverage Ratio (DSCR),recXzUGkS35ZkXHWw,2026-06-21,2026-07-31,75000,3000000,660,,,,,,,85,80,75,,,,85,85,85,15,85,80,Investment,1 Unit (SFR); 2 Units; 3-4 Units; PUD; Townhome; Condo (Warrantable); Condo (Non-Warrantable); Condotel; Site Condo; Modular; Log Homes; Leaseholds,1 Unit (SFR); 2 Units; 3-4 Units; PUD; Townhome; Condo (Warrantable); Condo (Non-Warrantable); Condotel; Site Condo; Modular,Excluded from requested residential scope: Log Homes; Leaseholds,Purchase; Refi (Cash Out); Refi (Rate Term),,,,,,,,,,,,,,,,,,,,,,,,,,,🟢 Yes,🟢 Yes,,,,,https://commercial.nextres.com/guidelineOverlay/177,,https://logos.mtg.broker/lender-matrices/recXzUGkS35ZkXHWw.pdf?v=attr6B1QN7UmQ9VBX,https://logos.mtg.broker/lender-guidelines/recXzUGkS35ZkXHWw.pdf?v=attLLsaKbBiYlkj2Y,source_extracted_not_human_verified
Nextres,Pearl DSCR - No Ratio,dscr; no_ratio,Debt Service Coverage Ratio (DSCR) - No Ratio,recdU6Qpg7azXAGs1,2026-06-21,2026-07-31,125000,1500000,700,,,,,,,75,,65,,,,,75,75,25,85,80,Investment,1 Unit (SFR); PUD; Townhome; 2 Units; 3-4 Units; Condo (Warrantable); Condo (Non-Warrantable); Condotel; Site Condo; Modular; Log Homes,1 Unit (SFR); PUD; Townhome; 2 Units; 3-4 Units; Condo (Warrantable); Condo (Non-Warrantable); Condotel; Site Condo; Modular,Excluded from requested residential scope: Log Homes,Purchase; Refi (Rate Term); Refi (Cash Out),,,,,,,,,,,,,,,,,,,,,,,,,,,,🟢 Yes,,,,,https://commercial.nextres.com/guidelineOverlay/177,,https://logos.mtg.broker/lender-matrices/recdU6Qpg7azXAGs1.pdf?v=attkc1mF3ge9ytAMR,https://logos.mtg.broker/lender-guidelines/recdU6Qpg7azXAGs1.pdf?v=att2puT0gLRezZoMt,source_extracted_not_human_verified
Nextres,Radiant DSCR,dscr,Debt Service Coverage Ratio (DSCR),recrgY1PXu1M6WaFD,2026-06-21,2026-07-31,100000,3500000,700,,,,,,,70,65,60,,,,70,70,70,30,85,80,Investment,1 Unit (SFR); Condo (Warrantable); Condo (Non-Warrantable); SFR + 1ADU; PUD; 2 Units; 3-4 Units; Modular; Condotel,1 Unit (SFR); Condo (Warrantable); Condo (Non-Warrantable); SFR + 1ADU; PUD; 2 Units; 3-4 Units; Modular; Condotel,,Purchase; Refi (Cash Out); Refi (Rate Term),,,,,,,,,,,,,,,,,,,,,,,,,,,🟡 Yes. With Restrictions (See Matrix),🟡 Yes (With Restrictions. See Guidelines),,🟢 Yes,,,https://commercial.nextres.com/guidelineOverlay/177,,https://logos.mtg.broker/lender-matrices/recrgY1PXu1M6WaFD.pdf?v=attka9csRXxMli1jc,https://logos.mtg.broker/lender-guidelines/recrgY1PXu1M6WaFD.pdf?v=attTmgvSrg8wIZwEV,source_extracted_not_human_verified
Nextres,Ruby DSCR,dscr,Debt Service Coverage Ratio (DSCR),recOJlzgFXxM9Ti8q,2026-06-21,2026-07-31,100000,4000000,640,,,,,,,85,80,80,,,,80,85,85,15,85,80,Investment,1 Unit (SFR); SFR + 1ADU; PUD; 2 Units; 3-4 Units; Condo (Warrantable); Condo (Non-Warrantable); Condotel; Site Condo; Modular; Leaseholds,1 Unit (SFR); SFR + 1ADU; PUD; 2 Units; 3-4 Units; Condo (Warrantable); Condo (Non-Warrantable); Condotel; Site Condo; Modular,Excluded from requested residential scope: Leaseholds,Purchase; Refi (Cash Out); Refi (Rate Term),,,,,,,,,,,,,,,,,,,,,,,,,,,Not Stated,🟢 Yes,,,,,https://commercial.nextres.com/guidelineOverlay/177,,https://logos.mtg.broker/lender-matrices/recOJlzgFXxM9Ti8q.pdf?v=attHC3nmG6eo3Jfx8,https://logos.mtg.broker/lender-guidelines/recOJlzgFXxM9Ti8q.pdf?v=attIU4M6UO1DvpWLx,source_extracted_not_human_verified
Nextres,Sapphire DSCR,dscr,Debt Service Coverage Ratio (DSCR),rec2igOQiYFbwud61,2026-06-21,2026-07-31,100000,3000000,700,,,,,,,80,80,75,,,,80,80,80,20,85,80,Investment,1 Unit (SFR); 2 Units; 3-4 Units; Modular; Condo (Warrantable); Condo (Non-Warrantable); Condotel; PUD; SFR + 1ADU; Rural,1 Unit (SFR); 2 Units; 3-4 Units; Modular; Condo (Warrantable); Condo (Non-Warrantable); Condotel; PUD; SFR + 1ADU; Rural,,Purchase; Refi (Cash Out); Refi (Rate Term),,,,,🟢 Yes,,,,,,,,,,,,,,,,,,,,,,Not Stated,🟢 Yes,,🟢 Yes,,,https://commercial.nextres.com/guidelineOverlay/177,https://commercial.nextres.com/resources#:~:text=The%20Residential%20DSCR%20Collection,https://logos.mtg.broker/lender-matrices/rec2igOQiYFbwud61.pdf?v=attVQOTLLq0ZlZ8aD,https://logos.mtg.broker/lender-guidelines/rec2igOQiYFbwud61.pdf?v=attgvRsx8HR5uL3Qv,source_extracted_not_human_verified
Nextres,Sunstone DSCR,dscr,Debt Service Coverage Ratio (DSCR),recQIEjaELuXS4q33,2026-06-21,2026-07-31,100000,3000000,660,,,,,,,80,,75,,,,75,80,80,20,85,80,Investment,1 Unit (SFR); SFR + 1ADU; 2 Units; 3-4 Units; PUD; Condo (Warrantable); Condo (Non-Warrantable); Modular; Leaseholds; Condotel,1 Unit (SFR); SFR + 1ADU; 2 Units; 3-4 Units; PUD; Condo (Warrantable); Condo (Non-Warrantable); Modular; Condotel,Excluded from requested residential scope: Leaseholds,Purchase; Refi (Rate Term); Refi (Cash Out),,,,,,,,,,,,,,,,,,,,,,,,,,,🟡 Yes. With Restrictions (See Matrix),🟡 Yes (With Restrictions. See Guidelines),,,,,https://commercial.nextres.com/guidelineOverlay/177,,https://logos.mtg.broker/lender-matrices/recQIEjaELuXS4q33.pdf?v=attDMJI2lQtE1Yyg2,https://logos.mtg.broker/lender-guidelines/recQIEjaELuXS4q33.pdf?v=attjhCnxaHuDWwAmD,source_extracted_not_human_verified
NFTYDoor,HELOC by NFTYDoor (Direct),heloc,HELOC (Standalone),recARVGrEA9iRdUnh,,2026-06-29,25000,750000,600,,,,50,,,,,,90,,,,90,90,10,85,80,Primary; 2nd Home; Investment,1 Unit (SFR); 2 Units; 3-4 Units; PUD; Condo (Warrantable),1 Unit (SFR); 2 Units; 3-4 Units; PUD; Condo (Warrantable),,Equity Loan,Alabama (AL); Alaska (AK); Arizona (AZ); Arkansas (AR); California (CA); Colorado (CO); Connecticut (CT); Delaware (DE); Florida (FL); Georgia (GA); Hawaii (HI); Idaho (ID); Illinois (IL); Indiana (IN); Iowa (IA); Kansas (KS); Kentucky (KY); Louisiana (LA); Maine (ME); Maryland (MD); Massachusetts (MA); Michigan (MI); Minnesota (MN); Mississippi (MS); Missouri (MO); Montana (MT); Nebraska (NE); Nevada (NV); New Hampshire (NH); New Jersey (NJ); New Mexico (NM); New York (NY); North Carolina (NC); North Dakota (ND); Ohio (OH); Oklahoma (OK); Oregon (OR); Pennsylvania (PA); Rhode Island (RI); South Carolina (SC); South Dakota (SD); Tennessee (TN); Texas (TX); Utah (UT); Vermont (VT); Virginia (VA); Washington (WA); West Virginia (WV); Wisconsin (WI); Wyoming (WY); District of Columbia (DC),,,,🔴 No,,,,,,,,,,,,,,,,,,75% Initial Draw Required,,,,,,,,,,,,https://logos.mtg.broker/lender-matrices/recARVGrEA9iRdUnh.pdf?v=atttYoMRfb66zxou2,,source_extracted_not_human_verified
NMSI (National Mortgage Services Inc),12 Months Bank Statements | 12MOS,bank_statement,Bank Statements Loans,recWp0edWk622txpD,2026-06-01,2026-08-04,150000,4000000,660,,,,,,,90,85,75,,,,,90,90,10,85,80,Primary; 2nd Home; Investment,1 Unit (SFR); PUD; Condo (Warrantable); 2 Units; 3-4 Units,1 Unit (SFR); PUD; Condo (Warrantable); 2 Units; 3-4 Units,,Purchase; Refi (Rate Term); Refi (Cash Out),,,"Refer to eligible states at https://www.nmsigroup.com/licensing
",,,12,12 Month Business; 12 Month Personal,,,50,,,,,,,,,,,,,,,,,,,,,,,https://www.nmsigroup.com/product_matrix,,https://logos.mtg.broker/lender-matrices/recWp0edWk622txpD.pdf?v=attPVubaVS4FBlmzC,,source_extracted_not_human_verified
NMSI (National Mortgage Services Inc),Closed End Second (Stand Alone) | Alt Doc (Bank Statement & P&L),second_lien,"2nd CES Mortgage (Standalone), 2nd Mortgage (Non-QM)",rec4tdKi0ajuXC26x,2025-11-07,2026-08-04,75000,750000,680,,,,50,,,,,,85,,,,85,85,15,85,80,Primary; 2nd Home; Investment,1 Unit (SFR); Condo (Warrantable); 2 Units; 3-4 Units,1 Unit (SFR); Condo (Warrantable); 2 Units; 3-4 Units,,Equity Loan,,Texas (TX); Guam (GU); Puerto Rico (PR); US Virgin Islands (VI),"Not eligible: Texas, Puerto Rico, Guam, US Virgin Islands. Restricted: CT, IL, NJ, NY at max 80% CLTV and min 720 FICO. Tennessee IS eligible on Alt Doc (it is not on the Full Doc version). Otherwise refer to eligible states at https://www.nmsigroup.com/licensing
",,🔴 No,12,12 Month Business; 24 Month Business,Business,,50,,,,,,,,,,,,,,,,,,,,,,"Grid is expressed as CLTV, not LTV, because this is a stand-alone second. Max CLTV 85% (Primary, to $350,000, 740 FICO). Max DTI 50% at 80% CLTV, 45% at 90% CLTV.
",https://www.nmsigroup.com/product_matrix,,https://logos.mtg.broker/lender-matrices/rec4tdKi0ajuXC26x.pdf?v=attg5AMbB8Fs49WQw,,source_extracted_not_human_verified
NMSI (National Mortgage Services Inc),Closed End Second (Stand Alone) | Full Doc,second_lien,2nd CES Mortgage (Standalone),recM1tdzGdxZkbnzT,2025-11-07,2026-08-04,75000,750000,680,,,,50,,,,,,90,,,,90,90,10,85,80,Primary; 2nd Home; Investment,1 Unit (SFR); Condo (Warrantable); 2 Units; 3-4 Units,1 Unit (SFR); Condo (Warrantable); 2 Units; 3-4 Units,,Equity Loan,,Texas (TX); Tennessee (TN); Guam (GU); Puerto Rico (PR); US Virgin Islands (VI),"Not eligible: Texas, Tennessee, Puerto Rico, Guam, US Virgin Islands. Restricted: CT, IL, NJ, NY at max 80% CLTV and min 720 FICO. Otherwise refer to eligible states at https://www.nmsigroup.com/licensing
",,🔴 No,,,,,,,,,,,,,,,,,,,,,,,,,,,"Grid is expressed as CLTV, not LTV, because this is a stand-alone second. Max CLTV 90% (Primary, to $350,000, 740 FICO). Max DTI 50% at 80% CLTV, 45% at 90% CLTV.
",https://www.nmsigroup.com/product_matrix,,https://logos.mtg.broker/lender-matrices/recM1tdzGdxZkbnzT.pdf?v=attBGOm5pm2jy9T3X,,source_extracted_not_human_verified
NMSI (National Mortgage Services Inc),DSCR 1,dscr,Debt Service Coverage Ratio (DSCR),recSmjfmOtF0zMvKV,2026-06-01,2026-08-04,125000,3500000,640,,,,,,,80,75,75,,,,,80,80,20,85,80,Investment,1 Unit (SFR); PUD; Condo (Warrantable); 2 Units; 3-4 Units,1 Unit (SFR); PUD; Condo (Warrantable); 2 Units; 3-4 Units,,Purchase; Refi (Rate Term); Refi (Cash Out),,,"Refer to eligible states at https://www.nmsigroup.com/licensing
",,,,,,,,,,,,,,,,,,,,,,,,,,,,,,https://www.nmsigroup.com/product_matrix,,https://logos.mtg.broker/lender-matrices/recSmjfmOtF0zMvKV.pdf?v=attJuB9VrO6abnHKD,,source_extracted_not_human_verified
NMSI (National Mortgage Services Inc),DSCR 2,dscr,Debt Service Coverage Ratio (DSCR),recmJBxcPUcWltaaB,2026-06-01,2026-08-04,125000,3000000,660,,,,,,,80,80,80,,,,,80,80,20,85,80,Investment,1 Unit (SFR); PUD; Condo (Warrantable); 2 Units; 3-4 Units,1 Unit (SFR); PUD; Condo (Warrantable); 2 Units; 3-4 Units,,Purchase; Refi (Rate Term); Refi (Cash Out),,,"Refer to eligible states at https://www.nmsigroup.com/licensing
",,,,,,,,,,,,,,,,,,,,,,,,,,,,,,https://www.nmsigroup.com/product_matrix,,https://logos.mtg.broker/lender-matrices/recmJBxcPUcWltaaB.pdf?v=atteo3aViIeAhUCOS,,source_extracted_not_human_verified
NMSI (National Mortgage Services Inc),DSCR 3,dscr; no_ratio,"Debt Service Coverage Ratio (DSCR), Debt Service Coverage Ratio (DSCR) - No Ratio",rectHAo7q9bedY1p6,2026-06-01,2026-08-04,125000,2000000,660,,,,,,,80,80,75,,,,,80,80,20,85,80,Investment,1 Unit (SFR); PUD; Condo (Warrantable); 2 Units; 3-4 Units,1 Unit (SFR); PUD; Condo (Warrantable); 2 Units; 3-4 Units,,Purchase; Refi (Rate Term); Refi (Cash Out),,,"Refer to eligible states at https://www.nmsigroup.com/licensing
",,,,,,,,,,,,,,,,,,,,,,,,,,,,,,https://www.nmsigroup.com/product_matrix,,https://logos.mtg.broker/lender-matrices/rectHAo7q9bedY1p6.pdf?v=attVMa6m2t4OcdesE,,source_extracted_not_human_verified
NMSI (National Mortgage Services Inc),DSCR 4,dscr,Debt Service Coverage Ratio (DSCR),recpjijvvz1loa7rw,2026-06-01,2026-08-04,100000,2000000,660,,,,,,0.75,80,80,75,,,,,80,80,20,85,80,Investment,1 Unit (SFR); PUD; Condo (Warrantable); 2 Units; 3-4 Units,1 Unit (SFR); PUD; Condo (Warrantable); 2 Units; 3-4 Units,,Purchase; Refi (Rate Term); Refi (Cash Out),,,"Refer to eligible states at https://www.nmsigroup.com/licensing
",,,,,,,,,,,,,,,,,,,,,,,,,,,,,,https://www.nmsigroup.com/product_matrix,,https://logos.mtg.broker/lender-matrices/recpjijvvz1loa7rw.pdf?v=attN0AUMNCKdKdK2d,,source_extracted_not_human_verified
Open Mortgage Wholesale,Asset Depletion | Utilization,asset_depletion,Asset Depletion | Utilization,rec6ntNMyYvWOpaDE,2024-11-05,,,3000000,,,,,,,,,,,,,,,,,,85,80,Primary,1 Unit (SFR),1 Unit (SFR),,,,,,,,,,,,,,,,,,,,,,,,,,,,,,,,,,,,,,,source_extracted_not_human_verified
Open Mortgage Wholesale,Explorer ITIN | Non-QM,itin,ITIN,rect4aqmcb9jWPKX7,2026-04-30,2026-08-10,150000,2000000,660,660,660,660,50,,,80,80,80,,,,,80,80,20,85,80,Primary; 2nd Home; Investment,,,,Purchase; Refi (Rate Term); Refi (Cash Out),,,,🟢 Yes,🔴 No,,,,,,,,,,,,,,,,,,,,,,🟡 Yes. With Restrictions (See Matrix),🟢 Yes,🟢 Yes,,,,https://www.openwholesale.com/explorer-itin,,https://logos.mtg.broker/lender-matrices/rect4aqmcb9jWPKX7.pdf?v=attqkq32A0hFqfKiO,,source_extracted_not_human_verified
Open Mortgage Wholesale,Trailblazer | DSCR,dscr,Debt Service Coverage Ratio (DSCR),recOWDW6KbE9DPytj,2026-04-30,2026-05-30,150000,3000000,660,660,660,660,,,,85,80,75,,,,85,85,85,15,85,80,Investment,1 Unit (SFR); 2 Units; 3-4 Units; Condo (Non-Warrantable); Condo (Warrantable); Condotel; Rural; Leaseholds; PUD,1 Unit (SFR); 2 Units; 3-4 Units; Condo (Non-Warrantable); Condo (Warrantable); Condotel; Rural; PUD,Excluded from requested residential scope: Leaseholds,Purchase; Refi (Rate Term); Refi (Cash Out),,,,🔴 No,🟢 Yes,,,,,,,,,,,,,,,,,,,,,,🟢 Yes,🟢 Yes,🟢 Yes,🟢 Yes,,,https://www.openwholesale.com/product/trailblazer-dscr-loan-program,,https://logos.mtg.broker/lender-matrices/recOWDW6KbE9DPytj.pdf?v=attPypEXEe74cqakB,,source_extracted_not_human_verified
Open Mortgage Wholesale,Wayfinder | Bank Statement,bank_statement,Bank Statements Loans,recosw4v8br163Bd5,2026-04-30,2026-06-03,150000,3500000,640,640,640,640,50,,,90,90,80,,,,,90,90,10,85,80,Primary; Investment; 2nd Home,1 Unit (SFR); 2 Units; 3-4 Units; Condo (Warrantable); Condo (Non-Warrantable); Condotel; Rural; Manufactured Home (Double-Wide); Co-ops; Leaseholds; PUD,1 Unit (SFR); 2 Units; 3-4 Units; Condo (Warrantable); Condo (Non-Warrantable); Condotel; Rural; Manufactured Home (Double-Wide); PUD,Excluded from requested residential scope: Co-ops; Leaseholds,Purchase; Refi (Cash Out); Refi (Rate Term),,,,🔴 No,🟢 Yes,,12 Month Business; 12 Month Personal; 24 Month Business; 24 Month Personal,Business; Personal,,50,10,,,,,,,,,,,,,,,,🟢 Yes,🟢 Yes,🟢 Yes,🟢 Yes,,,https://www.openwholesale.com/products-and-matrices,,https://logos.mtg.broker/lender-matrices/recosw4v8br163Bd5.pdf?v=att9KYo0w8AnxvOH5,,source_extracted_not_human_verified
Open Mortgage Wholesale,Wayfinder | P&L,pnl_only,P&L (Profit and Loss) Statement,recKatvtcWe0ckWHX,2026-04-30,2026-05-29,150000,3000000,660,,,680,50,55,,80,80,70,80,,,,80,80,20,85,80,Primary; Investment; 2nd Home,1 Unit (SFR); Condo (Non-Warrantable); Condo (Warrantable); Condotel,1 Unit (SFR); Condo (Non-Warrantable); Condo (Warrantable); Condotel,,Purchase; Refi (Cash Out); Refi (Rate Term),,,,🔴 No,🟢 Yes,,,,,,,,12,2,"Prepared by CPA, EA, or PTIN Licensed Tax Preparer",,False,confirms_tax_filing_only,,,,,,,,,🟢 Yes,🟢 Yes,🟢 Yes,🟢 Yes,,"
",https://www.openwholesale.com/product/wayfinder-non-qm,,https://logos.mtg.broker/lender-matrices/recKatvtcWe0ckWHX.pdf?v=attaRHLaeby0orETl,,source_extracted_not_human_verified
Park Place Finance,Debt Service Coverage Ratio (DSCR),dscr,Debt Service Coverage Ratio (DSCR),recghOri32ZmKAjhC,,2026-05-21,100000,5000000,660,,,,,,,85,,75,,,,,85,85,15,85,80,Investment,1 Unit (SFR),1 Unit (SFR),,Purchase; Refi (Cash Out); Refi (Rate Term),,,,,🟢 Yes,,,,,,,,,,,,,,,,,,,,,,,,,,,,Request from AE,,,,source_extracted_not_human_verified
PR Mortgage Investment (PRMI),Equity Advancer,heloc,Sweep-Account 1st Lien HELOC Mortgage,recfrdoZYTNUJXXZB,,2026-06-21,150000,3500000,700,700,700,720,,,,90,90,80,,,,,90,90,10,85,80,Primary; Investment; 2nd Home,1 Unit (SFR),1 Unit (SFR),,Purchase; Refi (Cash Out); Refi (Rate Term),,,,,,,,,,,,,,,,,,,,,,,,,,,,,,,,,https://www.equityadvancer.com/online-forms,https://www.equityadvancer.com/online-forms#:~:text=Equity%20Advancer%20Product%20Guidelines,https://logos.mtg.broker/lender-matrices/recfrdoZYTNUJXXZB.pdf?v=attyCux7Rd8HBuaiH,https://logos.mtg.broker/lender-guidelines/recfrdoZYTNUJXXZB.pdf?v=attaBDLUhIaDdTAg4,source_extracted_not_human_verified
PRMG,Closed End Second Classic Elite | Standalone + Piggyback,second_lien,2nd CES Mortgage (Standalone),recRfSuXSyBkbcw2d,2026-01-15,2026-07-29,50000,500000,680,,,,50,,,,,,85,,,,85,85,15,85,80,Primary; 2nd Home,1 Unit (SFR); Condo (Warrantable); Condo (Non-Warrantable); Townhome; Rural,1 Unit (SFR); Condo (Warrantable); Condo (Non-Warrantable); Townhome; Rural,,Purchase; Equity Loan; Refi (Cash Out); Refi (Rate Term),,,,,,,,,,,,,,,,,,,,,,,,,,,,,,,,,https://eprmg.net/guidelines/CES%20Classic%20Elite.pdf,,https://logos.mtg.broker/lender-matrices/recRfSuXSyBkbcw2d.pdf?v=attoiuUhHcoU4DRS3,,source_extracted_not_human_verified
PRMG,Closed End Second Elite | Standalone,second_lien,2nd CES Mortgage (Standalone),recVPGURmQHMos9ak,2025-04-09,2026-07-29,50000,500000,680,,,,50,50,,,,,85,80,,,85,85,15,85,80,Primary; 2nd Home,1 Unit (SFR); PUD; Condo (Warrantable); Townhome; Rural,1 Unit (SFR); PUD; Condo (Warrantable); Townhome; Rural,,Equity Loan; Refi (Cash Out); Refi (Rate Term),,,,🔴 No,🔴 No,,,,,,,,,,,,,,,,,,,,,,,,🟢 Yes,🟢 Yes,,,https://www.eprmg.net/guidelines/CES%20Elite.pdf,https://www.eprmg.net/CESEliteExpanded.pdf,https://logos.mtg.broker/lender-matrices/recVPGURmQHMos9ak.pdf?v=attPTjSlsRwWJXTOs,,source_extracted_not_human_verified
PRMG,Closed End Second Expanded Access Prime | Standalone,second_lien,2nd CES Mortgage (Standalone),recjT1nrmWxkk70mX,2026-05-21,2026-07-29,50000,750000,680,,,,50,,,,,,90,,,,90,90,10,85,80,Primary; 2nd Home; Investment,1 Unit (SFR); Condo (Warrantable); Condo (Non-Warrantable); Townhome; Rural,1 Unit (SFR); Condo (Warrantable); Condo (Non-Warrantable); Townhome; Rural,,Equity Loan; Refi (Cash Out); Refi (Rate Term),,,,,,,,,,,,,,,,,,,,,,,,,,,,,,,,,http://www.eprmg.net/guidelines/CES%20Expanded%20Access%20Prime.pdf,,https://logos.mtg.broker/lender-matrices/recjT1nrmWxkk70mX.pdf?v=att0TiXpd5jeRMPWA,,source_extracted_not_human_verified
PRMG,DSCR Core,dscr,Debt Service Coverage Ratio (DSCR),rec3TVjZalDvdVLGs,2026-05-21,2026-07-29,75000,2500000,660,,,,,,0.75,80,80,75,,,,80,80,80,20,85,80,Investment,1 Unit (SFR); Condo (Warrantable); Condo (Non-Warrantable); 2 Units; 3-4 Units; Rural; PUD; Townhome; Site Condo,1 Unit (SFR); Condo (Warrantable); Condo (Non-Warrantable); 2 Units; 3-4 Units; Rural; PUD; Townhome; Site Condo,,Purchase; Refi (Cash Out); Refi (Rate Term),,,,,🟢 Yes,,,,,,,,,,,,,,,30 Days,,,,,,,🔴 No,🟢 Yes,🟢 Yes,🟢 Yes,,,https://eprmg.net/guidelines/ExpandedGuidelines/PRMGNonQMDSCRExpanded.pdf,https://eprmg.net/guidelines/ExpandedGuidelines/PRMGNonQMDSCRExpanded.pdf,https://logos.mtg.broker/lender-matrices/rec3TVjZalDvdVLGs.pdf?v=attEIvDeDoFI9e8ys,https://logos.mtg.broker/lender-guidelines/rec3TVjZalDvdVLGs.pdf?v=attFZbl8D1wjrKZaF,source_extracted_not_human_verified
PRMG,DSCR Plus,dscr,Debt Service Coverage Ratio (DSCR),rec26HOJbCKkEbn4n,2026-05-21,2026-07-29,75000,2500000,620,,,,,,,80,80,75,,,,,80,80,20,85,80,Investment,1 Unit (SFR); Condo (Warrantable); Condo (Non-Warrantable); 2 Units; 3-4 Units; Rural; PUD; Townhome; Site Condo,1 Unit (SFR); Condo (Warrantable); Condo (Non-Warrantable); 2 Units; 3-4 Units; Rural; PUD; Townhome; Site Condo,,Purchase; Refi (Cash Out); Refi (Rate Term),,,,,🟢 Yes,,,,,,,,,,,,,,,,,,,,,,,🟢 Yes,,,,,https://eprmg.net/guidelines/PRMGNonQMDSCR.pdf,,https://logos.mtg.broker/lender-matrices/rec26HOJbCKkEbn4n.pdf?v=attyt4D8LuDuRxrc8,,source_extracted_not_human_verified
PRMG,Non-QM Income Qualifying | Core Expanded Prime,bank_statement,Bank Statements Loans,recd039WaYdQ23Mvn,2026-07-23,2026-07-29,100000,3500000,660,,,,50,,,89.99,89.99,80,,,,,89.99,89.99,10.010000000000005,85,80,Primary; 2nd Home; Investment,1 Unit (SFR); Condo (Warrantable); Condo (Non-Warrantable); 2 Units; 3-4 Units; Rural; PUD; Townhome; Site Condo,1 Unit (SFR); Condo (Warrantable); Condo (Non-Warrantable); 2 Units; 3-4 Units; Rural; PUD; Townhome; Site Condo,,Purchase; Refi (Cash Out); Refi (Rate Term),,,,,,,,,,,,,,,,,,,,,,,,,,,,,,,,,https://www.eprmg.net/guidelines/PRMGNonQMIncomeQualifying.pdf,,https://logos.mtg.broker/lender-matrices/recd039WaYdQ23Mvn.pdf?v=attcyrEKiBUB2Gxix,,source_extracted_not_human_verified
PRMG,Non-QM Income Qualifying | Core Non-Prime,bank_statement,Bank Statements Loans,recAGkRqXOlLNMzBX,2026-07-23,2026-07-29,100000,1500000,620,,,,50,,,80,80,75,,,,,80,80,20,85,80,Primary; 2nd Home; Investment,1 Unit (SFR); Condo (Warrantable); Condo (Non-Warrantable); 2 Units; 3-4 Units; Rural; PUD; Townhome; Site Condo,1 Unit (SFR); Condo (Warrantable); Condo (Non-Warrantable); 2 Units; 3-4 Units; Rural; PUD; Townhome; Site Condo,,Purchase; Refi (Cash Out); Refi (Rate Term),,,,,,,,,,,,,,,,,,,,,,,,,,,,,,,,,https://www.eprmg.net/guidelines/PRMGNonQMIncomeQualifying.pdf,,https://logos.mtg.broker/lender-matrices/recAGkRqXOlLNMzBX.pdf?v=attD2xP613GzzK55R,,source_extracted_not_human_verified
PRMG,Non-QM Income Qualifying | Plus Expanded Prime,bank_statement,Bank Statements Loans,recKjq3b6tnmeF8m2,2026-07-23,2026-07-29,100000,3500000,660,,,,50,,,89.99,89.99,80,,,,,89.99,89.99,10.010000000000005,85,80,Primary; 2nd Home; Investment,1 Unit (SFR); Condo (Warrantable); Condo (Non-Warrantable); 2 Units; 3-4 Units; Rural; PUD; Townhome; Site Condo,1 Unit (SFR); Condo (Warrantable); Condo (Non-Warrantable); 2 Units; 3-4 Units; Rural; PUD; Townhome; Site Condo,,Purchase; Refi (Cash Out); Refi (Rate Term),,,,,,,,,,,,,,,,,,,,,,,,,,,,,,,,,https://www.eprmg.net/guidelines/PRMGNonQMIncomeQualifying.pdf,,https://logos.mtg.broker/lender-matrices/recKjq3b6tnmeF8m2.pdf?v=attV7vI3dTobnsuxn,,source_extracted_not_human_verified
PRMG,Non-QM Income Qualifying | Plus Non-Prime,bank_statement,Bank Statements Loans,recDC3qkzRBaPaZNk,2026-07-23,2026-07-29,100000,1500000,620,,,,50,,,80,80,75,,,,,80,80,20,85,80,Primary; 2nd Home; Investment,1 Unit (SFR); Condo (Warrantable); Condo (Non-Warrantable); 2 Units; 3-4 Units; Rural; PUD; Townhome; Site Condo,1 Unit (SFR); Condo (Warrantable); Condo (Non-Warrantable); 2 Units; 3-4 Units; Rural; PUD; Townhome; Site Condo,,Purchase; Refi (Cash Out); Refi (Rate Term),,,,,,,,,,,,,,,,,,,,,,,,,,,,,,,,,https://www.eprmg.net/guidelines/PRMGNonQMIncomeQualifying.pdf,,https://logos.mtg.broker/lender-matrices/recDC3qkzRBaPaZNk.pdf?v=attlOkdnmDeQV60bd,,source_extracted_not_human_verified
PRMG,Symmetry HELOC (Piggyback),heloc,HELOC (2nd / Piggyback / SIMO),recj2G6PBSgoxbc70,2025-09-25,2026-07-29,,,,,,,45,,,,,,,,,,,,,85,80,Primary; 2nd Home,1 Unit (SFR); Condo (Warrantable); Condo (Non-Warrantable); Townhome; Rural,1 Unit (SFR); Condo (Warrantable); Condo (Non-Warrantable); Townhome; Rural,,Purchase; Equity Loan; Refi (Rate Term),,,,,,,,,,,,,,,,,,,,,,,,,,,,,,,,,http://www.eprmg.net/guidelines/Symmetry%20HELOC.pdf,,https://logos.mtg.broker/lender-matrices/recj2G6PBSgoxbc70.pdf?v=attGm7uGCH5GsyfI2,,source_extracted_not_human_verified
Quickline Capital Partners,Rental Property Loans (DSCR),dscr,Debt Service Coverage Ratio (DSCR),recbHqm0VS4wagyXR,,2026-08-14,75000,3000000,640,,,,,,0.75,80,80,75,,,,,80,80,20,85,80,Investment,1 Unit (SFR); 2 Units; 3-4 Units; Townhome; Condo (Warrantable); Multi-Unit (5+),1 Unit (SFR); 2 Units; 3-4 Units; Townhome; Condo (Warrantable),Excluded from requested residential scope: Multi-Unit (5+),Purchase; Refi (Rate Term); Refi (Cash Out),,,,,,,,,,,,,,,,,,,,,,,,,,,,🟢 Yes,,,,,No published matrix — asset-driven hard money lender (see Flyer | Info Page),,,,source_extracted_not_human_verified
Quontic,DSCR Plus (+),dscr,Debt Service Coverage Ratio (DSCR),rec94Prohl8KsPmCH,2025-10-31,2026-08-06,150000,2000000,680,,,,,,1.1,75,75,70,,,,75,75,75,25,85,80,Investment,1 Unit (SFR); 2 Units; 3-4 Units; Condo (Warrantable); PUD,1 Unit (SFR); 2 Units; 3-4 Units; Condo (Warrantable); PUD,,Purchase; Refi (Cash Out); Refi (Rate Term),,,"ARM products ONLY in: AK, DC, IL, KS, MI, MN, NJ, NM, PA, RI (Fixed Rate available in IL & NJ if vested in C-Corp or S-Corp). Philadelphia, PA: Max CLTV reduced 5% (70% Purch/RT, 65% Cash-Out). Baltimore City, MD: Ineligible. Properties in HI Lava Zones 1 & 2: Ineligible.
",🔴 No,🔴 No,,,,,,,,,,,,,,,,,,,,,,🟢 Yes,🟢 Yes,🟡 Allowed but NOT for reserve requirements,🟢 Yes,,,https://quonticwholesale.com/investor-dscr/#:~:text=Download%20program%20flyer,https://quonticwholesale.com/investor-dscr/#:~:text=View%20guidelines,https://logos.mtg.broker/lender-matrices/rec94Prohl8KsPmCH.pdf?v=atthTbMBirLoJzW8n,https://logos.mtg.broker/lender-guidelines/rec94Prohl8KsPmCH.pdf?v=attmK7ReEJvlCoOv4,source_extracted_not_human_verified
Quontic,Full Doc HELOAN,second_lien,HELOAN,recJdeGclDdb75vp4,2025-11-21,2026-08-06,100000,500000,680,,,,50,,,,,,85,,75,,85,85,15,85,80,Primary; 2nd Home; Investment,1 Unit (SFR); PUD; 2 Units; 3-4 Units; Condo (Warrantable),1 Unit (SFR); PUD; 2 Units; 3-4 Units; Condo (Warrantable),,Equity Loan,,,"**Ineligible: TX, TN.**
",🔴 No,🔴 No,,,,,,,,,,,,,,,,,,,,,,,,,🔴 No,,"**Closed-End Second Mortgage (HELOAN) — lump sum, fully amortized.** Max CLTV 85% Primary 1-unit at 740+ FICO. Max DTI: 50% Primary / 45% 2nd Home / 45% Investment.
",https://quonticwholesale.com/heloan/#:~:text=View%20Full%20Doc%20Guidelines,,https://logos.mtg.broker/lender-matrices/recJdeGclDdb75vp4.pdf?v=att7oYZy1Up2Sf1RV,,source_extracted_not_human_verified
Quontic,ITIN,itin,ITIN,recI4fzjJ0NHYUnqI,2026-07-03,2026-08-06,150000,1000000,660,,660,,50,,,80,80,75,,,,,80,80,20,85,80,Primary; 2nd Home,1 Unit (SFR); PUD; 2 Units; 3-4 Units; Condo (Warrantable),1 Unit (SFR); PUD; 2 Units; 3-4 Units; Condo (Warrantable),,Purchase,,,,🟢 Yes,🔴 No,,,,,,,,,,,,,,,,,,,,,,🟢 Yes,,🟢 Yes,🟢 Yes,,,"https://quonticwholesale.com/owner-occupied-itin/#:~:text=Download%20program%20flyer,View%20guidelines",,https://logos.mtg.broker/lender-matrices/recI4fzjJ0NHYUnqI.pdf?v=att4JrQDYsmoC153e,,source_extracted_not_human_verified
Quontic,Lite Doc HELOAN | P&L or VOE,second_lien,HELOAN,rectIux0ATSWeek9t,2025-11-21,2026-08-06,100000,500000,680,,,680,50,,,,,,80,,75,,80,80,20,85,80,Primary; 2nd Home; Investment,1 Unit (SFR); 2 Units; 3-4 Units; PUD; Condo (Warrantable),1 Unit (SFR); 2 Units; 3-4 Units; PUD; Condo (Warrantable),,Equity Loan,,,"Not eligible for properties located in Texas
",🔴 No,🔴 No,,,,,,,,,,,,,,,,,,,AVM with a Exterior Only Appraisal Option Available,,,,,🔴 No,🟢 Yes,,,https://quonticwholesale.com/heloan/#:~:text=View%20Lite%20Doc%20Guidelines,,https://logos.mtg.broker/lender-matrices/rectIux0ATSWeek9t.pdf?v=atthR0S7DGSC6moL8,,source_extracted_not_human_verified
Quontic,Lite Doc | Owner Occupied P&L,pnl_only,P&L (Profit and Loss) Statement,recCuGuFIN0xNSKO7,2026-07-03,2026-08-06,150000,3000000,660,660,660,,50,,,80,80,80,80,,,,80,80,20,85,80,Primary; 2nd Home,1 Unit (SFR),1 Unit (SFR),,Purchase; Refi (Rate Term); Refi (Cash Out),,,,🟢 Yes,🔴 No,,,,,,,,,,Must be Prepared by a CPA or Licensed Tax Professional,🟢 No,False,confirms_tax_filing_only,1-Year,,,,,,,,🟢 Yes,,🟢 Yes,🟢 Yes,,,"https://quonticwholesale.com/owner-occupied-lite-doc/#:~:text=Download%20program%20flyer,View%20guidelines",,https://logos.mtg.broker/lender-matrices/recCuGuFIN0xNSKO7.pdf?v=attmfQBiXi8Dp0qOK,,source_extracted_not_human_verified
Quorum Federal Credit Union FCU,Investment Property HELOC,heloc,HELOC (Standalone),recjj5z2jZHtTHnh6,2026-07-01,2026-08-11,50000,250000,680,,,,,,,,,,80,,,,80,80,20,85,80,Investment,1 Unit (SFR); PUD; Condo (Warrantable); Townhome,1 Unit (SFR); PUD; Condo (Warrantable); Townhome,,Equity Loan,,Texas (TX),,,,,,,,,,,,,,,,,,,,,,,,,,,,,,,https://partners.quorumfcu.org/investment-heloc-rates,,https://logos.mtg.broker/lender-matrices/recjj5z2jZHtTHnh6.pdf?v=atteosGOtmc6QkXaj,,source_extracted_not_human_verified
Real TPO,JUNGLE Portfolio | Self-Prepared P&L & WVOE,pnl_only,"Portfolio Loans, P&L (Profit and Loss) Statement, WVOE Only",rechW1iUiuzrUebqG,2026-02-03,2026-08-04,,5000000,680,,,,43,,,75,75,75,75,,,,75,75,25,85,80,Primary; 2nd Home; Investment,1 Unit (SFR); PUD; Townhome; Condo (Warrantable); 2 Units; 3-4 Units,1 Unit (SFR); PUD; Townhome; Condo (Warrantable); 2 Units; 3-4 Units,,Purchase; Refi (Rate Term); Refi (Cash Out),California (CA); Nevada (NV); Texas (TX),,,,🟢 Yes,,,,,,,,,,,,False,confirms_tax_filing_only,,,,,,,,,,,,🟡 Yes (Up to 10 Acres - 10% Leverage Reduction),"Reduce LTV by 5% if FICO is under 700 (minimum 680 FICO). Top tier (75% LTV up to $2,000,000 on SFR/PUD/2-4 units, primary and second home) applies only to purchase and rate & term in eight California counties: Los Angeles, Orange, Santa Barbara, Santa Clara, San Diego, San Francisco, San Mateo and Ventura. Outside those counties in CA, NV and TX the caps drop to 70% (SFR/PUD/2-4 units) and 65% (condo) for primary and second home, and 65% / 60% for investment. Condo caps 5-10% below SFR at every tier. Investment cash-out tops out at 65% up to $1.5M and 60% from $1.5M-$2M.
",,https://www.realtpo.com/loan-programs/jungle-portfolio-loan-program/,,https://logos.mtg.broker/lender-matrices/rechW1iUiuzrUebqG.pdf?v=att20H9X58aLIVGjJ,,source_extracted_not_human_verified
Real TPO,MAMBA Alt-doc | Bank Statement,bank_statement,Bank Statements Loans,recQ5tqNegBrhtqGK,2025-11-03,2026-08-04,,4000000,600,,,,,,,90,85,80,90,,,85,90,90,10,85,80,Primary; 2nd Home,1 Unit (SFR); PUD; Townhome; Condo (Warrantable); Condo (Non-Warrantable); Condotel; 2 Units; 3-4 Units; Rural,1 Unit (SFR); PUD; Townhome; Condo (Warrantable); Condo (Non-Warrantable); Condotel; 2 Units; 3-4 Units; Rural,,Purchase; Refi (Rate Term); Refi (Cash Out),,Alaska (AK); Iowa (IA); Massachusetts (MA); Mississippi (MS); New York (NY); North Dakota (ND); Rhode Island (RI); South Dakota (SD); West Virginia (WV); Guam (GU); Puerto Rico (PR); US Virgin Islands (VI),,,🔴 No,,,,,,,,,,,,,,,,,,,,,,,,,🟢 Yes,"Declining market: reduce CLTV 5%. Florida non-warrantable condo / condotel: reduce CLTV 5%. Applicants with 1 credit score: max CLTV 65%. Rural / unique property: max CLTV 75% purchase, 70% R&T, 65% cash-out (max loan $750,000, min FICO 680). Non-warrantable condo: max CLTV 80% purchase, 75% R&T and cash-out. Condotel: max CLTV 75% purchase, 70% R&T, 65% cash-out.
",,https://www.realtpo.com/loan-programs/bank-statement/,,https://logos.mtg.broker/lender-matrices/recQ5tqNegBrhtqGK.pdf?v=attohbOdSV66Njhol,,source_extracted_not_human_verified
Real TPO,"MAMBA Alt-doc | P&L, 1099 & Asset Depletion",asset_depletion; pnl_only,"P&L (Profit and Loss) Statement, 1099 Only, Asset Depletion | Utilization, ATR-In-Full (No Income)",recwQhHwda4xjP70o,2025-11-03,2026-08-04,,4000000,600,,,,,,,80,80,80,80,,,80,80,80,20,85,80,Primary; 2nd Home,1 Unit (SFR); PUD; Townhome; Condo (Warrantable); Condo (Non-Warrantable); Condotel; 2 Units; 3-4 Units; Rural,1 Unit (SFR); PUD; Townhome; Condo (Warrantable); Condo (Non-Warrantable); Condotel; 2 Units; 3-4 Units; Rural,,Purchase; Refi (Rate Term); Refi (Cash Out),,Alaska (AK); Iowa (IA); Massachusetts (MA); Mississippi (MS); New York (NY); North Dakota (ND); Rhode Island (RI); South Dakota (SD); West Virginia (WV); Guam (GU); Puerto Rico (PR); US Virgin Islands (VI),,,🔴 No,,,,,,,,,,,,False,confirms_tax_filing_only,,,,,,,,,,,,🟢 Yes,"Profit & Loss (P&L): max 80% LTV purchase, 75% rate & term and cash-out, min FICO 660. ATR-in-Full / Asset Depletion: max 80% CLTV purchase, 75% CLTV rate & term and cash-out. Declining market: reduce CLTV 5%. Florida non-warrantable condo / condotel: reduce CLTV 5%. Applicants with 1 credit score: max CLTV 65%.
",,https://www.realtpo.com/loan-programs/profit-loss/,,https://logos.mtg.broker/lender-matrices/recwQhHwda4xjP70o.pdf?v=attpgtzgjShieslXT,,source_extracted_not_human_verified
Real TPO,MAMBA DSCR,dscr,Debt Service Coverage Ratio (DSCR),rectSuZbnJpsrMrY1,2025-07-15,2026-08-04,,3000000,600,,,,,,,85,80,75,85,,,80,85,85,15,85,80,Investment,1 Unit (SFR); PUD; Townhome; Condo (Warrantable); Condo (Non-Warrantable); Condotel; 2 Units; 3-4 Units; Manufactured Homes; Rural,1 Unit (SFR); PUD; Townhome; Condo (Warrantable); Condo (Non-Warrantable); Condotel; 2 Units; 3-4 Units; Manufactured Homes; Rural,,Purchase; Refi (Rate Term); Refi (Cash Out),,Alaska (AK); North Dakota (ND); South Dakota (SD),,,"🟡 Yes, with FICO",,,,,,,,,,,,,,,,,,,,,,,,,🟢 Yes,"LTV above 80% requires min DSCR 1.20 and 6 months PITIA reserves, and is limited to SFR, warrantable condos outside Florida, townhome and PUD. DSCR below 1.00: max CLTV 75% purchase, 65% R&T, 65% cash-out, min FICO 640. Foreign national: max CLTV 70% purchase, 65% R&T and cash-out (price at 700 FICO). Short-term rental: max CLTV 75% purchase, 70% R&T and cash-out, min FICO 640. Manufactured home: max CLTV 65% purchase, 60% R&T and cash-out. Non-warrantable condo: 80% / 75%. Condotel: 75% / 70% / 65%. Florida non-warrantable condo and condotel: reduce a further 5%. Rural / unique property: 75% / 70% / 65%, max loan $750,000, min FICO 680. Declining market: reduce CLTV 5%. Applicants with 1 credit score: max CLTV 65%.

DSCR under 1.00 has its own FICO floor: the matrix sets Minimum FICO 640 for the sub-1.00 path, so a 600-639 borrower must carry a DSCR of 1.00 or better to use the grid at all. At LTV above 80% the minimum DSCR rises to 1.20 with 6 months PITIA reserves, and eligibility narrows to SFR, warrantable condos outside Florida, townhome and PUD. Loans over $2,000,000 must have a DSCR of 1.1 or greater.
",,https://www.realtpo.com/loan-programs/dscr/,,https://logos.mtg.broker/lender-matrices/rectSuZbnJpsrMrY1.pdf?v=attRa6e18ywqjCNGG,,source_extracted_not_human_verified
Real TPO,"MAMBA NOO Alt-doc | Bank Statement, 1099, P&L & WVOE",bank_statement; pnl_only,"Bank Statements Loans, 1099 Only, P&L (Profit and Loss) Statement, WVOE Only",recJfoW26KYzJheR0,2025-11-03,2026-08-04,,3000000,600,,,,,,,80,80,75,80,,,80,80,80,20,85,80,Investment,1 Unit (SFR); PUD; Townhome; Condo (Warrantable); Condo (Non-Warrantable); Condotel; 2 Units; 3-4 Units; Rural,1 Unit (SFR); PUD; Townhome; Condo (Warrantable); Condo (Non-Warrantable); Condotel; 2 Units; 3-4 Units; Rural,,Purchase; Refi (Rate Term); Refi (Cash Out),,Alaska (AK); Iowa (IA); Massachusetts (MA); Mississippi (MS); New York (NY); North Dakota (ND); Rhode Island (RI); South Dakota (SD); West Virginia (WV); Guam (GU); Puerto Rico (PR); US Virgin Islands (VI),,,🔴 No,,,,,,,,,,,,False,confirms_tax_filing_only,,,,,,,,,,,,🟢 Yes,"Declining market: reduce CLTV 5%. Short-term rental: max CLTV 75% purchase, 70% R&T and cash-out, min FICO 640. Rural / unique property: max CLTV 75% purchase, 70% R&T, 65% cash-out, max loan $750,000, min FICO 680. Non-warrantable condo: max CLTV 80% purchase, 75% R&T and cash-out. Condotel: 75% / 70% / 65%. Florida non-warrantable condo and condotel: reduce CLTV a further 5%. Applicants with 1 credit score: max CLTV 65%.
",,https://www.realtpo.com/loan-programs/bank-statement/,,https://logos.mtg.broker/lender-matrices/recJfoW26KYzJheR0.pdf?v=attaPb3k630XRHipE,,source_extracted_not_human_verified
Real TPO,MAMBA | ITIN,itin,ITIN,reco532macJa3xYPb,2025-11-03,2026-08-04,,1000000,640,,,,,,,75,70,70,75,,,,75,75,25,85,80,Primary; 2nd Home; Investment,1 Unit (SFR); PUD; Townhome; Condo (Warrantable); Condo (Non-Warrantable); 2 Units; 3-4 Units,1 Unit (SFR); PUD; Townhome; Condo (Warrantable); Condo (Non-Warrantable); 2 Units; 3-4 Units,,Purchase; Refi (Rate Term); Refi (Cash Out),,Alaska (AK); Iowa (IA); Massachusetts (MA); Mississippi (MS); New York (NY); North Dakota (ND); Rhode Island (RI); South Dakota (SD); West Virginia (WV); Guam (GU); Puerto Rico (PR); US Virgin Islands (VI),,,🔴 No,,,,,,,,,,,,,,,,,,,,,,,,,🟢 Yes,"ITIN CLTV caps by FICO (matrix verbatim): FICO ≥700 max 75% purchase / 70% rate & term and cash-out; FICO 660-699 max 70% purchase / 65% R&T and cash-out; FICO 640-659 max 65% purchase / 60% R&T and cash-out. On MAMBA DSCR the ITIN caps are 70%/65% (≥700), 65%/60% (660-699), 60%/60% (640-659).
",,https://www.realtpo.com/loan-programs/itin/,,https://logos.mtg.broker/lender-matrices/reco532macJa3xYPb.pdf?v=attC3RMucisLNTORW,,source_extracted_not_human_verified
Real TPO,"PANTHER Alt-doc | Full Doc, Bank Statement & 1099",bank_statement,"Non-QM Full Doc, Bank Statements Loans, 1099 Only",recp4BTbzsN1m89J9,2025-12-02,2026-08-04,,4000000,620,,,,,,,90,90,80,90,,,85,90,90,10,85,80,Primary; 2nd Home,1 Unit (SFR); PUD; Townhome; Condo (Warrantable); Condo (Non-Warrantable); Condotel; 2 Units; 3-4 Units; Modular; Rural,1 Unit (SFR); PUD; Townhome; Condo (Warrantable); Condo (Non-Warrantable); Condotel; 2 Units; 3-4 Units; Modular; Rural,,Purchase; Refi (Rate Term); Refi (Cash Out),,,,,,,,,,,,,,,,,,,,,,,,,,,,,,🟢 Yes,"Warrantable condo: 90% purchase / R&T, 80% cash-out. Non-warrantable condo: 85% / 80%. Condotel: 85% / 75%, max loan $2,500,000. 2-4 units: 85% / 80%. Modular: 90% / 80%. Rural: 80% / 75%. 2nd home: max 85% LTV. Housing history 0x60x12 reduce 5%; 0x90x12 reduce 20%. FC/SS/DIL 24 months reduce 5%, 12 months reduce 15%. Bankruptcy 24 or 12 months reduce 5%.
",,https://www.realtpo.com/loan-programs/full-doc/,,https://logos.mtg.broker/lender-matrices/recp4BTbzsN1m89J9.pdf?v=attVG2K6219rN6IyO,,source_extracted_not_human_verified
Real TPO,PANTHER Alt-doc | P&L Only,pnl_only,P&L (Profit and Loss) Statement,recE2XLh6CKScUMJK,2025-12-02,2026-08-04,,3000000,660,,,,,,,85,85,80,85,,,85,85,85,15,85,80,Primary; 2nd Home,1 Unit (SFR); PUD; Townhome; Condo (Warrantable); Condo (Non-Warrantable); Condotel; 2 Units; 3-4 Units; Modular; Rural,1 Unit (SFR); PUD; Townhome; Condo (Warrantable); Condo (Non-Warrantable); Condotel; 2 Units; 3-4 Units; Modular; Rural,,Purchase; Refi (Rate Term); Refi (Cash Out),,,,,,,,,,,,,,,,,False,confirms_tax_filing_only,,,,,,,,,,,,🟢 Yes,"P&L Only grid tops out at 85% purchase / R&T and 80% cash-out at 720+ FICO on loans up to $1,500,000, stepping down to 70% / 65% by $2.5M-$3M. No P&L grid above $3,000,000. Warrantable condo 90% / 80%; non-warrantable condo 85% / 80%; condotel 85% / 75% (max $2,500,000); 2-4 units 85% / 80%; rural 80% / 75%. 2nd home max 85% LTV.
",,https://www.realtpo.com/loan-programs/profit-loss/,,https://logos.mtg.broker/lender-matrices/recE2XLh6CKScUMJK.pdf?v=attakfurRJKOeF4jZ,,source_extracted_not_human_verified
Real TPO,PANTHER Alt-doc | WVOE & Asset Depletion,asset_depletion,"WVOE Only, Asset Depletion | Utilization",recx14DgbRr8ezO3G,2025-12-02,2026-08-04,,3000000,660,,,,,,,80,80,75,80,,,80,80,80,20,85,80,Primary; 2nd Home,1 Unit (SFR); PUD; Townhome; Condo (Warrantable); Condo (Non-Warrantable); 2 Units; 3-4 Units; Modular; Rural,1 Unit (SFR); PUD; Townhome; Condo (Warrantable); Condo (Non-Warrantable); 2 Units; 3-4 Units; Modular; Rural,,Purchase; Refi (Rate Term); Refi (Cash Out),,,,,,,,,,,,,,,,,,,,,,,,,,,,,,🟢 Yes,"WVOE / Asset Depletion grid tops out at 80% purchase / R&T and 75% cash-out at 720+ FICO on loans up to $1,500,000, stepping down to 70% / 65% by $1.5M-$3M. No WVOE / Asset Depletion grid above $3,000,000. Rural 80% / 75%. 2nd home max 85% LTV.
",,https://www.realtpo.com/loan-programs/wvoe/,,https://logos.mtg.broker/lender-matrices/recx14DgbRr8ezO3G.pdf?v=attZnAN0z8Pa04z16,,source_extracted_not_human_verified
Real TPO,PANTHER DSCR,dscr,Debt Service Coverage Ratio (DSCR),recqtfVgwkjqITBvz,2025-12-02,2026-08-04,,4000000,640,,,,,,,85,85,80,85,,,80,85,85,15,85,80,Investment,1 Unit (SFR); PUD; Townhome; Condo (Warrantable); Condo (Non-Warrantable); Condotel; 2 Units; 3-4 Units; Modular; Rural,1 Unit (SFR); PUD; Townhome; Condo (Warrantable); Condo (Non-Warrantable); Condotel; 2 Units; 3-4 Units; Modular; Rural,,Purchase; Refi (Rate Term); Refi (Cash Out),,,,,,,,,,,,,,,,,,,,,,,,,,,,,,🟢 Yes,"DSCR 1.00 or greater: the FICO x loan-amount grid governs with no ratio reduction. FICO 660-679 = 75% purchase / rate & term and 75% cash-out at or below $1,000,000; FICO 640-659 = 75% / 70%; no grid below 640.

DSCR 0.750 to 0.999: MINIMUM FICO 680, reduce LTV 5%, cash-out maximum 70% LTV. This tier is not available at all to a 660-679 borrower.

DSCR 0.000 to 0.749, by FICO (matrix verbatim): FICO 700 reduce LTV 5%, purchase max $3MM, R&T max $2MM, cash-out max $1MM up to 65% LTV and max $500K above 65% LTV. FICO 680 reduce LTV 10%, same loan-amount caps. FICO 660 reduce LTV 15%, purchase only, max $1MM, R&T and cash-out NOT allowed, interest-only NOT allowed (interest-only requires min FICO 680).

What that means at FICO 660-679: the only sub-1.00 path open is the 0.000-0.749 tier, so the loan is purchase only, with no rate & term, no cash-out and no interest-only, capped at a $1,000,000 loan amount. The matrix states the LTV cap two different ways, a 15% reduction off the grid (75% - 15% = 60%) and a standalone row reading ""DSCR FICO 660 - 679: Purchase only, Maximum 65% LTV, Maximum loan amount $1MM"". Take the lower of the two, 60%.

Property overlays: warrantable condo 85% purchase / rate & term and 80% cash-out; non-warrantable condo 80% / 75% (foreign national not allowed); condotel 75% / 70% with max loan $2,000,000 (foreign national not allowed); 2-4 units 80% / 75%; modular 80% / 75%; rural 80% / 75%. Interest-only maximum 80% LTV.

Credit overlays: housing history 0x60x12 reduce 5%, 0x90x12 not allowed. FC/SS/DIL at 24 months reduce 5%, at 12 months reduce 15%. Bankruptcy at 24 or 12 months reduce 5%.
",,https://www.realtpo.com/loan-programs/dscr/,,https://logos.mtg.broker/lender-matrices/recqtfVgwkjqITBvz.pdf?v=attl4XekqSNbDjkKG,,source_extracted_not_human_verified
Real TPO,PANTHER NOO Alt-doc | Asset Depletion,asset_depletion,Asset Depletion | Utilization,recAeLibY25hqu7OH,2025-12-02,2026-08-04,,3000000,660,,,,,,,75,75,70,75,,,75,75,75,25,85,80,Investment,1 Unit (SFR); PUD; Townhome; Condo (Warrantable); Condo (Non-Warrantable); 2 Units; 3-4 Units; Modular; Rural,1 Unit (SFR); PUD; Townhome; Condo (Warrantable); Condo (Non-Warrantable); 2 Units; 3-4 Units; Modular; Rural,,Purchase; Refi (Rate Term); Refi (Cash Out),,,,,,,,,,,,,,,,,,,,,,,,,,,,,,🟢 Yes,"Asset Depletion investment grid: 75% purchase / R&T and 70% cash-out at 720+ FICO up to $1,500,000, stepping down to 65% / 60% by $1.5M-$3M. No Asset Depletion grid above $3,000,000 and no grid below FICO 660.
",,https://www.realtpo.com/loan-programs/asset-utilization/,,https://logos.mtg.broker/lender-matrices/recAeLibY25hqu7OH.pdf?v=attGEp41xw5BmvfDZ,,source_extracted_not_human_verified
Real TPO,"PANTHER NOO Alt-doc | Full Doc, Bank Statement & 1099",bank_statement,"Non-QM Full Doc, Bank Statements Loans, 1099 Only",recaR6CtQX0rO4VAh,2025-12-02,2026-08-04,,3500000,660,,,,,,,85,85,80,85,,,80,85,85,15,85,80,Investment,1 Unit (SFR); PUD; Townhome; Condo (Warrantable); Condo (Non-Warrantable); Condotel; 2 Units; 3-4 Units; Modular; Rural,1 Unit (SFR); PUD; Townhome; Condo (Warrantable); Condo (Non-Warrantable); Condotel; 2 Units; 3-4 Units; Modular; Rural,,Purchase; Refi (Rate Term); Refi (Cash Out),,,,,,,,,,,,,,,,,,,,,,,,,,,,,,🟢 Yes,"Warrantable condo: 85% purchase / R&T, 80% cash-out. Non-warrantable condo: 80% / 75% (foreign national not allowed). Condotel: 75% / 70%, max loan $2,000,000 (foreign national not allowed). 2-4 units: 80% / 75%. Modular: 80% / 75%. Rural: 80% / 75%. Housing history 0x60x12 reduce 5%; 0x90x12 not allowed. FC/SS/DIL 24 months reduce 5%, 12 months reduce 15%. Bankruptcy 24 or 12 months reduce 5%.
",,https://www.realtpo.com/loan-programs/full-doc/,,https://logos.mtg.broker/lender-matrices/recaR6CtQX0rO4VAh.pdf?v=attcy1Lkj5Z1214ba,,source_extracted_not_human_verified
Real TPO,PANTHER NOO Alt-doc | P&L Only,pnl_only,P&L (Profit and Loss) Statement,recp3avxnn8jIZ0Lm,2025-12-02,2026-08-04,,3000000,660,,,,,,,80,80,75,80,,,80,80,80,20,85,80,Investment,1 Unit (SFR); PUD; Townhome; Condo (Warrantable); Condo (Non-Warrantable); 2 Units; 3-4 Units; Modular; Rural,1 Unit (SFR); PUD; Townhome; Condo (Warrantable); Condo (Non-Warrantable); 2 Units; 3-4 Units; Modular; Rural,,Purchase; Refi (Rate Term); Refi (Cash Out),,,,,,,,,,,,,,,,,False,confirms_tax_filing_only,,,,,,,,,,,,🟢 Yes,"P&L Only investment grid: 80% purchase / R&T and 75% cash-out at 720+ FICO up to $1,000,000, stepping down to 65% / 60% by $1.5M-$3M. No P&L grid above $3,000,000 and no P&L grid below FICO 660.
",,https://www.realtpo.com/loan-programs/profit-loss/,,https://logos.mtg.broker/lender-matrices/recp3avxnn8jIZ0Lm.pdf?v=att1SgiJfhJNq3GYi,,source_extracted_not_human_verified
Real TPO,TIGER Alt-doc | Asset Utilization,asset_depletion,Asset Depletion | Utilization,reccz4u9cuCD77Q2Q,2026-03-03,2026-08-04,100000,3500000,660,,,,,,,80,80,,80,,,80,80,80,20,85,80,Primary; 2nd Home; Investment,1 Unit (SFR); PUD; Townhome; Condo (Warrantable); Condo (Non-Warrantable); 2 Units; 3-4 Units; Rural,1 Unit (SFR); PUD; Townhome; Condo (Warrantable); Condo (Non-Warrantable); 2 Units; 3-4 Units; Rural,,Purchase; Refi (Rate Term),,New York (NY),,,🔴 No,,,,,,,,,,,,,,,,,,,,,,,,,🟢 Yes,"Asset Utilization is capped at 80% LTV and priced off the Full Doc matrix. Purchase and rate/term refinance only, cash-out not available. 2-4 units and non-warrantable condos max 80% LTV. Rural max 75% LTV purchase only. Declining markets reduce 5%.
",,https://www.realtpo.com/loan-programs/asset-utilization/,,https://logos.mtg.broker/lender-matrices/reccz4u9cuCD77Q2Q.pdf?v=att1gSsqnvvv20tEA,,source_extracted_not_human_verified
Real TPO,TIGER Alt-doc | Full Doc & Alt-Doc,bank_statement,"Non-QM Full Doc, Bank Statements Loans, 1099 Only",rec4yU2gtYuw13xzV,2026-03-03,2026-08-04,100000,3500000,660,,,,,,,90,90,80,90,,,80,90,90,10,85,80,Primary; 2nd Home; Investment,1 Unit (SFR); PUD; Townhome; Condo (Warrantable); Condo (Non-Warrantable); 2 Units; 3-4 Units; Rural,1 Unit (SFR); PUD; Townhome; Condo (Warrantable); Condo (Non-Warrantable); 2 Units; 3-4 Units; Rural,,Purchase; Refi (Rate Term); Refi (Cash Out),,New York (NY),,,🔴 No,,,,,,,,,,,,,,,,,,,,,,,,,🟢 Yes,"2-4 units and non-warrantable condos: max 80% LTV. Rural properties: max 75% LTV, purchase only. Declining markets: reduce max LTV 5%. Full Doc and Alternative Doc share the same grid; second home and investment occupancy price 5% below primary.
",,https://www.realtpo.com/loan-programs/full-doc/,,https://logos.mtg.broker/lender-matrices/rec4yU2gtYuw13xzV.pdf?v=attE8uFhVncH49DEO,,source_extracted_not_human_verified
Real TPO,TIGER Alt-doc | P&L Only,pnl_only,P&L (Profit and Loss) Statement,recHQF41bttfIkSRD,2026-03-03,2026-08-04,100000,3500000,660,,,,,,,80,70,70,80,,,80,80,80,20,85,80,Primary; 2nd Home; Investment,1 Unit (SFR); PUD; Townhome; Condo (Warrantable); Condo (Non-Warrantable); 2 Units; 3-4 Units; Rural,1 Unit (SFR); PUD; Townhome; Condo (Warrantable); Condo (Non-Warrantable); 2 Units; 3-4 Units; Rural,,Purchase; Refi (Rate Term); Refi (Cash Out),,New York (NY),,,🔴 No,,,,,,,,,,,,False,confirms_tax_filing_only,,,,,,,,,,,,🟢 Yes,"P&L Only with 2 months of bank statements: max 80% LTV purchase, 70% LTV refinance. P&L Only without 2 months of bank statements: max 70% LTV purchase, 60% LTV refinance, min FICO 720, max loan $2,000,000, no subordinate financing. 2-4 units and non-warrantable condos max 80% LTV. Rural max 75% LTV purchase only. Declining markets reduce 5%.
",,https://www.realtpo.com/loan-programs/profit-loss/,,https://logos.mtg.broker/lender-matrices/recHQF41bttfIkSRD.pdf?v=attSYOzYuk0qHjJtV,,source_extracted_not_human_verified
Real TPO,TIGER CES Alt-doc Plus | Full Doc,second_lien,"Closed-End Second Lien, 2nd CES Mortgage (Standalone), Non-QM Full Doc",rechWyo3IFT4nbp1p,2026-01-05,2026-08-04,50000,500000,680,,,,50,,,,,,90,,,,90,90,10,85,80,Primary; 2nd Home; Investment,1 Unit (SFR); PUD; Townhome; Condo (Warrantable); 2 Units; 3-4 Units,1 Unit (SFR); PUD; Townhome; Condo (Warrantable); 2 Units; 3-4 Units,,Equity Loan; Refi (Cash Out),,New York (NY),,,🔴 No,,,,,,,,,,,,,,,,,,,,,,,,,🔴 No,"Second home and investment occupancy caps at 75% CLTV (740/720 FICO), 70% (700-719) and 65% (680-699), versus 90% / 85% / 80% on a primary residence. Less than 6 months ownership seasoning on a primary residence: 10% CLTV reduction. Declining markets reduce 5%.
",,https://www.realtpo.com/loan-programs/closed-end-second/,,https://logos.mtg.broker/lender-matrices/rechWyo3IFT4nbp1p.pdf?v=attKLGvAXIpizwNgU,,source_extracted_not_human_verified
Real TPO,TIGER CES Alt-doc | Full Doc & Bank Statement,bank_statement; second_lien,"Closed-End Second Lien, 2nd CES Mortgage (Standalone), Bank Statements Loans",recwDhPF8tdRHPmwR,2026-01-05,2026-08-04,50000,1000000,660,,,,50,,,,,,90,,,,90,90,10,85,80,Primary; 2nd Home; Investment,1 Unit (SFR); PUD; Townhome; Condo (Warrantable); Condo (Non-Warrantable); 2 Units; 3-4 Units; Rural,1 Unit (SFR); PUD; Townhome; Condo (Warrantable); Condo (Non-Warrantable); 2 Units; 3-4 Units; Rural,,Equity Loan; Refi (Cash Out),,New York (NY),,,🔴 No,,,,,,,,,,,,,,,,,,,,,,,,,🟡 YES for Primary only. NO for 2nd and Investment,"Non-warrantable condos: max 75% CLTV. Rural overlays: max 70% CLTV with 720+ FICO, max 60% CLTV with 700+ FICO, primary only, max $500,000 loan amount, max 10 acres, SFR/PUD only, full appraisal required. Loan amounts over $750,000: primary occupancy only, SFR or PUD only, max 43% DTI, full doc or bank statements only, fully amortizing only. Less than 6 months ownership seasoning on a primary residence: 10% CLTV reduction. Declining markets reduce 5%. Interest-only: max 70% CLTV, FICO 700+, primary only.
",,https://www.realtpo.com/loan-programs/closed-end-second/,,https://logos.mtg.broker/lender-matrices/recwDhPF8tdRHPmwR.pdf?v=atttAbabPfghxJ6wv,,source_extracted_not_human_verified
Real TPO,TIGER CES Alt-doc | P&L Only,pnl_only; second_lien,"Closed-End Second Lien, 2nd CES Mortgage (Standalone), P&L (Profit and Loss) Statement",reci4X4PNsxB60BR9,2026-01-05,2026-08-04,50000,750000,660,,,,50,,,,,,80,,,,80,80,20,85,80,Primary; 2nd Home; Investment,1 Unit (SFR); PUD; Townhome; Condo (Warrantable); Condo (Non-Warrantable); 2 Units; 3-4 Units; Rural,1 Unit (SFR); PUD; Townhome; Condo (Warrantable); Condo (Non-Warrantable); 2 Units; 3-4 Units; Rural,,Equity Loan; Refi (Cash Out),,New York (NY),,,🔴 No,,,,,,,,,,,,False,confirms_tax_filing_only,,,,,,,,,,,,🟡 YES for Primary only. NO for 2nd and Investment,"Matrix verbatim: ""P&L Only: Reduce CLTV 5% / Maximum CLTV 80%; Primary/2nd Home Max Loan Amount $750,000; Investment Max Loan Amount $500,000."" Non-warrantable condos max 75% CLTV. Less than 6 months ownership seasoning on a primary residence: 10% CLTV reduction. Declining markets reduce 5%.
",,https://www.realtpo.com/loan-programs/closed-end-second/,,https://logos.mtg.broker/lender-matrices/reci4X4PNsxB60BR9.pdf?v=att6qhlL0KfNehZig,,source_extracted_not_human_verified
Real TPO,TIGER CES DSCR,dscr; second_lien,"Closed-End Second Lien, 2nd CES Mortgage (Standalone), Debt Service Coverage Ratio (DSCR)",recl4xtS4VmNMfJBm,2026-01-05,2026-08-04,75000,500000,680,,,,,,1,,,,80,,,,80,80,20,85,80,Investment,1 Unit (SFR); PUD; Townhome; 2 Units; 3-4 Units,1 Unit (SFR); PUD; Townhome; 2 Units; 3-4 Units,,Equity Loan; Refi (Cash Out),,,,,🔴 No,,,,,,,,,,,,,,,,,,,,,,,,,🔴 No,"2-4 units: reduce CLTV 5%. Declining markets: reduce 5%.
",,https://www.realtpo.com/loan-programs/closed-end-second/,,https://logos.mtg.broker/lender-matrices/recl4xtS4VmNMfJBm.pdf?v=attGMLqnc5ZLQJUob,,source_extracted_not_human_verified
Real TPO,TIGER DSCR,dscr,Debt Service Coverage Ratio (DSCR),reczIDQtGOoJwBSqb,2026-03-03,2026-08-04,100000,2500000,640,,,,,,0.75,80,80,80,80,,,80,80,80,20,85,80,Investment,1 Unit (SFR); PUD; Townhome; Condo (Warrantable); Condo (Non-Warrantable); 2 Units; 3-4 Units,1 Unit (SFR); PUD; Townhome; Condo (Warrantable); Condo (Non-Warrantable); 2 Units; 3-4 Units,,Purchase; Refi (Rate Term); Refi (Cash Out),,,,,🟢 Yes,,,,,,,,,,,,,,,,,,,,,,,,,🟡 Yes (Up to 10 Acres - 10% Leverage Reduction),"DSCR 1.00 or greater: the printed grid governs. $100,000-$1,500,000: FICO 720 = 80% purchase / rate & term and 80% cash-out; FICO 700 = 80% / 75%; FICO 680 = 75% / 75%; FICO 640 = 70% / 70%. $1,500,001-$2,000,000: FICO 700 = 80% / 75%; 680 = 75% / 75%; 660 = 65% / 65%. $2,000,001-$2,500,000: FICO 700 = 70% / 70%; 660 = 65% / 65%.

DSCR under 1.00: the matrix prints a SEPARATE grid, not a percentage haircut, and it carries its own FICO floors per loan tier. $100,000-$1,500,000: FICO 720 = 75% purchase / rate & term and 70% cash-out; FICO 700 = 75% / 65%; FICO 680 = 70% / 65%; FICO 640 NOT available. $1,500,001-$2,000,000: FICO 700 = 70% / 65%; 680 = 65% / 65%; 660 NOT available. $2,000,001-$2,500,000: FICO 700 = 60% / 60%; 660 NOT available. Minimum DSCR is 0.75, minimum loan amount rises to $200,000, no rural properties, and foreign nationals are not eligible on the sub-1.00 grid at all (foreign nationals require a minimum DSCR of 1.00).

Foreign national: 70% purchase / rate & term and 60% cash-out, max loan $1,500,000, minimum DSCR 1.00.

Property: non-warrantable condos max 75% CLTV. Rural max 65% LTV, purchase only, long-term rent only, DSCR above 1.00.

Short-term rental: Property Guard report required on all STR transactions, minimum DSCR 1.15, a 5% LTV reduction against the matrix with a 75% ceiling, and minimum FICO 720. No first-time investor, no 2+ unit, no rural and no unique properties. Refinance is eligible with a documented 12-month history of short-term rental income; purchase uses AirDNA for monthly rental income at a minimum 60% occupancy rate, qualifying on 80% of annual revenue divided by 12, and the borrower must document short-term rental operator experience in the last 12 months.

Other: unleased properties max 70% LTV on refinances, with no LTV reduction on purchases. Interest-only max 80% LTV with minimum DSCR 1.00. Declining markets reduce max LTV by 5%.
",,https://www.realtpo.com/loan-programs/dscr/,,https://logos.mtg.broker/lender-matrices/reczIDQtGOoJwBSqb.pdf?v=attYh3TywGDXYXv47,,source_extracted_not_human_verified
Real TPO,VIPER Alt-doc Plus | Bank Statement,bank_statement,Bank Statements Loans,receNDVxUqqERDtA2,2026-03-09,2026-08-04,150000,2500000,680,,,,45,,,80,80,80,80,,,,80,80,20,85,80,Primary; 2nd Home; Investment,1 Unit (SFR); PUD; Townhome; Condo (Warrantable),1 Unit (SFR); PUD; Townhome; Condo (Warrantable),,Purchase; Refi (Rate Term); Refi (Cash Out),,Puerto Rico (PR); Guam (GU); US Virgin Islands (VI),,,,,,,,,,,,,,,,,,,,,,,,,,,,🔴 No,"Condominiums: max 80% LTV/CLTV. Rural: max 80% purchase / 75% refinance (but rural is listed as not eligible under property type). Declining market: max LTV/CLTV limited to 75% on rate/term and cash-out. Second home and investment cap at 75% purchase / 70% R&T and cash-out versus 80% / 80% / 80% on primary. Housing history 0x30x12 required.
",,https://www.realtpo.com/loan-programs/bank-statement/,,https://logos.mtg.broker/lender-matrices/receNDVxUqqERDtA2.pdf?v=attOx6LO4jBXvjD1E,,source_extracted_not_human_verified
Real TPO,VIPER Alt-doc | Bank Statement & 1099,bank_statement,"Bank Statements Loans, 1099 Only",recdImlOG40XUFTs8,2026-03-09,2026-08-04,,4000000,620,,,,,,,90,85,80,90,,,,90,90,10,85,80,Primary; 2nd Home; Investment,1 Unit (SFR); PUD; Townhome; Condo (Warrantable); Condo (Non-Warrantable); 2 Units; 3-4 Units,1 Unit (SFR); PUD; Townhome; Condo (Warrantable); Condo (Non-Warrantable); 2 Units; 3-4 Units,,Purchase; Refi (Rate Term); Refi (Cash Out),,,,,,,,,,,,,,,,,,,,,,,,,,,,,,Not Stated - Confirm with lender,"Second home and investment occupancy tops out at 85% purchase / 80% R&T / 75% cash-out versus 90% / 85% / 80% on a primary residence. Grid steps down by loan-amount tier from $1M through $4M.
",,https://www.realtpo.com/loan-programs/bank-statement/,,https://logos.mtg.broker/lender-matrices/recdImlOG40XUFTs8.pdf?v=att0FhMEaTKKLeegT,,source_extracted_not_human_verified
Real TPO,"VIPER Alt-doc | P&L, WVOE & Asset Utilization",asset_depletion; pnl_only,"P&L (Profit and Loss) Statement, WVOE Only, Asset Depletion | Utilization",recfXHwq86CjKRITJ,2026-03-09,2026-08-04,,3000000,680,,,,,,,80,75,70,80,,,,80,80,20,85,80,Primary; 2nd Home; Investment,1 Unit (SFR); PUD; Townhome; Condo (Warrantable); Condo (Non-Warrantable); 2 Units; 3-4 Units,1 Unit (SFR); PUD; Townhome; Condo (Warrantable); Condo (Non-Warrantable); 2 Units; 3-4 Units,,Purchase; Refi (Rate Term); Refi (Cash Out),,,,,,,,,,,,,,,,,False,confirms_tax_filing_only,,,,,,,,,,,,Not Stated - Confirm with lender,"The P&L / WVOE / Asset Utilization column is capped at 80% purchase, 75% rate & term and 70% cash-out and drops to N/A above roughly $2.5M-$3M and below FICO 660 in the higher loan tiers. Second home and investment mirror primary on this column.
",,https://www.realtpo.com/loan-programs/wvoe/,,https://logos.mtg.broker/lender-matrices/recfXHwq86CjKRITJ.pdf?v=att4LyLYUcad72TK9,,source_extracted_not_human_verified
Real TPO,VIPER DSCR,dscr,Debt Service Coverage Ratio (DSCR),recBFx8Ov6mz5CAnd,2026-03-09,2026-08-04,100000,3500000,640,,,,,,,80,75,75,80,,,75,80,80,20,85,80,Investment,1 Unit (SFR); PUD; Townhome; Condo (Warrantable); Condo (Non-Warrantable); Condotel; 2 Units; 3-4 Units; Rural,1 Unit (SFR); PUD; Townhome; Condo (Warrantable); Condo (Non-Warrantable); Condotel; 2 Units; 3-4 Units; Rural,,Purchase; Refi (Rate Term); Refi (Cash Out),,,,,,,,,,,,,,,,,,,,,,,,,,,,,,🟢 Yes,"DSCR 1.00 or greater: the printed grid governs. Tops at 80% purchase / 75% rate & term and 75% cash-out (FICO 700+, at or below $1,500,000), stepping down to 70% / 65% by $2M-$3M. FICO 660-699 tops at 75% / 75% / 70%; FICO 640-659 tops at 75% / 70% with cash-out not available. No grid below 640.

DSCR under 1.00: the matrix prints a SEPARATE grid, it is not a percentage haircut. FICO 700+ tops at 75% purchase / 70% rate & term and 70% cash-out. FICO 680-699 drops to 70% purchase / 65% rate & term with CASH-OUT NOT AVAILABLE at any loan size. FICO 660-679 is 65% PURCHASE ONLY at or below $1,000,000, with no rate & term and no cash-out. Below FICO 660 a sub-1.00 DSCR is not available at all.

Property: 2-4 units and condominiums max 75% purchase / 70% refinance. Condotel max 75% purchase / 65% refinance, max loan $1,500,000. Rural max 75% purchase / 70% refinance.

Transaction and borrower overlays: vacant refinance LTV is the LESSER of 70% or the grid. Short-term rental on all transactions is the LESSER of 75% purchase / 70% refinance or the grid, and excludes condotels. Loan amounts under $150,000 are max 70% purchase / 65% refinance and require a minimum DSCR of 1.25. Non-permanent residents max 75% LTV/CLTV. Interest-only requires min FICO 680 and is max 75% purchase / 75% rate & term / 70% cash-out, with a 40-year ARM term eligible.

Credit overlays: housing history 1x30x12 no reduction, 0x60x12 max 70% purchase / 65% rate & term and cash-out. BK/FC/SS/DIL/pre-foreclosure/mortgage charge-off at 36 months no reduction, at 24 months max 75% purchase / 70% rate & term and cash-out. Forbearance, modification or deferral must be more than 12 months old.

Geographic: CT, FL, IL, NJ and NY are limited to 75% purchase and 70% rate & term and cash-out with a $2,000,000 max loan. IL and NY do not allow 2-4 units. Declining market limits to 75% purchase / 70% rate & term and cash-out with a $2,000,000 max loan.
",,https://www.realtpo.com/loan-programs/dscr/,,https://logos.mtg.broker/lender-matrices/recBFx8Ov6mz5CAnd.pdf?v=attLux54TVY5cBbdF,,source_extracted_not_human_verified
REMN Wholesale,ACCESS Investor Cash Flow - DSCR,dscr,Debt Service Coverage Ratio (DSCR),recQ8bQeC5YJ4dUvu,2026-05-04,2026-08-01,125000,3000000,620,,,620,,,,80,80,75,,,,80,80,80,20,85,80,Investment,1 Unit (SFR); 2 Units; 3-4 Units; PUD; Condo (Warrantable); Condo (Non-Warrantable); Condotel,1 Unit (SFR); 2 Units; 3-4 Units; PUD; Condo (Warrantable); Condo (Non-Warrantable); Condotel,,Purchase,,,,,🟢 Yes,,,,,,,,,,,,,,,,,,,,,,🔴 No,🔴 No,🟢 Yes,🔴 No,"Condotel:
- Purchase and Rate/Term Refi: Max 75% LTV
- Cash-Out: Max 65% LTV

",,https://www.remnwholesale.com/available_products/access/#:~:text=Quick%20Guide%20%2D%20Investor%20Cash%20Flow,https://www.remnwholesale.com/available_products/access/#:~:text=Quick%20Guide%20%2D%20Investor%20Cash%20Flow,https://logos.mtg.broker/lender-matrices/recQ8bQeC5YJ4dUvu.pdf?v=attt9tSLOCTJ1qT42,https://logos.mtg.broker/lender-guidelines/recQ8bQeC5YJ4dUvu.pdf?v=attR1UCu0g4QkCU1L,source_extracted_not_human_verified
REMN Wholesale,Access NonQM | Bank Statement,bank_statement,Bank Statements Loans,recjVgj3CsuOuBb2D,2026-05-04,2026-08-01,125000,3000000,620,620,620,620,50,,,90,90,80,,85,80,85,90,90,10,85,80,Primary; Investment; 2nd Home,1 Unit (SFR); Condotel; Condo (Warrantable); 2 Units; 3-4 Units; PUD; Townhome; Condo (Non-Warrantable); SFR + 1ADU; Rural,1 Unit (SFR); Condotel; Condo (Warrantable); 2 Units; 3-4 Units; PUD; Townhome; Condo (Non-Warrantable); SFR + 1ADU; Rural,,Purchase; Refi (Cash Out); Refi (Rate Term),,,,🟢 Yes,,12,12 Month Business; 12 Month Personal; 24 Month Business; 24 Month Personal,Business; Personal,,,,,,,,,,,,,,,,,,,🟡 Yes. With Restrictions (See Matrix),,🟢 Yes,🟢 Yes,,,https://www.remnwholesale.com/available_products/access/#:~:text=Quick%20Guide%20%2D%20Bank%20Statement,,https://logos.mtg.broker/lender-matrices/recjVgj3CsuOuBb2D.pdf?v=atttnNTQXKpwMyQWy,https://logos.mtg.broker/lender-guidelines/recjVgj3CsuOuBb2D.pdf?v=attnpUqGrlzbSrvWJ,source_extracted_not_human_verified
REMN Wholesale,Access | Asset Qualifier,asset_depletion,Asset Qualifier,rec1iIvFwLtg1TT5s,2026-05-04,2026-08-09,125000,3000000,660,,,,,,,80,80,,,,,,80,80,20,85,80,Primary; 2nd Home,1 Unit (SFR); 2 Units; 3-4 Units; PUD; Townhome; Condo (Warrantable); Condo (Non-Warrantable),1 Unit (SFR); 2 Units; 3-4 Units; PUD; Townhome; Condo (Warrantable); Condo (Non-Warrantable),,Purchase; Refi (Rate Term),,,,,,,,,,,,,,,,,,,,,,,,,,,🟢 Yes,🔴 No,🟢 Yes,🟢 Yes,,,https://www.remnwholesale.com/available_products/access/#:~:text=Quick%20Guide%20%2D%20Asset%20Qualifier,,https://logos.mtg.broker/lender-matrices/rec1iIvFwLtg1TT5s.pdf?v=attg55n9zdVEt1evH,https://logos.mtg.broker/lender-guidelines/rec1iIvFwLtg1TT5s.pdf?v=attmFiuXbtGVf0bDu,source_extracted_not_human_verified
REMN Wholesale,Access | ITIN,itin,ITIN,recvSuxFgiyHxkuMD,2026-05-04,2026-08-12,125000,1500000,680,,680,680,50,,,80,80,65,,,,,80,80,20,85,80,Primary; 2nd Home; Investment,1 Unit (SFR); 2 Units; 3-4 Units; PUD; Townhome; Condo (Warrantable); Condo (Non-Warrantable),1 Unit (SFR); 2 Units; 3-4 Units; PUD; Townhome; Condo (Warrantable); Condo (Non-Warrantable),,Purchase; Refi (Cash Out); Refi (Rate Term),,,,🟢 Yes,🔴 No,,,,,,,,,,,,,,,,,,,,,,,,🔴 No,,,,https://www.remnwholesale.com/available_products/access/#:~:text=Quick%20Guide%20%2D%20ITIN,,https://logos.mtg.broker/lender-matrices/recvSuxFgiyHxkuMD.pdf?v=att7KmTCZLx4Lhepj,https://logos.mtg.broker/lender-guidelines/recvSuxFgiyHxkuMD.pdf?v=attkbbTIoIzlmzxi4,source_extracted_not_human_verified
REMN Wholesale,DSCR Plus,dscr,Debt Service Coverage Ratio (DSCR),recAmOcw7e03sUv8P,2026-05-04,2026-08-01,125000,1500000,700,,,700,,,1,80,80,75,,,,80,80,80,20,85,80,Investment,1 Unit (SFR); 2 Units; 3-4 Units; PUD; Condo (Warrantable); Condo (Non-Warrantable),1 Unit (SFR); 2 Units; 3-4 Units; PUD; Condo (Warrantable); Condo (Non-Warrantable),,Purchase; Refi (Rate Term); Refi (Cash Out),,,,,🔴 No,,,,,,,,,,,,,,,,,,,,,,,,,,,,https://www.remnwholesale.com/available_products/dscr-plus/,,https://logos.mtg.broker/lender-matrices/recAmOcw7e03sUv8P.pdf?v=attbMSdKqi1m0KRxn,https://logos.mtg.broker/lender-guidelines/recAmOcw7e03sUv8P.pdf?v=atttsAKuNqZuFc55X,source_extracted_not_human_verified
REMN Wholesale,HELIX,heloc,HELOC (Standalone),recZKRI5n7CfphrWT,2026-07-24,2026-08-13,25000,750000,600,,,700,50,,,,,,80,70,70,,80,80,20,85,80,Primary; Investment; 2nd Home,1 Unit (SFR); 2 Units; 3-4 Units; Condo (Warrantable); PUD; Condo (Non-Warrantable); Modular,1 Unit (SFR); 2 Units; 3-4 Units; Condo (Warrantable); PUD; Condo (Non-Warrantable); Modular,,Equity Loan,,,,🔴 No,🔴 No,,,,,,,,,,,,,,,,,1st Lien; 2nd Lien,75% Initial Draw Required,"AVM waterfall for $10K-$500K (Clear Capital primary, Collateral Analytics/ICE secondary, FSD must be 20 or less; manual AVM review fallback). Full appraisal required for loans over $500,000.",,,,,,,,,https://www.remnwholesale.com/available_products/helix-heloc-program/,,https://logos.mtg.broker/lender-matrices/recZKRI5n7CfphrWT.pdf?v=atts73pGE9FGLGGLo,,source_extracted_not_human_verified
REMN Wholesale,P&L Only,pnl_only,P&L (Profit and Loss) Statement,rec6Z4SoCYmik0MKl,2026-05-04,2026-08-01,125000,3000000,660,,,,50,,,80,80,75,,,,,80,80,20,85,80,Primary; 2nd Home; Investment,1 Unit (SFR); Condotel,1 Unit (SFR); Condotel,,Purchase; Refi (Rate Term); Refi (Cash Out),,,,,,,,,,,,,,,,,False,confirms_tax_filing_only,,,,,,,,,🟢 Yes,,🟢 Yes,🟢 Yes,,,https://www.remnwholesale.com/available_products/access/#:~:text=Quick%20Guide%20%2D%20P%26L%20Statement%20Only,,https://logos.mtg.broker/lender-matrices/rec6Z4SoCYmik0MKl.pdf?v=att1FGc04KllvtWZx,https://logos.mtg.broker/lender-guidelines/rec6Z4SoCYmik0MKl.pdf?v=attnrt5JZ8At0p9Xr,source_extracted_not_human_verified
Renovation Finance LLC | RenoFi,ARV HELOC,heloc,HELOC (Standalone),recty9nYxXV43Uj2v,2026-05-01,2026-05-24,50000,750000,640,,,,43,45,,,,,95,90,,,95,90,10,85,80,Primary; 2nd Home,1 Unit (SFR); 2 Units; SFR + 1ADU; PUD; Condo (Warrantable); Townhome,1 Unit (SFR); 2 Units; SFR + 1ADU; PUD; Condo (Warrantable); Townhome,,Equity Loan,,,,,🔴 No,,,,,,,"
",,,,,,,,,,2nd Lien,,Full Appraisal Required,,,,,🔴 No,,"Declining market restrictions apply based on appraisal market percentage: 0% = 95%, <1% = 85%, >1%-5% = 80%, >5%-10% = 75%, >10% = 65%
","Max 90% ARV (95% available in select states: CT, ME, MA, NH, RI, VT). Max 125% current 'as is' value.
",https://partners.quorumfcu.org/renovation-heloc-rates,,https://logos.mtg.broker/lender-matrices/recty9nYxXV43Uj2v.pdf?v=attTOjLhvHoT8a6HW,,source_extracted_not_human_verified
Residential Capital Partners,Long-Term Rental (DSCR),dscr,Debt Service Coverage Ratio (DSCR),recPIy4ECczC9E6JL,,2026-08-14,,2000000,,,,,,,,80,80,75,,,,,80,80,20,85,80,Investment,1 Unit (SFR); 2 Units; 3-4 Units; Townhome; Condo (Warrantable),1 Unit (SFR); 2 Units; 3-4 Units; Townhome; Condo (Warrantable),,Purchase; Refi (Rate Term); Refi (Cash Out),,,,,,,,,,,,,,,,,,,,,,,,,,,,,,,,,No published matrix — asset-driven hard money lender (see Flyer | Info Page),,,,source_extracted_not_human_verified
RoundHouse Lending,Contender Non-QM | Asset Depletion,asset_depletion,Asset Depletion | Utilization,rec6wbBgIN8rMib4c,2026-04-27,2026-07-29,150000,3500000,660,,,,55,,,80,80,70,,,,,80,80,20,85,80,Primary; 2nd Home; Investment,1 Unit (SFR); 2 Units; 3-4 Units; Condo (Warrantable); Condo (Non-Warrantable); Condotel; PUD; Rural; Leaseholds,1 Unit (SFR); 2 Units; 3-4 Units; Condo (Warrantable); Condo (Non-Warrantable); Condotel; PUD; Rural,Excluded from requested residential scope: Leaseholds,Purchase; Refi (Cash Out); Refi (Rate Term),,,,,,,,,,,,,,,,,,,,,,,,,,,🟢 Yes,,,,,,https://www.roundhouselending.com/products,,https://logos.mtg.broker/lender-matrices/rec6wbBgIN8rMib4c.pdf?v=attvlLt3IqSJxgdLK,,source_extracted_not_human_verified
RoundHouse Lending,Contender Non-QM | Bank Statement,bank_statement,Bank Statements Loans,recX0HcAELaeACN3j,2026-04-27,2026-07-29,150000,3500000,660,,,,55,,,90,80,70,,,,,90,90,10,85,80,Primary; 2nd Home; Investment,1 Unit (SFR); 2 Units; 3-4 Units; Condo (Warrantable); Condo (Non-Warrantable); Condotel; PUD; Rural; Leaseholds,1 Unit (SFR); 2 Units; 3-4 Units; Condo (Warrantable); Condo (Non-Warrantable); Condotel; PUD; Rural,Excluded from requested residential scope: Leaseholds,Purchase; Refi (Cash Out); Refi (Rate Term),,,,,,,,,,,,,,,,,,,,,,,,,,,🟢 Yes,,,,,,https://www.roundhouselending.com/products,,https://logos.mtg.broker/lender-matrices/recX0HcAELaeACN3j.pdf?v=atttlfiezLXwmP50n,,source_extracted_not_human_verified
RoundHouse Lending,Contender Non-QM | P&L,pnl_only,P&L (Profit and Loss) Statement,rec6p9xT726qEqeG5,2026-04-27,2026-07-29,150000,3500000,660,,,,55,,,80,80,70,,,,,80,80,20,85,80,Primary; 2nd Home; Investment,1 Unit (SFR); 2 Units; 3-4 Units; Condo (Warrantable); Condo (Non-Warrantable); Condotel; PUD; Rural; Leaseholds,1 Unit (SFR); 2 Units; 3-4 Units; Condo (Warrantable); Condo (Non-Warrantable); Condotel; PUD; Rural,Excluded from requested residential scope: Leaseholds,Purchase; Refi (Cash Out); Refi (Rate Term),,,,,,,,,,,,,,,,,False,confirms_tax_filing_only,,,,,,,,,🟢 Yes,🟢 Yes,,,,,https://www.roundhouselending.com/products,,https://logos.mtg.broker/lender-matrices/rec6p9xT726qEqeG5.pdf?v=attu04MUTSLoKoplS,,source_extracted_not_human_verified
RoundHouse Lending,Explorer ITIN Non-QM | Asset Depletion,asset_depletion,Asset Depletion | Utilization,recYuC8Q6wTo6sWvp,2026-04-27,2026-08-10,150000,2000000,660,,,,45,,,75,75,70,,,,,75,75,25,85,80,Primary; 2nd Home; Investment,1 Unit (SFR); 2 Units; 3-4 Units; Condo (Warrantable); PUD; Leaseholds; Rural,1 Unit (SFR); 2 Units; 3-4 Units; Condo (Warrantable); PUD; Rural,Excluded from requested residential scope: Leaseholds,Purchase; Refi (Cash Out); Refi (Rate Term),,,,,,,,,,,,,,,,,,,,,,,,,,,🔴 No,,,,,,https://www.roundhouselending.com/products,,https://logos.mtg.broker/lender-matrices/recYuC8Q6wTo6sWvp.pdf?v=attZPNBAvn4K8vwb6,,source_extracted_not_human_verified
RoundHouse Lending,Explorer ITIN Non-QM | Bank Statement,bank_statement,Bank Statements Loans,recBU7FL2OWYX7YyW,2026-04-27,2026-08-10,150000,2000000,660,,,,50,,,80,80,80,,,,,80,80,20,85,80,Primary; 2nd Home; Investment,1 Unit (SFR); 2 Units; 3-4 Units; Condo (Warrantable); Condo (Non-Warrantable); Condotel; PUD; Rural; Leaseholds,1 Unit (SFR); 2 Units; 3-4 Units; Condo (Warrantable); Condo (Non-Warrantable); Condotel; PUD; Rural,Excluded from requested residential scope: Leaseholds,Purchase; Refi (Cash Out); Refi (Rate Term),,,,,,,,,,,,,,,,,,,,,,,,,,,🟢 Yes,,,,,,https://www.roundhouselending.com/products,,https://logos.mtg.broker/lender-matrices/recBU7FL2OWYX7YyW.pdf?v=attxoxHRyeEr3uPU0,,source_extracted_not_human_verified
RoundHouse Lending,Explorer ITIN Non-QM | P&L,pnl_only,P&L (Profit and Loss) Statement,recG5OtcIelfalRZg,2026-04-27,2026-08-12,150000,1000000,700,,,,50,,,70,70,70,,,,,70,70,30,85,80,Primary; 2nd Home; Investment,1 Unit (SFR); 2 Units; 3-4 Units; Condo (Warrantable); PUD; Leaseholds; Rural,1 Unit (SFR); 2 Units; 3-4 Units; Condo (Warrantable); PUD; Rural,Excluded from requested residential scope: Leaseholds,Purchase; Refi (Cash Out); Refi (Rate Term),,,,,,,,,,,,,,,,,False,confirms_tax_filing_only,,,,,,,,,🔴 No,🟢 Yes,,,,,https://www.roundhouselending.com/products,,https://logos.mtg.broker/lender-matrices/recG5OtcIelfalRZg.pdf?v=attVPWFaSLWYIVHnW,,source_extracted_not_human_verified
RoundHouse Lending,Trailblazer DSCR,dscr,Debt Service Coverage Ratio (DSCR),rec67mM1Q4AYM26BB,2026-04-27,2026-07-29,150000,3000000,660,660,660,660,,,,85,80,75,,,,85,85,85,15,85,80,Investment,1 Unit (SFR); 2 Units; 3-4 Units; Condo (Non-Warrantable); Condo (Warrantable); Condotel; Rural; PUD; Leaseholds,1 Unit (SFR); 2 Units; 3-4 Units; Condo (Non-Warrantable); Condo (Warrantable); Condotel; Rural; PUD,Excluded from requested residential scope: Leaseholds,Purchase; Refi (Cash Out); Refi (Rate Term),,,,🔴 No,🟢 Yes,,,,,,,,,,,,,,,30 Days,,,,,,,🟢 Yes,🟢 Yes,🟢 Yes,🟢 Yes,,,https://www.roundhouselending.com/products#:~:text=TrailBlazer%20DSCR,,https://logos.mtg.broker/lender-matrices/rec67mM1Q4AYM26BB.pdf?v=attpnQvSVZ9LJeptt,,source_extracted_not_human_verified
RoundHouse Lending,TrailBlazer Plus Non-QM | Asset Depletion,asset_depletion,Asset Depletion | Utilization,reco3dT0VVXnRFk6O,2026-04-27,2026-07-29,100000,3000000,660,,,,55,,,75,75,75,,,,,75,75,25,85,80,Investment,1 Unit (SFR); 2 Units; 3-4 Units; Condo (Warrantable); Condo (Non-Warrantable); Condotel; PUD; Manufactured Home (Double-Wide),1 Unit (SFR); 2 Units; 3-4 Units; Condo (Warrantable); Condo (Non-Warrantable); Condotel; PUD; Manufactured Home (Double-Wide),,Purchase; Refi (Cash Out); Refi (Rate Term),,,,,,,,,,,,,,,,,,,,,,,,,,,🟢 Yes,,,,,,https://www.roundhouselending.com/products,,https://logos.mtg.broker/lender-matrices/reco3dT0VVXnRFk6O.pdf?v=attUQvxyIQ9YueTyW,,source_extracted_not_human_verified
RoundHouse Lending,TrailBlazer Plus Non-QM | Bank Statement,bank_statement,Bank Statements Loans,recdXfWuFEw2wxOuG,2026-04-27,2026-07-29,100000,3000000,660,,,,55,,,80,80,80,,,,,80,80,20,85,80,Investment,1 Unit (SFR); 2 Units; 3-4 Units; Condo (Warrantable); Condo (Non-Warrantable); Condotel; PUD; Rural; Leaseholds,1 Unit (SFR); 2 Units; 3-4 Units; Condo (Warrantable); Condo (Non-Warrantable); Condotel; PUD; Rural,Excluded from requested residential scope: Leaseholds,Purchase; Refi (Cash Out); Refi (Rate Term),,,,,,,,,,,,,,,,,,,,,,,,,,,🟢 Yes,,,,,,https://www.roundhouselending.com/products,,https://logos.mtg.broker/lender-matrices/recdXfWuFEw2wxOuG.pdf?v=attpJGpgG8aVi61Bd,,source_extracted_not_human_verified
RoundHouse Lending,TrailBlazer Plus Non-QM | P&L,pnl_only,P&L (Profit and Loss) Statement,recXJMQHrJCD12OvX,2026-04-27,2026-07-29,100000,3000000,660,,,,55,,,80,80,80,,,,,80,80,20,85,80,Investment,1 Unit (SFR); 2 Units; 3-4 Units; Condo (Warrantable); Condo (Non-Warrantable); Condotel; PUD; Rural; Leaseholds,1 Unit (SFR); 2 Units; 3-4 Units; Condo (Warrantable); Condo (Non-Warrantable); Condotel; PUD; Rural,Excluded from requested residential scope: Leaseholds,Purchase; Refi (Cash Out); Refi (Rate Term),,,,,,,,,,,,,,,,,False,confirms_tax_filing_only,,,,,,,,,🟢 Yes,,,,,,https://www.roundhouselending.com/products,,https://logos.mtg.broker/lender-matrices/recXJMQHrJCD12OvX.pdf?v=attpHREFkCbVDEiW6,,source_extracted_not_human_verified
RoundHouse Lending,TrailBlazer Plus | DSCR,dscr,Debt Service Coverage Ratio (DSCR),recIIXhQ7TJ5E1vI8,2026-04-27,2026-07-29,100000,3000000,620,,,,,,,85,85,75,,,,80,85,85,15,85,80,Investment,1 Unit (SFR); 2 Units; 3-4 Units; Condo (Warrantable); Condo (Non-Warrantable); Condotel; PUD; Manufactured Home (Double-Wide); Rural,1 Unit (SFR); 2 Units; 3-4 Units; Condo (Warrantable); Condo (Non-Warrantable); Condotel; PUD; Manufactured Home (Double-Wide); Rural,,Purchase; Refi (Cash Out); Refi (Rate Term),,,,,,,,,,,,,,,,,,,,,,,,,,,🔴 No,🟢 Yes,,,,,https://www.roundhouselending.com/products,,https://logos.mtg.broker/lender-matrices/recIIXhQ7TJ5E1vI8.pdf?v=attIaETUIt2BBlCvV,,source_extracted_not_human_verified
RoundHouse Lending,WayFinder Non-QM | Asset Depletion,asset_depletion,Asset Depletion | Utilization,recWmxLWglKlcjCRK,2026-04-27,2026-07-29,150000,3500000,640,,,,55,,,80,80,80,,,,,80,80,20,85,80,Primary; 2nd Home; Investment,1 Unit (SFR); 2 Units; 3-4 Units; Condo (Warrantable); Condo (Non-Warrantable); Condotel; PUD; Rural; Leaseholds,1 Unit (SFR); 2 Units; 3-4 Units; Condo (Warrantable); Condo (Non-Warrantable); Condotel; PUD; Rural,Excluded from requested residential scope: Leaseholds,Purchase; Refi (Cash Out); Refi (Rate Term),,,,,,,,,,,,,,,,,,,,,,,,,,,🟢 Yes,,,,,,https://www.roundhouselending.com/products,,https://logos.mtg.broker/lender-matrices/recWmxLWglKlcjCRK.pdf?v=attGQ6yJrMhDPiXOw,,source_extracted_not_human_verified
RoundHouse Lending,WayFinder Non-QM | Bank Statement,bank_statement,Bank Statements Loans,recHl2tu5aUkGga8z,2026-04-27,2026-07-29,150000,3500000,640,,,,55,,,90,80,80,,,,,90,90,10,85,80,Primary; 2nd Home; Investment,1 Unit (SFR); 2 Units; 3-4 Units; Condo (Warrantable); Condo (Non-Warrantable); Condotel; PUD; Rural; Leaseholds,1 Unit (SFR); 2 Units; 3-4 Units; Condo (Warrantable); Condo (Non-Warrantable); Condotel; PUD; Rural,Excluded from requested residential scope: Leaseholds,Purchase; Refi (Cash Out); Refi (Rate Term),,,,,,,,,,,,,,,,,,,,,,,,,,,🟢 Yes,,,,,,https://www.roundhouselending.com/products,,https://logos.mtg.broker/lender-matrices/recHl2tu5aUkGga8z.pdf?v=attsi8WYF8W77GKOn,,source_extracted_not_human_verified
RoundHouse Lending,WayFinder Non-QM | P&L,pnl_only,P&L (Profit and Loss) Statement,recDaT98ZXDPBJwU3,2026-04-27,2026-07-29,150000,3500000,660,,,,55,,,85,80,75,,,,,85,85,15,85,80,Primary; 2nd Home; Investment,1 Unit (SFR); 2 Units; 3-4 Units; Condo (Warrantable); Condo (Non-Warrantable); Condotel; PUD; Rural; Leaseholds,1 Unit (SFR); 2 Units; 3-4 Units; Condo (Warrantable); Condo (Non-Warrantable); Condotel; PUD; Rural,Excluded from requested residential scope: Leaseholds,Purchase; Refi (Cash Out); Refi (Rate Term),,,,,,,,,,,,,,,,,False,confirms_tax_filing_only,,,,,,,,,🟢 Yes,,,,,,https://www.roundhouselending.com/products,,https://logos.mtg.broker/lender-matrices/recDaT98ZXDPBJwU3.pdf?v=attenMiLIL2jSlHF0,,source_extracted_not_human_verified
Sierra Pacific (by UHM),Platinum Bank Statement,bank_statement,Bank Statements Loans,rec3SBk8JFJD40VBS,2026-07-08,2026-08-18,100000,3000000,600,,,,50,,,90,90,85,,,,,90,90,10,85,80,Primary; 2nd Home; Investment,1 Unit (SFR); 2 Units; 3-4 Units; PUD; Townhome; Condo (Warrantable); Modular; Rural,1 Unit (SFR); 2 Units; 3-4 Units; PUD; Townhome; Condo (Warrantable); Modular; Rural,,Purchase; Refi (Rate Term); Refi (Cash Out),,,,,,,,,,,,,,,,,,,,,,,,,,,,,,,,,https://www.sierrapacificmortgage.com/shared/webdocs/oc/Wholesale%20UHM%20Platinum%20Alt%20Doc%20Product%20Summary%20-%20Express%20Loan.pdf,,https://logos.mtg.broker/lender-matrices/rec3SBk8JFJD40VBS.pdf?v=attv93aUdJbYxXbiC,https://logos.mtg.broker/lender-guidelines/rec3SBk8JFJD40VBS.pdf?v=attxZgDiPWD9PfD1h,source_extracted_not_human_verified
Sierra Pacific (by UHM),Platinum DSCR,dscr,Debt Service Coverage Ratio (DSCR),recd3lTGneEMLMLPf,2026-07-10,2026-08-08,50000,3000000,660,,680,660,,,1,80,80,75,80,,80,80,80,80,20,85,80,Investment,1 Unit (SFR); 2 Units; 3-4 Units; PUD; Townhome; Condo (Warrantable); Modular; Rural,1 Unit (SFR); 2 Units; 3-4 Units; PUD; Townhome; Condo (Warrantable); Modular; Rural,,Purchase; Refi (Cash Out); Refi (Rate Term),,,,,🔴 No,,,,,,,,,,,,,,,,,,,,,,🔴 No,🟡 Yes (With Restrictions. See Guidelines),🔴 No,🟢 Yes,"LTV varies by credit score: 660 FICO = 70% LTV; 680 FICO = 75% LTV; 700 FICO = 80% LTV for Purchase & Rate/Term. Cash-out: 680 FICO = 70% LTV; 700 FICO = 75% LTV
","Refer to matrix for maximum loan amount-to-LTV/credit score combinations
",https://www.sierrapacificmortgage.com/shared/webdocs/oc/Wholesale%20UHM%20Platinum%20DSCR%20Product%20Summary%20-%20Express%20Loan.pdf,,https://logos.mtg.broker/lender-matrices/recd3lTGneEMLMLPf.pdf?v=attnyYgbyWKYWgfHI,https://logos.mtg.broker/lender-guidelines/recd3lTGneEMLMLPf.pdf?v=attzRtj1ioM3bbH5v; https://v5.airtableusercontent.com/v3/u/56/56/1787371200000/4XBkLbYZ4IcvbsBEzWPcQQ/hBm7O_dqoEE4VY4jSA33yVu44mwtVvecWvYQMlDfIQ8O_9DSegUUhcLgZoTjJ5VN-H10OxV5pGJ4BnEVMjuWuOp4vmfXEqlitLqMUS6QPecxorXeugvF_cpSJ9cg3NqC9B2x9hWGuSh5E1QWC7pVqdTqWWxz3gN1VoyLwBeHfV2pHUKzubfQOeF_PUhwihgCMv_DCOW0O9NBIqhVOL7KLw/jg_-bKwtoUbXyE4xVrOHjymk0w6NGgZ4EA9fT0vMRoI,source_extracted_not_human_verified
Sierra Pacific (by UHM),Signature HELOC (via Figure),heloc,HELOC (Standalone),recPqs8AmyfdZ05q3,2026-05-13,2026-08-06,25000,750000,640,,,680,50,,,,,,80,70,70,,80,80,20,85,80,Primary; Investment; 2nd Home,1 Unit (SFR); 2 Units; 3-4 Units; Condo (Warrantable); Townhome; PUD,1 Unit (SFR); 2 Units; 3-4 Units; Condo (Warrantable); Townhome; PUD,,Equity Loan,,,,🔴 No,🔴 No,,,,,,,,,,,,,,,,,1st Lien; 2nd Lien; 3rd Lien,,,,,,,,,,"Max CLTV tops out at 80% on this program. There is no 85% or 90% tier.

**Owner occupied, 1 unit:** 80% CLTV at 740+ 1st lien to $400,000, 680-739 1st lien to $400,000, 740+ 2nd lien to $300,000, 700-739 to $250,000, 680-699 to $200,000, 680-739 to $150,000, and 660-679 to $125,000. 75% CLTV at 760+ to $750,000, 760+ 2nd lien to $400,000, 740-759 to $350,000, and 640-659 to $125,000. 70% CLTV in 3rd lien position (760+ to $150,000, 680-759 to $100,000).

**Non-owner occupied (second home and investment):** 70% CLTV throughout. 1st lien to $400,000 at 680+, 2nd lien to $250,000 at 760+, $225,000 at 720-759, $200,000 at 680-719.

**2-4 units:** DTI capped at 45%. Owner occupied 80% at 1st lien to $400,000, non-owner occupied 70%.

**Max DTI** is 50% on 1 unit and 45% on 2-4 units.

A CLTV above 70% and up to 80% requires a minimum loan amount of $110,000. Texas caps CLTV at 80% and is primary residence only. Maximum CLTV is also subject to the AVM FSD score.
",https://www.sierrapacificmortgage.com/net/spmwholesale/,,https://logos.mtg.broker/lender-matrices/recPqs8AmyfdZ05q3.pdf?v=attYoJd8ycBM4kJwM,,source_extracted_not_human_verified
Simple TPO powered by Supreme Lending,DSCR,dscr,Debt Service Coverage Ratio (DSCR),recqoF0dVar9U5gXt,2026-07-02,2026-08-05,100000,2500000,660,,,,,,,80,80,75,,,,80,80,80,20,85,80,Investment,1 Unit (SFR); 2 Units; 3-4 Units; PUD; Condo (Warrantable); Condo (Non-Warrantable),1 Unit (SFR); 2 Units; 3-4 Units; PUD; Condo (Warrantable); Condo (Non-Warrantable),,Purchase; Refi (Rate Term); Refi (Cash Out),,,,,🔴 No,,,,,,,,,,,,,,,,,,,,,,🔴 No,🟢 Yes,,🔴 No,,,https://simple-tpo.com/documents?category=guidelines,https://simple-tpo.com/documents?category=guidelines,https://logos.mtg.broker/lender-matrices/recqoF0dVar9U5gXt.pdf?v=attdZUmfitIAGA65V,,source_extracted_not_human_verified
Spring EQ,1st Lien DSCR,dscr,Debt Service Coverage Ratio (DSCR),recM5z4feexzCdXqe,2026-08-13,2026-08-18,100000,2500000,660,,,,,,0.75,80,80,75,,,,80,80,80,20,85,80,Investment,,,,Purchase; Refi (Cash Out); Refi (Rate Term),,Hawaii (HI); New York (NY),,,,,,,,,,,,,,,,,,,,,,,,,🔴 No,🟢 Yes,,,"Eligibility Matrix (Spring EQ DSCR guide, Release Date 7/29/2026). Single grid at DSCR >= 0.75x; max LTV no longer varies by DSCR tier.

FICO | Max Loan Amount | Rate-Term & Purchase | Cash-Out
• 740+: $2,500,000 | 80% | 75%
• 720-739: $2,500,000 | 80% | 75%
• 700-719: $1,500,000 | 80% | 75%
• 680-699: $1,500,000 | 75% | 70%
• 660-679: $1,500,000 | 70% | 65%

DSCR < 0.75x: not eligible.
",,https://wholesale.springeq.com/dscr,,https://logos.mtg.broker/lender-matrices/recM5z4feexzCdXqe.pdf?v=attW8NEqsUsf2PWwU,,source_extracted_not_human_verified
Spring EQ,Fixed Rate HELOC,heloc,HELOC (Standalone),recIOS3i9lkzvmpa3,2026-08-05,2026-08-14,25000,500000,640,,,680,50,,,,,,90,80,80,,90,90,10,85,80,Primary; Investment; 2nd Home,1 Unit (SFR); Condo (Warrantable); Modular; PUD,1 Unit (SFR); Condo (Warrantable); Modular; PUD,,Equity Loan,,,,,,,,,,,,,,,,,,,,,,1st Lien; 2nd Lien,"Greater of $25,000 or 75% of the total line amount",,🟢 Yes,,,,,,"See Matrix
","

",https://wholesale.springeq.com/ratesfeesguides,https://wholesale.springeq.com/ratesfeesguides,https://logos.mtg.broker/lender-matrices/recIOS3i9lkzvmpa3.pdf?v=attARPNTrIEekpGCf,,source_extracted_not_human_verified
Spring EQ,HELOAN,second_lien,HELOAN,recPrFoYdoMiDHPz4,2026-05-04,2026-05-31,25000,500000,640,,,,50,50,,,,,90,80,80,,90,90,10,85,80,Primary; Investment; 2nd Home,1 Unit (SFR); 2 Units (Owner-Occupied); PUD; Modular; Condo (Warrantable),1 Unit (SFR); 2 Units (Owner-Occupied); PUD; Modular; Condo (Warrantable),,Equity Loan,,,,,,,,,,,,,,,,,,,,,,,,AVM's and Drive-By Appraisals limited to valuations up to $400K,,,,,,,,,https://wholesale.springeq.com/ratesfeesguides,https://wholesale.springeq.com/ratesfeesguides,https://logos.mtg.broker/lender-matrices/recPrFoYdoMiDHPz4.pdf?v=attBc5Aztpsv7Y442,,source_extracted_not_human_verified
STG Mortgage,Constellation,dscr,Debt Service Coverage Ratio (DSCR),recpmwZzme9f15J5B,2026-07-29,2026-08-17,150000,2000000,680,,680,680,,,0.5,80,80,75,80,,80,80,80,80,20,85,80,Investment,1 Unit (SFR); Condo (Warrantable); Condo (Non-Warrantable); PUD; 2 Units; SFR + 1ADU; Log Homes; Leaseholds; 3-4 Units; Condotel,1 Unit (SFR); Condo (Warrantable); Condo (Non-Warrantable); PUD; 2 Units; SFR + 1ADU; 3-4 Units; Condotel,Excluded from requested residential scope: Log Homes; Leaseholds,Purchase; Refi (Rate Term); Refi (Cash Out),,,,🔴 No,🔴 No,,,,,,,,,,,,,,,90 Days,,,,,,,🔴 No,🟢 Yes,🟢 Yes,🔴 No,,,"https://stgmortgage.com/non-qm-constellation/#:~:text=CONSTELLATION%20SUMMARY-,DSCR%20MATRIX,-CONSTELLATION%20DSCR%20SUMMARY",,https://logos.mtg.broker/lender-matrices/recpmwZzme9f15J5B.pdf?v=att1oQwmKnchjN16T,,source_extracted_not_human_verified
STG Mortgage,Constellation | Asset Utilization,asset_depletion,Asset Depletion | Utilization,reclm1iZC1wMXOIhm,2026-07-16,2026-08-17,150000,2000000,700,,,,,,,80,80,,,,,,80,80,20,85,80,Primary; 2nd Home,1 Unit (SFR); Condo (Warrantable); Condo (Non-Warrantable); PUD; 2 Units; SFR + 1ADU; Log Homes; Leaseholds; 3-4 Units; Condotel,1 Unit (SFR); Condo (Warrantable); Condo (Non-Warrantable); PUD; 2 Units; SFR + 1ADU; 3-4 Units; Condotel,Excluded from requested residential scope: Log Homes; Leaseholds,Purchase; Refi (Rate Term),,,,🔴 No,🔴 No,,,,,,,,,,,,,,,,,,,,,,🟡 Yes. With Restrictions (See Matrix),🟢 Yes,🔴 No,🟡 Yes for Primary and 2nd Homes with LTV reduction. No for Investment properties.,,,https://stgmortgage.com/non-qm-constellation/#:~:text=ASSET%20UTILIZATION%20MATRIX,,https://logos.mtg.broker/lender-matrices/reclm1iZC1wMXOIhm.pdf?v=attOxWaQfz7P8XX7h,,source_extracted_not_human_verified
STG Mortgage,Constellation | Bank Statement,bank_statement,Bank Statements Loans,recqYL3iqCy3z3XjR,2026-07-16,2026-08-17,150000,3500000,680,,,,50,,,90,85,80,90,,,,90,90,10,85,80,Primary; 2nd Home; Investment,1 Unit (SFR); Condo (Warrantable); Condo (Non-Warrantable); PUD; 2 Units; SFR + 1ADU; Log Homes; Leaseholds; 3-4 Units; Condotel,1 Unit (SFR); Condo (Warrantable); Condo (Non-Warrantable); PUD; 2 Units; SFR + 1ADU; 3-4 Units; Condotel,Excluded from requested residential scope: Log Homes; Leaseholds,Purchase; Refi (Rate Term); Refi (Cash Out),,,,🔴 No,🔴 No,,12 Month Business; 12 Month Personal; 24 Month Business; 24 Month Personal,,,,,,,,,,,,,,,,,,,,🟡 Yes. With Restrictions (See Matrix),,🟢 Yes,🟡 Yes for Primary and 2nd Homes with LTV reduction. No for Investment properties.,,,https://stgmortgage.com/non-qm-constellation/#:~:text=BANK%20STATEMENT%20MATRIX,,https://logos.mtg.broker/lender-matrices/recqYL3iqCy3z3XjR.pdf?v=attmJU4R0XFF0Veky,,source_extracted_not_human_verified
STG Mortgage,Constellation | P&L,pnl_only,P&L (Profit and Loss) Statement,rec1Lt69fJWWXmtaH,2026-07-22,2026-08-17,150000,2000000,700,,,,50,,,75,75,,75,,,,75,75,25,85,80,Primary; 2nd Home,1 Unit (SFR); Condo (Warrantable); Condo (Non-Warrantable); PUD; 2 Units; SFR + 1ADU; Log Homes; Leaseholds; 3-4 Units; Condotel,1 Unit (SFR); Condo (Warrantable); Condo (Non-Warrantable); PUD; 2 Units; SFR + 1ADU; 3-4 Units; Condotel,Excluded from requested residential scope: Log Homes; Leaseholds,Purchase; Refi (Rate Term),,,,🔴 No,🔴 No,,,,,,,,,,,,False,confirms_tax_filing_only,,,,,,,,,🟡 Yes. With Restrictions (See Matrix),,🟢 Yes,🟡 Yes for Primary and 2nd Homes with LTV reduction. No for Investment properties.,,,https://stgmortgage.com/non-qm-constellation/#:~:text=P%26L%20MATRIX,,https://logos.mtg.broker/lender-matrices/rec1Lt69fJWWXmtaH.pdf?v=attsq4NTEbIUc0sHE,,source_extracted_not_human_verified
STG Mortgage,Non-QM STAR Foreign National | DSCR,dscr,Debt Service Coverage Ratio (DSCR),rect2Mc5UthWzAnTI,2026-07-27,2026-08-05,150000,1000000,,,,700,,,1,70,,,,,,,70,70,30,85,80,Investment,,,,Purchase; Refi (Rate Term); Refi (Cash Out),,,,🔴 No,🟢 Yes,,,,,,,,,,,,,,,,,,,,,,🔴 No,🟡 Yes (With Restrictions. See Guidelines),🔴 No,🔴 No,,,https://stgmortgage.com/non-qm-star/,,https://logos.mtg.broker/lender-matrices/rect2Mc5UthWzAnTI.pdf?v=attVWpCfbdrs7Simn,,source_extracted_not_human_verified
STG Mortgage,Non-QM Star Series 1 | Asset Utilization / Depletion,asset_depletion,Asset Depletion | Utilization,reckSPMbdpuQjY1u0,2026-07-27,2026-08-17,150000,3000000,640,,,,50,,,80,80,80,,,,,80,80,20,85,80,Primary; 2nd Home; Investment,,,,Purchase; Refi (Rate Term); Refi (Cash Out),,,,🔴 No,🔴 No,,,,,,,,,,,,,,,,,,,,,,,,,,,,https://stgmortgage.com/non-qm-star/,,https://logos.mtg.broker/lender-matrices/reckSPMbdpuQjY1u0.pdf?v=attcbEZXSf4xvgfAf,https://logos.mtg.broker/lender-guidelines/reckSPMbdpuQjY1u0.pdf?v=attT8fM1SeXtwumWA,source_extracted_not_human_verified
STG Mortgage,Non-QM Star | Bank Statement,bank_statement,Bank Statements Loans,receIVv53YF2l6wO4,2026-07-27,2026-08-17,150000,3000000,680,,,,50,,,80,,80,80,,,,80,80,20,85,80,Primary; Investment; 2nd Home,1 Unit (SFR); Condo (Warrantable); Condo (Non-Warrantable); Condotel; Leaseholds; Modular; PUD; SFR + 1ADU; 2 Units; 3-4 Units,1 Unit (SFR); Condo (Warrantable); Condo (Non-Warrantable); Condotel; Modular; PUD; SFR + 1ADU; 2 Units; 3-4 Units,Excluded from requested residential scope: Leaseholds,Purchase; Refi (Cash Out); Refi (Rate Term),,,,🔴 No,🔴 No,,12 Month Business; 12 Month Personal; 24 Month Business; 24 Month Personal,,,,,,,,,,,,,,,,,,,,🟢 Yes,,🟢 Yes,🟢 Yes,,,https://stgmortgage.com/non-qm-star/,,https://logos.mtg.broker/lender-matrices/receIVv53YF2l6wO4.pdf?v=attKHUvt1r3En7aLg; https://v5.airtableusercontent.com/v3/u/56/56/1787371200000/jeY6t7WBgW25oeQzGT-eLA/BTC7mE38MbmzxzMGVMk9JPEh308I_PkdbaxOUwygMjvBXpxLNNxRCxOIlP0OvyplIysPVCZl5cPPOycvI6C3ZWI-_vB4zUUmSo6ZSdgQVC24mpEHRWfnSw3AOMUmmVejNgxXPrL7D_WQA_fBm7qVCgFQ3Qfnb8li_WPo-tl6ahzh8Wi75XFXqwLu1x-QKBJW/-0qKuriQglJvB65PJmOigAu89_yBbcDmjzLtu9iOsHk,,source_extracted_not_human_verified
STG Mortgage,Non-QM Star | Star Series 1,dscr,Debt Service Coverage Ratio (DSCR),recDLkv8qdOD8WDWW,2026-07-27,2026-08-17,150000,3000000,700,,,700,,,0.8,80,80,75,80,,80,80,80,80,20,85,80,Investment,1 Unit (SFR); Condo (Warrantable); Condo (Non-Warrantable); Condotel; Leaseholds; Modular; PUD; SFR + 1ADU; 2 Units; 3-4 Units,1 Unit (SFR); Condo (Warrantable); Condo (Non-Warrantable); Condotel; Modular; PUD; SFR + 1ADU; 2 Units; 3-4 Units,Excluded from requested residential scope: Leaseholds,Purchase; Refi (Rate Term); Refi (Cash Out),,,,🔴 No,🔴 No,,,,,,,,,,,,,,,30 Days,,,,,,,🔴 No,🟢 Yes,🟢 Yes,🔴 No,,,"https://stgmortgage.com/non-qm-star/#:~:text=BANK%20STATEMENT%20MATRIX-,DSCR%20MATRIX,-FULL%20DOC%20MATRIX",,https://logos.mtg.broker/lender-matrices/recDLkv8qdOD8WDWW.pdf?v=att5bFEpxcoXxy3bO,,source_extracted_not_human_verified
STG Mortgage,P&L (Profit and Loss) Statement,pnl_only,P&L (Profit and Loss) Statement,rec6MJimd15aZ757I,2024-10-28,,,3500000,660,,,,50,,,80,,,,,,,80,80,20,85,80,Primary,1 Unit (SFR); Condo (Warrantable); Condotel,1 Unit (SFR); Condo (Warrantable); Condotel,,Purchase,,,,,,,,,,,,,,,,,False,confirms_tax_filing_only,,,,,,,,,,,,,,,"https://stgmortgage.com/non-qm-p-and-l/#:~:text=for%20more%20details.-,STAR%20P%26L%20MATRIX,-Contact%20Us",,https://logos.mtg.broker/lender-matrices/rec6MJimd15aZ757I.pdf?v=attBsbQFykKGiSX6D,,source_extracted_not_human_verified
STG Mortgage,Vertex,second_lien,2nd CES Mortgage (Standalone),recrz7GQLSHy1BL9w,2026-04-16,2026-08-05,75000,850000,680,,,680,50,,,,,,90,,80,,90,90,10,85,80,Primary; 2nd Home; Investment,,,,Equity Loan,,,,🔴 No,🔴 No,,,,,,,,,,,,,,,,,,,,,,🟡 Yes. With Restrictions (See Matrix),,,,,,"https://stgmortgage.com/vertex-2nd-liens/#:~:text=for%20more%20details.-,VERTEX%20MATRIX,-Contact%20Us",,https://logos.mtg.broker/lender-matrices/recrz7GQLSHy1BL9w.pdf?v=attqm1NIot3qX1DMc,,source_extracted_not_human_verified
SunWest Mortgage Company,1st Lien HELOC | Full Doc / Bank Statement,heloc,HELOC (Standalone),recBLpySihSHpw0sN,2026-01-23,2026-06-03,50000,3000000,680,,,,50,50,,75,,75,75,,70,,75,75,25,85,80,Primary; 2nd Home; Investment,1 Unit (SFR); 2 Units; 3-4 Units; PUD; Condo (Warrantable); Site Condo,1 Unit (SFR); 2 Units; 3-4 Units; PUD; Condo (Warrantable); Site Condo,,Purchase; Refi (Cash Out); Refi (Rate Term),Pennsylvania (PA); Wyoming (WY); Nebraska (NE); Vermont (VT); Maine (ME); Kentucky (KY); Florida (FL); Maryland (MD); Alaska (AK); Arkansas (AR); Montana (MT); California (CA); Oregon (OR); Illinois (IL); Georgia (GA); Iowa (IA); Wisconsin (WI); Idaho (ID); Massachusetts (MA); Nevada (NV); Delaware (DE); Ohio (OH); District of Columbia (DC); Louisiana (LA); Rhode Island (RI); Virginia (VA); New York (NY); Puerto Rico (PR); New Mexico (NM); US Virgin Islands (VI); West Virginia (WV); Minnesota (MN); North Carolina (NC); Missouri (MO); New Hampshire (NH); Mississippi (MS); Michigan (MI); Washington (WA); Colorado (CO); North Dakota (ND); Arizona (AZ); Tennessee (TN); South Dakota (SD); Utah (UT); South Carolina (SC); Indiana (IN); Kansas (KS); Hawaii (HI); Alabama (AL); New Jersey (NJ); Connecticut (CT); Oklahoma (OK),,,,,,,,,,,,,,,,,,,,,,,,,,🟢 Yes,,,,,,https://www.swmc.com/tpo/guidelines,,https://logos.mtg.broker/lender-matrices/recBLpySihSHpw0sN.pdf?v=attoVF1CzkadAr2Mz,,source_extracted_not_human_verified
SunWest Mortgage Company,HELOC DSCR | 1-4 Units,dscr; heloc,DSCR HELOC,recMGEjxZYA9movz8,2026-03-06,2026-06-03,50000,3000000,700,,,,,,,75,,75,75,,75,75,75,75,25,85,80,Investment,1 Unit (SFR); 2 Units; 3-4 Units; PUD; Condo (Warrantable); Site Condo,1 Unit (SFR); 2 Units; 3-4 Units; PUD; Condo (Warrantable); Site Condo,,Purchase; Refi (Cash Out),Pennsylvania (PA); Wyoming (WY); Nebraska (NE); Vermont (VT); Maine (ME); Kentucky (KY); Florida (FL); Maryland (MD); Alaska (AK); Arkansas (AR); Montana (MT); California (CA); Oregon (OR); Illinois (IL); Georgia (GA); Iowa (IA); Wisconsin (WI); Idaho (ID); Massachusetts (MA); Nevada (NV); Delaware (DE); Ohio (OH); District of Columbia (DC); Louisiana (LA); Rhode Island (RI); Virginia (VA); New York (NY); Puerto Rico (PR); New Mexico (NM); US Virgin Islands (VI); West Virginia (WV); Minnesota (MN); North Carolina (NC); Missouri (MO); New Hampshire (NH); Mississippi (MS); Michigan (MI); Washington (WA); Colorado (CO); North Dakota (ND); Arizona (AZ); Tennessee (TN); South Dakota (SD); Utah (UT); Texas (TX); South Carolina (SC); Indiana (IN); Kansas (KS); Hawaii (HI); Alabama (AL); New Jersey (NJ); Connecticut (CT); Oklahoma (OK),,,,,,,,,,,,,,,,,,,,,,,,,,🔴 No,🟢 Yes,,,,,https://www.swmc.com/tpo/guidelines,,https://logos.mtg.broker/lender-matrices/recMGEjxZYA9movz8.pdf?v=attb9dj9bBspTpmHu,,source_extracted_not_human_verified
SunWest Mortgage Company,HELOC DSCR | 5-8 Units,5_8_unit_dscr; dscr; heloc,DSCR HELOC,recZhh4MiiJZHoS6D,2026-03-09,2026-06-03,300000,2500000,700,,,,,,,75,70,65,75,,75,,75,75,25,85,80,Investment,Multi-Unit (5-8),Multi-Unit (5-8),,Purchase; Refi (Rate Term); Refi (Cash Out),Pennsylvania (PA); Wyoming (WY); Nebraska (NE); Vermont (VT); Maine (ME); Kentucky (KY); Florida (FL); Maryland (MD); Alaska (AK); Arkansas (AR); Montana (MT); California (CA); Oregon (OR); Illinois (IL); Georgia (GA); Iowa (IA); Wisconsin (WI); Idaho (ID); Massachusetts (MA); Nevada (NV); Delaware (DE); Ohio (OH); District of Columbia (DC); Louisiana (LA); Rhode Island (RI); Virginia (VA); New York (NY); Puerto Rico (PR); New Mexico (NM); West Virginia (WV); Minnesota (MN); North Carolina (NC); Missouri (MO); New Hampshire (NH); Mississippi (MS); Michigan (MI); Washington (WA); Colorado (CO); North Dakota (ND); Arizona (AZ); Tennessee (TN); South Dakota (SD); Utah (UT); Texas (TX); South Carolina (SC); Indiana (IN); Kansas (KS); Hawaii (HI); Alabama (AL); New Jersey (NJ); Connecticut (CT); Oklahoma (OK),,,,,,,,,,,,,,,,,,,,,,,,,,,,,,,,https://www.swmc.com/tpo/guidelines,,https://logos.mtg.broker/lender-matrices/recZhh4MiiJZHoS6D.pdf?v=attt6Fj0S0rNwBR8A,,source_extracted_not_human_verified
SunWest Mortgage Company,Prime HELOC | 2nd Lien,heloc,HELOC (Standalone),recOeBz1Fk3Exph9b,2026-05-27,2026-06-04,50000,500000,680,,,,50,,,,,85,85,,70,,85,85,15,85,80,Primary; 2nd Home; Investment,1 Unit (SFR); 2 Units; 3-4 Units; PUD; Condo (Warrantable),1 Unit (SFR); 2 Units; 3-4 Units; PUD; Condo (Warrantable),,Refi (Cash Out),Pennsylvania (PA); Wyoming (WY); Nebraska (NE); Vermont (VT); Maine (ME); Kentucky (KY); Florida (FL); Maryland (MD); Alaska (AK); Arkansas (AR); Montana (MT); California (CA); Oregon (OR); Illinois (IL); Georgia (GA); Iowa (IA); Wisconsin (WI); Idaho (ID); Massachusetts (MA); Nevada (NV); Delaware (DE); Ohio (OH); District of Columbia (DC); Louisiana (LA); Rhode Island (RI); Virginia (VA); New York (NY); New Mexico (NM); West Virginia (WV); Minnesota (MN); North Carolina (NC); Missouri (MO); New Hampshire (NH); Mississippi (MS); Michigan (MI); Washington (WA); Colorado (CO); North Dakota (ND); Arizona (AZ); Tennessee (TN); South Dakota (SD); Utah (UT); South Carolina (SC); Indiana (IN); Kansas (KS); Hawaii (HI); Alabama (AL); New Jersey (NJ); Connecticut (CT); Oklahoma (OK),,,,,,,,,,,,,,,,,,,,,,,,,,,,,,,,https://www.swmc.com/tpo/guidelines,,https://logos.mtg.broker/lender-matrices/recOeBz1Fk3Exph9b.pdf?v=attabAi2lNOfCLMJQ,,source_extracted_not_human_verified
Symmetry Lending,1st Lien HELOC,heloc,HELOC (Standalone),recNBzvQNhs46gzDl,2026-04-01,2026-06-10,50000,1000000,680,,,720,45,,,,,,80,70,70,,80,80,20,85,80,Primary; 2nd Home; Investment,1 Unit (SFR); 2 Units; 3-4 Units; Condo (Warrantable); PUD; Townhome,1 Unit (SFR); 2 Units; 3-4 Units; Condo (Warrantable); PUD; Townhome,,Equity Loan; Purchase; Refi (Cash Out); Refi (Rate Term),,,,,,,,,,,,,,,,,,,,,,1st Lien,,,,,,,,,,,https://symmetrylending.com/forms,https://symmetrylending.com/forms,https://logos.mtg.broker/lender-matrices/recNBzvQNhs46gzDl.pdf?v=attr6lQrAA9AuF1kH,,source_extracted_not_human_verified
Symmetry Lending,Piggyback HELOC,heloc,HELOC (2nd / Piggyback / SIMO),recJb29p5wTBJngzX,2026-04-01,2026-06-10,25000,1000000,680,,,720,45,,,,,,89.99,85,70,,89.99,89.99,10.010000000000005,85,80,Primary; 2nd Home; Investment,1 Unit (SFR); 2 Units; 3-4 Units; Condo (Warrantable); PUD; Townhome,1 Unit (SFR); 2 Units; 3-4 Units; Condo (Warrantable); PUD; Townhome,,Equity Loan,,,,,,,,,,,,,,,,,,,,,,2nd Lien,,,,,,,,,,,https://symmetrylending.com/forms,https://symmetrylending.com/forms,https://logos.mtg.broker/lender-matrices/recJb29p5wTBJngzX.pdf?v=attzw4mPCyVurmcoS,,source_extracted_not_human_verified
Symmetry Lending,Post-Close Piggyback HELOC,heloc,HELOC (Post-Close),recP9HyDcQh8eabzI,2026-04-01,2026-06-10,25000,1000000,680,,,720,45,,,,,,89.99,85,70,,89.99,89.99,10.010000000000005,85,80,Primary; 2nd Home; Investment,1 Unit (SFR); 2 Units; 3-4 Units; Condo (Warrantable); PUD; Townhome,1 Unit (SFR); 2 Units; 3-4 Units; Condo (Warrantable); PUD; Townhome,,Equity Loan,,,,,,,,,,,,,,,,,,,,,,2nd Lien,,,,,,,,,,,https://symmetrylending.com/forms,https://symmetrylending.com/forms,https://logos.mtg.broker/lender-matrices/recP9HyDcQh8eabzI.pdf?v=attmW3KZ92T6Qv5XH,,source_extracted_not_human_verified
Symmetry Lending,Standalone HELOC,heloc,HELOC (Standalone),rectTNpbs0C6aEjMd,2026-04-01,2026-06-10,50000,1000000,680,,,720,45,,,,,,89.99,80,70,,89.99,89.99,10.010000000000005,85,80,Primary; 2nd Home; Investment,1 Unit (SFR); 2 Units; 3-4 Units; Condo (Warrantable); PUD; Townhome,1 Unit (SFR); 2 Units; 3-4 Units; Condo (Warrantable); PUD; Townhome,,Equity Loan,,,,🔴 No,,,,,,,,,,,,,,,,,,2nd Lien,,,,,,,,,,,https://symmetrylending.com/forms,https://symmetrylending.com/forms,https://logos.mtg.broker/lender-matrices/rectTNpbs0C6aEjMd.pdf?v=attuxEx7ANGbpVOIz,https://logos.mtg.broker/lender-guidelines/rectTNpbs0C6aEjMd.pdf?v=attLaGGvPedPhZfDb,source_extracted_not_human_verified
The Loan Store (TLS),Flex Equity CES | Bank Statement,bank_statement,Bank Statements Loans,recOHPIXdxFjEnHmP,2026-07-31,2026-08-19,75000,750000,680,,,,50,,,,,,85,,80,,85,85,15,85,80,Primary; 2nd Home; Investment,1 Unit (SFR); 2 Units; 3-4 Units; PUD; Condo (Warrantable),1 Unit (SFR); 2 Units; 3-4 Units; PUD; Condo (Warrantable),,Equity Loan,,,,🔴 No,,,,,,,,,,,,,,,,30 Days,,,,,,,🔴 No,,🔴 No,,,,https://marketing.theloanstore.com/NQM-Flex-Equity-Income-CES-AAG,,https://logos.mtg.broker/lender-matrices/recOHPIXdxFjEnHmP.pdf?v=attywOR2fSVIm1ydd,,source_extracted_not_human_verified
The Loan Store (TLS),Flex NQM DSCR,dscr,Debt Service Coverage Ratio (DSCR),rec0lsta4zpVENbxk,2026-07-31,2026-08-19,100000,2000000,660,,,660,,,0.75,80,75,75,80,,,80,80,80,20,85,80,Investment,1 Unit (SFR); Condo (Warrantable); Condo (Non-Warrantable); Condotel; Rural,1 Unit (SFR); Condo (Warrantable); Condo (Non-Warrantable); Condotel; Rural,,Purchase; Refi (Rate Term); Refi (Cash Out),,,,🔴 No,🟢 Yes,,,,,,,,,,,,,,,,,,,,,,,🟢 Yes,🟢 Yes,🟢 Yes,,,https://marketing.theloanstore.com/Flex-NQM-DSCR-AAG,https://marketing.theloanstore.com/Flex_NQM_DSCR_Guidelines,https://logos.mtg.broker/lender-matrices/rec0lsta4zpVENbxk.pdf?v=att2c7G9n8pioVVG2,https://logos.mtg.broker/lender-guidelines/rec0lsta4zpVENbxk.pdf?v=attuBulVW4QqYTQYo,source_extracted_not_human_verified
The Loan Store (TLS),Flex NQM DSCR MAX,dscr,Debt Service Coverage Ratio (DSCR),rec9JcjcMNOvVRB7D,2026-04-29,2026-08-02,2000001,4500000,720,,,,,,1.25,65,60,60,,,,65,65,65,35,85,80,Investment,1 Unit (SFR); 2 Units; PUD; Condo (Warrantable); Condo (Non-Warrantable); Condotel; Rural,1 Unit (SFR); 2 Units; PUD; Condo (Warrantable); Condo (Non-Warrantable); Condotel; Rural,,Purchase; Refi (Cash Out); Refi (Rate Term),,,,🔴 No,🔴 No,,,,,,,,,,,,,,,,,,,,,,🔴 No,🔴 No,,,,,https://marketing.theloanstore.com/Flex-NQM-DSCR-Max-At-A-Glance,https://marketing.theloanstore.com/Flex_NQM_DSCR_Guidelines,https://logos.mtg.broker/lender-matrices/rec9JcjcMNOvVRB7D.pdf?v=attEplCDrIWaHUGpi,,source_extracted_not_human_verified
The Loan Store (TLS),Flex NQM Income MAX,bank_statement,Bank Statements Loans,receYZ4oCGTLp6A11,2026-04-29,2026-08-02,3000001,5000000,720,,,,43,,,65,65,65,,,,,65,65,35,85,80,Primary; Investment; 2nd Home,1 Unit (SFR); 2 Units; PUD; Condo (Warrantable); Condo (Non-Warrantable); Condotel; Rural,1 Unit (SFR); 2 Units; PUD; Condo (Warrantable); Condo (Non-Warrantable); Condotel; Rural,,Purchase; Refi (Cash Out); Refi (Rate Term),,,,🔴 No,🔴 No,,,,,,,,,,,,,,,,,,,,,,🔴 No,🔴 No,,,,,https://marketing.theloanstore.com/Flex-NQM-Income-Max-At-A-Glance,,https://logos.mtg.broker/lender-matrices/receYZ4oCGTLp6A11.pdf?v=att3vfp1zRSD6GClc,,source_extracted_not_human_verified
The Loan Store (TLS),Flex NQM Income | Asset Depletion,asset_depletion,Asset Depletion | Utilization,recQQFSHxYtyYmE7G,2026-08-14,2026-08-14,100000,3000000,660,,,660,55,,,80,80,80,90,85,85,80,90,90,10,85,80,Primary; Investment; 2nd Home,1 Unit (SFR); 2 Units; 3-4 Units; Condo (Warrantable); PUD; Condo (Non-Warrantable); Condotel; Rural,1 Unit (SFR); 2 Units; 3-4 Units; Condo (Warrantable); PUD; Condo (Non-Warrantable); Condotel; Rural,,Purchase; Refi (Rate Term),,,,🔴 No,,,,,,,,,,,,,,,,4 Months,"Asset depletion and asset utilization require **4 months of asset seasoning**, and the assets must be dated no more than **60 days before the note date** (eff. 7/31/2026, TLS External Memo 2026-059).

All account holders must be borrowers on the loan.
",,,,,,,,,,,,https://marketing.theloanstore.com/Flex-NQM-Income-AAG,https://theloanstore.encompasstpoconnect.com/#/content/guidelines_428765,https://logos.mtg.broker/lender-matrices/recQQFSHxYtyYmE7G.pdf?v=attbaeT9VRVYhuYxS,https://logos.mtg.broker/lender-guidelines/recQQFSHxYtyYmE7G.pdf?v=attjjdBH3xSBKsJXV,source_extracted_not_human_verified
The Loan Store (TLS),Flex NQM Income | Bank Statement Loan,bank_statement,Bank Statements Loans,recNsYnYXmDi1O4rV,2026-08-14,2026-08-14,100000,4000000,660,,,660,55,,,90,80,80,90,85,85,90,90,90,10,85,80,Primary; 2nd Home; Investment,1 Unit (SFR); 2 Units; 3-4 Units; Condo (Warrantable); Condo (Non-Warrantable); PUD; Condotel; Rural,1 Unit (SFR); 2 Units; 3-4 Units; Condo (Warrantable); Condo (Non-Warrantable); PUD; Condotel; Rural,,Purchase; Refi (Cash Out); Refi (Rate Term),,,,🔴 No,,12,12 Month Business; 12 Month Personal; 24 Month Business; 24 Month Personal,Business; Personal,,50,,,,,,,,,,,,,,,,,🟢 Yes,🟢 Yes,,🔴 No,"Declining markets: Require a 5% reduction in maximum LTV .
First-Time Investors: Apply a 5% LTV/CLTV reduction based on eligibility criteria
",,https://marketing.theloanstore.com/Flex-NQM-Income-AAG,"https://theloanstore.encompasstpoconnect.com/#/content/guidelines_428765:~:text=DSCR-,Flex%20Income,-DSCR",https://logos.mtg.broker/lender-matrices/recNsYnYXmDi1O4rV.pdf?v=attadRLKkpmNGoPar,,source_extracted_not_human_verified
The Loan Store (TLS),Flex NQM Income | Profit and Loss,pnl_only,P&L (Profit and Loss) Statement,recXwMBrlrcjmQwiS,2026-08-14,2026-08-19,100000,3000000,660,660,660,660,55,,,90,75,80,90,85,85,,90,90,10,85,80,Primary; 2nd Home; Investment,1 Unit (SFR); 2 Units; 3-4 Units; Condo (Warrantable); PUD; Condo (Non-Warrantable); Condotel; Rural,1 Unit (SFR); 2 Units; 3-4 Units; Condo (Warrantable); PUD; Condo (Non-Warrantable); Condotel; Rural,,Purchase; Refi (Rate Term); Refi (Cash Out),,,,🔴 No,,,,,,,,,,,,,False,confirms_tax_filing_only,,,,,,,,,🟢 Yes,,,,,,https://marketing.theloanstore.com/Flex-NQM-Income-AAG,,https://logos.mtg.broker/lender-matrices/recXwMBrlrcjmQwiS.pdf?v=attI0n263piFGnCh4,,source_extracted_not_human_verified
The Loan Store (TLS),HELOC (Standalone) - Texas,heloc,HELOC (Texas),rechtE69czi52BWgP,2025-03-19,,35000,400000,640,,,,50,,,,,,80,,,,80,80,20,85,80,Primary,1 Unit (SFR); 2 Units; Condo (Warrantable); PUD; Townhome,1 Unit (SFR); 2 Units; Condo (Warrantable); PUD; Townhome,,Equity Loan,Texas (TX),,,🔴 No,,,,,,,,,,,,,,,,,,1st Lien; 2nd Lien,,,Yes. Personal Loans and Credit Cards,90 Days,,,,,,,https://theloanstore.encompasstpoconnect.com/#/content/guidelines_428765:~:text=Texas%20HELOC%20At%2DA%2DGlance,,https://logos.mtg.broker/lender-matrices/rechtE69czi52BWgP.pdf?v=attV6LWcF7LSw3gWF,,source_extracted_not_human_verified
The Loan Store (TLS),Wealth Builder,heloc,Sweep-Account 1st Lien HELOC Mortgage,rec09qLRfndY3TAkV,2026-04-16,2026-07-08,150000,3500000,700,700,700,720,40,43,,90,90,80,,,75,,90,90,10,85,80,Primary; Investment; 2nd Home,1 Unit (SFR); 2 Units; 3-4 Units; Condo (Warrantable); Mixed-Use; Rural; Modular,1 Unit (SFR); 2 Units; 3-4 Units; Condo (Warrantable); Rural; Modular,Excluded from requested residential scope: Mixed-Use,Purchase; Refi (Cash Out); Refi (Rate Term),,,,🔴 No,,,,,,,,,,,,,,,,,,1st Lien,,,,,,,🟢 Yes,🟢 Yes,,,https://marketing.theloanstore.com/Wealth-Builder-Guidelines,,https://logos.mtg.broker/lender-matrices/rec09qLRfndY3TAkV.pdf?v=attUjDgCN0A6UWAh8,,source_extracted_not_human_verified
The Loan Store (TLS),Wholesale HELOC (via Aven),heloc,HELOC (Standalone),recI6LMsKYD9JQbeQ,2026-08-04,2026-08-04,5000,400000,620,,,,55,,,,,,89,,75,,89,89,11,85,80,Primary; 2nd Home; Investment,1 Unit (SFR); Condo (Warrantable); 2 Units; 3-4 Units; PUD; Townhome,1 Unit (SFR); Condo (Warrantable); 2 Units; 3-4 Units; PUD; Townhome,,Equity Loan,Alabama (AL); Alaska (AK); Arizona (AZ); Arkansas (AR); California (CA); Colorado (CO); Connecticut (CT); Delaware (DE); Florida (FL); Georgia (GA); Idaho (ID); Illinois (IL); Indiana (IN); Iowa (IA); Kansas (KS); Kentucky (KY); Louisiana (LA); Maine (ME); Maryland (MD); Michigan (MI); Minnesota (MN); Mississippi (MS); Montana (MT); Nebraska (NE); New Hampshire (NH); New Jersey (NJ); New Mexico (NM); North Carolina (NC); North Dakota (ND); Ohio (OH); Oklahoma (OK); Oregon (OR); Pennsylvania (PA); Rhode Island (RI); South Carolina (SC); South Dakota (SD); Tennessee (TN); Utah (UT); Vermont (VT); Virginia (VA); Washington (WA); West Virginia (WV); Wisconsin (WI); Wyoming (WY); Texas (TX),,,🔴 No,,,,,,,,,,,,,,,,,,1st Lien; 2nd Lien,,,🟢 Yes,,🟢 Yes,🟢 Yes,,,,,https://marketing.theloanstore.com/Aven-HELOC-At-A-Glance,https://theloanstore.encompasstpoconnect.com/#/content/avenheloc_599285,https://logos.mtg.broker/lender-matrices/recI6LMsKYD9JQbeQ.pdf?v=attc9vO3UCrPDhuAZ,https://logos.mtg.broker/lender-guidelines/recI6LMsKYD9JQbeQ.pdf?v=attlWGLVx45GngWDA,source_extracted_not_human_verified
TrustBridge Capital,HomeFlex (HELOC),heloc,HELOC (Standalone),recyFsqmJo65a1Fvr,,2026-08-14,,400000,,,,,,,,,,,,,,,,,,85,80,Primary; Investment,1 Unit (SFR); 2 Units; 3-4 Units; Townhome; Condo (Warrantable); PUD,1 Unit (SFR); 2 Units; 3-4 Units; Townhome; Condo (Warrantable); PUD,,Equity Loan,,New Hampshire (NH),"This product carries a NARROWER footprint than the lender. TrustBridge's legal disclosures exclude ND, SD and VT company-wide, but the HomeFlex page states availability in ""All U.S. states except VT, SD, ND, and NH"". New Hampshire is therefore excluded on this product only and is recorded in Ineligible States.
",,,,,,,,,,,,,,,,,,,,,,,,,,,,,,No published matrix — asset-driven hard money lender (see Flyer | Info Page),,,,source_extracted_not_human_verified
TrustBridge Capital,RentFlow (DSCR),dscr,Debt Service Coverage Ratio (DSCR),rec9D6NRM15k4W9iN,,2026-08-14,75000,4000000,,,,,,,0.75,80,,,,,,,80,80,20,85,80,Investment,1 Unit (SFR); 2 Units; 3-4 Units; Townhome; Condo (Warrantable); PUD; Mixed-Use (Primary Use - 51% Residential); Multi-Unit (5+),1 Unit (SFR); 2 Units; 3-4 Units; Townhome; Condo (Warrantable); PUD,Excluded from requested residential scope: Mixed-Use (Primary Use - 51% Residential); Multi-Unit (5+),Purchase; Refi (Rate Term); Refi (Cash Out),,,,,,,,,,,,,,,,,,,,,,,,,,,,🟢 Yes,,,,,No published matrix — asset-driven hard money lender (see Flyer | Info Page),,,,source_extracted_not_human_verified
Tuttle & Company,DSCR,dscr,Debt Service Coverage Ratio (DSCR),rec9qjdxzBi8QB6jI,2026-05-21,2026-05-24,400000,3000000,,,,,,,0.75,80,,,,,,,80,80,20,85,80,Investment,1 Unit (SFR); Condo (Warrantable); 2 Units; 3-4 Units; Multi-Unit (5+); Mixed-Use (Primary Use - 51% Residential),1 Unit (SFR); Condo (Warrantable); 2 Units; 3-4 Units,Excluded from requested residential scope: Multi-Unit (5+); Mixed-Use (Primary Use - 51% Residential),Purchase,,,,,,,,,,,,,,,,,,,,,,,,,,,,,,,,,https://www.tuttle-co.com/programs,,,,source_extracted_not_human_verified
Valere Financial,High Voltage Bank Statement,bank_statement,Bank Statements Loans,recHgYYCmUmccjdbS,2025-11-01,2026-08-01,100000,3000000,660,660,660,660,50,,,85,80,75,85,,,,85,85,15,85,80,Primary; 2nd Home; Investment,1 Unit (SFR); 2 Units; 3-4 Units; Condo (Warrantable); Condo (Non-Warrantable); Condotel; PUD; Townhome; Mixed-Use; Co-ops; Manufactured Homes,1 Unit (SFR); 2 Units; 3-4 Units; Condo (Warrantable); Condo (Non-Warrantable); Condotel; PUD; Townhome; Manufactured Homes,Excluded from requested residential scope: Mixed-Use; Co-ops,Purchase; Refi (Rate Term); Refi (Cash Out),,,,,,,,,,,,,,,,,,,,,,,,,,,Not Stated,,,,,,https://valerefinancial.com/wholesale/programs/high-voltage/bank-statement-plus-series/,,https://logos.mtg.broker/lender-matrices/recHgYYCmUmccjdbS.pdf?v=attDJbuHlgX3Isc0k,,source_extracted_not_human_verified
Valere Financial,High Voltage Investor Cash Flow,dscr,Debt Service Coverage Ratio (DSCR),rec9XNBmuR0nrlZTf,2025-11-01,2026-08-01,100000,2000000,680,,,680,,,1,80,75,70,,,,,80,80,20,85,80,Investment,1 Unit (SFR); 2 Units; 3-4 Units; Condo (Warrantable); Condo (Non-Warrantable); Condotel; PUD; Townhome; Mixed-Use; Co-ops; Manufactured Homes,1 Unit (SFR); 2 Units; 3-4 Units; Condo (Warrantable); Condo (Non-Warrantable); Condotel; PUD; Townhome; Manufactured Homes,Excluded from requested residential scope: Mixed-Use; Co-ops,Purchase; Refi (Rate Term); Refi (Cash Out),,,,,,,,,,,,,,,,,,,,,,,,,,,🔴 No,🟡 Yes (With Restrictions. See Guidelines),,,,,https://valerefinancial.com/wholesale/programs/high-voltage/investor-cash-flow-dscr-voltage-plus-series/,,https://logos.mtg.broker/lender-matrices/rec9XNBmuR0nrlZTf.pdf?v=attzqtBhjiAdIMao2,,source_extracted_not_human_verified
Valere Financial,Voltage Asset Qualifier,asset_depletion,Asset Depletion | Utilization,recg1HrL7steVbZoq,2026-03-02,2026-08-01,100000,3000000,620,,,,,,,90,85,80,,,,,90,90,10,85,80,Primary; 2nd Home; Investment,1 Unit (SFR); 2 Units; 3-4 Units; Condo (Warrantable); Condo (Non-Warrantable); Condotel; PUD; Townhome; Mixed-Use; Co-ops; Manufactured Homes,1 Unit (SFR); 2 Units; 3-4 Units; Condo (Warrantable); Condo (Non-Warrantable); Condotel; PUD; Townhome; Manufactured Homes,Excluded from requested residential scope: Mixed-Use; Co-ops,Purchase; Refi (Rate Term); Refi (Cash Out),,,,,,,,,,,,,,,,,,,,,,,,,,,🟡 Yes. With Restrictions (See Matrix),,,,,,https://valerefinancial.com/wholesale/programs/voltage/asset-qualifier/,,https://logos.mtg.broker/lender-matrices/recg1HrL7steVbZoq.pdf?v=attPkF49oNclb0Wzx,,source_extracted_not_human_verified
Valere Financial,Voltage Bank Statement,bank_statement,Bank Statements Loans,recxDOlQPukUATomT,2026-03-02,2026-08-01,100000,4000000,600,600,620,,50,,,90,85,80,90,,,,90,90,10,85,80,Primary; 2nd Home; Investment,1 Unit (SFR); 2 Units; 3-4 Units; Condo (Warrantable); Condo (Non-Warrantable); Condotel; PUD; Townhome; Mixed-Use; Co-ops; Manufactured Homes,1 Unit (SFR); 2 Units; 3-4 Units; Condo (Warrantable); Condo (Non-Warrantable); Condotel; PUD; Townhome; Manufactured Homes,Excluded from requested residential scope: Mixed-Use; Co-ops,Purchase; Refi (Rate Term); Refi (Cash Out),,,,🟢 Yes,,,,,,,,,,,,,,,,,,,,,,,🟡 Yes. With Restrictions (See Matrix),,🟢 Yes,,,,https://valerefinancial.com/wholesale/programs/voltage/bank-statement/,,https://logos.mtg.broker/lender-matrices/recxDOlQPukUATomT.pdf?v=atthhQA9TCedsDGzL,,source_extracted_not_human_verified
Valere Financial,Voltage Investor Cash Flow,dscr,Debt Service Coverage Ratio (DSCR),recbQ0BUROk9Pl2Gw,2026-03-02,2026-08-01,100000,3500000,620,,,,,,,85,80,75,,,,85,85,85,15,85,80,Investment,1 Unit (SFR); 2 Units; 3-4 Units; Condo (Warrantable); Condo (Non-Warrantable); Condotel; PUD; Townhome; Mixed-Use; Co-ops; Manufactured Homes,1 Unit (SFR); 2 Units; 3-4 Units; Condo (Warrantable); Condo (Non-Warrantable); Condotel; PUD; Townhome; Manufactured Homes,Excluded from requested residential scope: Mixed-Use; Co-ops,Purchase; Refi (Cash Out); Refi (Rate Term),,,,🟢 Yes,,,,,,,,,,,,,,,,,,,,,,,🔴 No,🟡 Yes (With Restrictions. See Guidelines),,,,,https://valerefinancial.com/wholesale/programs/voltage/investor-cash-flow-dscr/,,https://logos.mtg.broker/lender-matrices/recbQ0BUROk9Pl2Gw.pdf?v=attlWszg4C9XD5YfO,,source_extracted_not_human_verified
Valere Financial,Voltage P&L Only,pnl_only,P&L (Profit and Loss) Statement,recLSjQFZlDkMHEjF,2024-05-13,2026-08-01,100000,2000000,680,680,680,680,50,,,80,75,70,80,,,,80,80,20,85,80,Primary; 2nd Home; Investment,1 Unit (SFR); 2 Units; 3-4 Units; Condo (Warrantable); Condo (Non-Warrantable); Condotel; PUD; Townhome; Mixed-Use; Manufactured Homes,1 Unit (SFR); 2 Units; 3-4 Units; Condo (Warrantable); Condo (Non-Warrantable); Condotel; PUD; Townhome; Manufactured Homes,Excluded from requested residential scope: Mixed-Use,Purchase; Refi (Rate Term); Refi (Cash Out),,,,🔴 No,,,,,,,,,,,,,False,confirms_tax_filing_only,,,,,,,,,🟡 Yes - 70% LTV,,🟢 Yes,,,,https://valerefinancial.com/wholesale/programs/voltage/pl-only/,,https://logos.mtg.broker/lender-matrices/recLSjQFZlDkMHEjF.pdf?v=attCpI8wxwuXfWhD9,,source_extracted_not_human_verified
Visio Lending,Rental Property Loan,dscr,Debt Service Coverage Ratio (DSCR),rechR9JhrlZvOp0UE,,2026-05-19,75000,,680,,,,,,1,80,,,,,,,80,80,20,85,80,Investment,1 Unit (SFR); 2 Units; 3-4 Units; Condo (Warrantable),1 Unit (SFR); 2 Units; 3-4 Units; Condo (Warrantable),,Purchase,,,,,,,,,,,,,,,,,,,,,,,,,,,,,,,,,https://visio.my.site.com/partners/s/login/,,,,source_extracted_not_human_verified
Wholesale Mortgage Direct (WMD),Bank Statement,bank_statement,Bank Statements Loans,recKrjbcBqvVoMVtM,,,,4000000,620,,,,,,,85,,,,,,,85,85,15,85,80,Primary,1 Unit (SFR); Condo (Non-Warrantable); Condo (Warrantable),1 Unit (SFR); Condo (Non-Warrantable); Condo (Warrantable),,Purchase; Refi (Cash Out); Refi (Rate Term),,,,,,,,,,,,,,,,,,,,,,,,,,,,,,,,,https://wholesalemortgagedirect.encompasstpoconnect.com/,,,,source_extracted_not_human_verified
Wholesale Mortgage Direct (WMD),DSCR,dscr,Debt Service Coverage Ratio (DSCR),recBhNPOrPj9ZBHP6,2024-05-01,2026-05-19,150000,3000000,640,,,,,,,80,75,70,,,,75,80,80,20,85,80,Investment,1 Unit (SFR); 2 Units; 3-4 Units; Condo (Warrantable); Condotel; Mixed-Use (2-8 Units); Multi-Unit (5-10),1 Unit (SFR); 2 Units; 3-4 Units; Condo (Warrantable); Condotel,Excluded from requested residential scope: Mixed-Use (2-8 Units); Multi-Unit (5-10),Purchase; Refi (Cash Out); Refi (Rate Term),,,,,,,,,,,,,,,,,,,,30 Days,,,,,,,,,,🔴 No,,,https://wmd.mortgage/,,https://logos.mtg.broker/lender-matrices/recBhNPOrPj9ZBHP6.pdf?v=attCWFVdqfZY4m27V,https://logos.mtg.broker/lender-guidelines/recBhNPOrPj9ZBHP6.pdf?v=attf83x1b6Jxpco9K,source_extracted_not_human_verified
Wholesale Mortgage Direct (WMD),MyEQNow Digital HELOC,heloc,HELOC (Standalone),recFdDhCIhoEr9NVF,2025-04-28,,50000,500000,640,,,,50,,,,,,85,80,75,,85,85,15,85,80,Primary; Investment; 2nd Home,1 Unit (SFR); 2 Units; 3-4 Units; PUD; Townhome; Condo (Warrantable),1 Unit (SFR); 2 Units; 3-4 Units; PUD; Townhome; Condo (Warrantable),,Equity Loan,,,,,,,,,,,,,,,,,,,,,,,70% Initial Draw Required. $50K Minimum,,,6 Months for 1st Lien seasoning,,,,,,,https://myeqnow.com/,,https://logos.mtg.broker/lender-matrices/recFdDhCIhoEr9NVF.pdf?v=attXLICuMy9inWzU8,,source_extracted_not_human_verified
Wholesale Mortgage Direct (WMD),P&L Only,pnl_only,P&L (Profit and Loss) Statement,recpjjne5BR1j9XhN,,,,2500000,680,,,,,,,75,,,,,,,75,75,25,85,80,Primary,1 Unit (SFR),1 Unit (SFR),,Purchase,,,,,,,,,,,,,12,,,,False,confirms_tax_filing_only,,,,,,,,,,,,,,,https://wholesalemortgagedirect.encompasstpoconnect.com/,,,,source_extracted_not_human_verified
Windsor Mortgage,DSCR Plus,dscr,Debt Service Coverage Ratio (DSCR),rec8NqtQ4PyDPoK8A,2026-02-24,2026-08-05,125000,2000000,660,,,,,,,80,80,75,80,,,75,80,80,20,85,80,Investment,2 Units; 3-4 Units; Condo (Warrantable); Condo (Non-Warrantable); 1 Unit (SFR); PUD,2 Units; 3-4 Units; Condo (Warrantable); Condo (Non-Warrantable); 1 Unit (SFR); PUD,,Purchase; Refi (Cash Out); Refi (Rate Term),,,,,🔴 No,,,,,,,,,,,,,,,,,,,,,,Not Stated,,,🔴 No,"2-4 Units: Max 75% LTV. Warrantable Condos: Max 75% LTV. Non-Warrantable Condos: Max 75% LTV. Non-Permanent Resident Alien: Max 75% LTV/CLTV, No Cash-Out. Declining Markets: 5% LTV Reduction.
",,"https://www.windsormortgage.com/wholesale-lending/product-guides#:~:text=A%20Minus%20Matrix-,DSCR%20Plus%20Matrix,-USDA",,https://logos.mtg.broker/lender-matrices/rec8NqtQ4PyDPoK8A.pdf?v=atth63MAFrF0nVxOk,,source_extracted_not_human_verified
